parkName,stateAbbrev,stateName,type,totalDeferredMaintenance2019,nonTransportation2019,transportation2019,nonHistoric2019,historic2019,amphitheater2019,aviation2019,buildings2019,communicationsSystem2019,constructedWaterway2019,damLeveeDike2019,electricalSystem2019,fortification2019,fuelSystem2019,heatingCoolingSystems2019,interpretiveMedia2019,maintainedArcheologicalSite2019,maintainedLandscape2019,marinaWaterfrontSystem2019,missileSiloTower2019,monumentMemorial2019,parkingLot2019,pavedRoads2019,railroadSystem2019,roadBridge2019,roadTunnel2019,ship2019,solidWasteSystem2019,trails2019,trailBridge2019,trailTunnel2019,unpavedRoads2019,wasteWaterSystem2019,waterSystems2019,totalDeferredMaintenance2018,nonTransportation2018,transportation2018,nonHistoric2018,historic2018,amphitheater2018,aviation2018,buildings2018,communicationsSystem2018,constructedWaterway2018,damLeveeDike2018,electricalSystem2018,fortification2018,fuelSystem2018,heatingCoolingSystems2018,interpretiveMedia2018,maintainedArcheologicalSite2018,maintainedLandscape2018,marinaWaterfrontSystem2018,missileSiloTower2018,monumentMemorial2018,parkingLot2018,pavedRoads2018,railroadSystem2018,roadBridge2018,roadTunnel2018,ship2018,solidWasteSystem2018,trails2018,trailBridge2018,trailTunnel2018,unpavedRoads2018,wasteWaterSystem2018,waterSystems2018,totalDeferredMaintenance2017,nonTransportation2017,transportation2017,nonHistoric2017,historic2017,amphitheater2017,aviation2017,buildings2017,communicationsSystem2017,constructedWaterway2017,damLeveeDike2017,electricalSystem2017,fortification2017,fuelSystem2017,heatingCoolingSystems2017,interpretiveMedia2017,maintainedArcheologicalSite2017,maintainedLandscape2017,marinaWaterfrontSystem2017,missileSiloTower2017,monumentMemorial2017,parkingLot2017,pavedRoads2017,railroadSystem2017,roadBridge2017,roadTunnel2017,ship2017,solidWasteSystem2017,trails2017,trailBridge2017,trailTunnel2017,unpavedRoads2017,wasteWaterSystem2017,waterSystems2017,totalDeferredMaintenance2016,nonTransportation2016,transportation2016,nonHistoric2016,historic2016,amphitheater2016,aviation2016,buildings2016,communicationsSystem2016,constructedWaterway2016,damLeveeDike2016,electricalSystem2016,fortification2016,fuelSystem2016,heatingCoolingSystems2016,interpretiveMedia2016,maintainedArcheologicalSite2016,maintainedLandscape2016,marinaWaterfrontSystem2016,missileSiloTower2016,monumentMemorial2016,parkingLot2016,railroadSystem2016,roadBridge2016,roadTunnel2016,pavedRoads2016,ship2016,solidWasteSystem2016,trailBridge2016,trailTunnel2016,trails2016,unpavedRoads2016,wasteWaterSystem2016,waterSystems2016,totalDeferredMaintenance2015,nonTransportation2015,transportation2015,nonHistoric2015,historic2015,amphitheater2015,aviation2015,buildings2015,communicationsSystem2015,constructedWaterway2015,damLeveeDike2015,electricalSystem2015,fortification2015,fuelSystem2015,heatingCoolingSystems2015,interpretiveMedia2015,maintainedArcheologicalSite2015,maintainedLandscape2015,marinaWaterfrontSystem2015,missileSiloTower2015,monumentMemorial2015,parkingLot2015,railroadSystem2015,roadBridge2015,roadTunnel2015,pavedRoads2015,ship2015,solidWasteSystem2015,trailBridge2015,trailTunnel2015,trails2015,unpavedRoads2015,wasteWaterSystem2015,waterSystems2015
Acadia National Park,ME,Maine,park,92644120.86,50683690.12,41960430.74,49006059.96,43638060.9,687845.14,0,28207436.58,356148.47,0,48657.62,3198372.52,0,0,0,582720,0,1967242.86,958140.51,0,0,5968548.31,28515969.84,0,7475912.591,0,0,0,6057446.86,0,0,4789318.212,3387793.62,442567.73,65829758.16,41281375.43,24548382.73,28562831.1,37266927.06,687845.14,0,12389876.7,356148.47,0,48657.62,1139131.36,0,0,0,477805.62,0,2038752.48,1088844.8,0,0,3460215.2,16341899.26,0,4777542.378,0,0,0,9387016.66,0,0,10737793.2,2060397.79,837831.49,59858098.61,39998027.94,19860070.67,23734288.2,36123810.41,687845.14,0,10534988.22,356148.47,0,48657.62,1210053.94,0,0,0,117805.62,0,1841934.43,1692855.23,0,0,1915503.578,12416018.97,0,5528548.121,0,0,0,9763251.26,0,0,10903836.58,2002819.94,837831.49,71029340.7,39885100.55,31144240.15,28141981.2,42887359.5,12974,0,10516716.19,60105.62,0,48657.63,1210054.67,0,0,0,133779.11,0,2569448.16,1658462.76,0,0,4385592.923,0,5634540.657,0,21124106.57,0,0,0,0,9786676.56,11047574.38,2002819.98,837831.49,68250049.04,39246216.11,29003832.94,28627681.38,39622367.66,12974,0,9780670.82,32665.62,0,48657.63,1182811.36,0,0,0,196352.84,0,2451276.15,1092092.33,0,0,5532130.003,0,6570982.089,0,16900720.85,0,0,0,0,10131388.56,11383024.8,1937512.51,858321.49
Arches National Park,UT,Utah,park,11182712.19,3518250.49,7664461.704,11025576.09,157136.109,0,0,1536221.32,0,0,58419.56,94451.72,0,0,0,0,0,175413.3,0,0,0,1472774.616,6019337.637,0,172349.451,0,0,0,902810.32,0,0,606817.98,9139.87,90289.42,24399380.7,3558119.23,20841261.47,24286457.31,112923.389,0,0,1411124.69,0,0,0,149352.72,0,0,0,0,0,220056.69,0,0,0,1512631.452,18947157.55,0,381472.47,0,0,0,1125420.86,0,0,606817.98,9139.87,8144.42,25648543.32,4803767.072,20844776.25,25391096.74,257446.58,0,0,1174453.15,0,0,0,149352.72,0,0,0,0,0,282083.15,0,0,0,2177767.565,18407943.68,0,259065,0,0,0,1314634.08,0,0,1289809.832,100937.37,413652.97,24678597.64,4488702.188,20189895.45,24421151.06,257446.58,11476.92,0,910321.77,0,0,0,149352.72,0,0,0,0,0,172690.67,0,0,0,1929190.959,0,259065,0,18001639.49,0,0,0,0,1312294.01,1311290.748,102485,468008.55,19886458.94,3707958.618,16178500.32,19719197.8,167261.14,11476.92,0,628394.69,0,0,0,149352.72,0,0,0,0,0,138482.98,0,0,0,3069769.387,0,259065,0,12849665.94,0,0,0,0,1241961.4,1041067.458,4536.9,391438.75
Badlands National Park,SD,South Dakota,park,33811635.54,11139480.2,22672155.34,9155757.241,24655878.3,0,0,6887830.28,26926,0,27867.2,299264.7,0,145841.63,0,400456.29,0,1679507.97,0,0,116.04,2971077.408,19716172.69,0,0,0,0,0,623859.47,0,0,417860.2155,224467.9,202516.38,33453532.47,11708793.7,21744738.77,9930705.481,23522826.99,0,0,6387062.98,98926,0,6470.6,112168.34,0,145971.86,0,400456.29,0,766312.66,0,0,113.22,2811523.514,18947942.25,0,0,0,0,0,696676.76,0,0,983235.213,211163.76,202516.38,26514500.58,6489587.533,20024913.05,8688073.446,17826427.14,1095.03,0,2031247.1,22487,0,6470.6,0,0,0,0,172995.88,0,458797.36,0,0,0,2608771.29,17416141.76,0,0,0,0,0,298748.9,0,0,1050847.533,165428.6,425193.25,25869135.5,5999357.949,19869777.55,8002423.199,17866712.3,0,0,1516734.99,0,0,0,81184.5,0,8300,0,172611.52,0,395524.62,0,0,0,2122152.561,0,0,0,17747624.99,0,0,0,0,85112.46,1338447.159,317743.85,296441.82,17498477.9,6516368.776,10982109.13,5419248.724,12079229.18,0,0,1934381.1,0,0,0,0,0,6500,0,143576.73,0,183436.62,0,0,0,687872.5416,0,0,0,10294236.59,0,0,0,0,130749.92,2082516.926,197994.06,176557.38
Big Bend National Park,TX,Texas,park,124438101.9,50475358.43,73962743.49,115625409.8,8812692.167,47780.05,0,13734108.97,0,0,0,0,0,7749.37,0,380192.61,46944.38,1246386.44,0,0,0,3178724.918,65766069.92,0,5016315.15,1633.5,0,24612.7,1879420.75,0,0,1828990.733,1478034.44,29801137.99,89657789.94,21974344.62,67683445.32,82183936.75,7473853.185,47100.64,0,7632827.42,45100,0,0,0,0,94718.62,0,218119.63,37391.57,459120.6,0,0,0,2811042.522,59919794.15,0,4950975.15,1633.5,0,24612.7,2086971.36,0,0,1572303.96,2331457.93,7424620.19,100421335.3,20617222.42,79804112.9,95005994.95,5415340.369,7325.24,0,5052423.27,45100,0,0,0,0,106002.94,0,155638.12,0,845659.48,0,0,0,3361660.731,75626784.41,0,807500.259,8167.5,0,0,1938010.76,0,0,1955937.552,2458994.09,8052130.97,89480405.26,12985775.8,76494629.46,84268660.26,5211745.002,7325.24,0,4341782.19,0,0,0,0,0,174591.54,0,150869.81,0,862176.16,0,0,0,3312516.897,0,807500.259,8167.5,72366444.81,0,0,0,0,1487088.32,1972532.156,2516662.07,1472748.31,86815056.71,11430912.62,75384144.09,81857325.85,4957730.855,0,0,4071593.8,0,0,0,0,0,39460.06,0,118691.16,0,641473.06,0,0,0,4622304.788,0,807500.259,8167.5,69946171.54,0,0,0,0,1499907.33,1191994.907,2395043.99,1472748.31
Biscayne National Park,FL,Florida,park,1416475.091,353672.39,1062802.701,1416475.091,0,0,0,105221.36,0,0,0,50000,0,90401.76,0,0,0,79950,14621.05,0,0,534932.613,527870.088,0,0,0,0,0,0,0,0,0,0,13478.22,1480962.357,263469.12,1217493.237,1473726.647,7235.71,0,0,211727.71,0,0,0,0,0,0,0,0,0,30000,14264.44,0,0,393985.3527,823507.884,0,0,0,0,0,7476.97,0,0,0,0,0,12527745.55,10394509.46,2133236.09,6829434.45,5698311.1,0,0,6953719.49,167494.59,92057.74,0,401314.42,0,0,0,114201.72,0,219021.58,1217712.02,0,0,359155.6486,1774080.441,0,0,0,0,0,306948.24,119124.87,0,0,19522,205837.79,12069391,9974950.37,2094440.625,7038309.895,5031081.1,0,0,6320949.56,118538.3,26571.34,0,471710.42,0,205497.02,0,114201.72,0,203490.58,1252019.06,0,0,357661.953,0,0,0,1736778.672,0,0,108729.87,0,291890.64,0,0,283796.86,9849278.976,7447479.24,2401799.736,5734425.556,4114853.42,0,0,5079985.51,118538.3,26571.34,0,75000,0,195225.3,0,42701.72,0,15639.84,1246119.06,0,0,684596.0642,0,0,0,1717203.672,0,0,108729.87,0,278282.86,0,0,260685.44
Black Canyon of the Gunnison National Park,CO,Colorado,park,5031186.477,1770181.503,3261004.974,5010534.782,20651.6955,263887.46,0,799999.61,61000,0,0,22882.37,0,0,0,14529.6,0,151034.67,0,0,0,603705.6225,2657299.352,0,0,0,0,0,322004.88,0,0,84646.053,0,0,7790635.909,2179333.315,5611302.594,7762328.633,28307.2755,263887.46,0,962029,62000,0,0,22882.37,0,0,0,14529.6,0,181579.5,0,0,0,470412.8325,5141278.278,0,0,0,0,0,421176.72,0,0,159378.948,0,38591.31,6508999.12,1567208.708,4941790.412,6475134.475,33864.645,263887.46,0,465522.16,0,0,0,22882.37,0,0,0,0,0,67703.47,0,0,0,224347.914,4717442.498,0,0,0,0,0,446936.89,0,0,208795.158,0,38591.31,6745170.789,1523881.008,5221289.781,6712871.752,32299.0365,263887.46,0,402514.25,0,0,0,37928.92,0,0,0,6921.46,0,48330.59,0,0,0,418028.256,0,0,0,4803261.525,0,0,0,0,437254.28,168134.1975,0,38591.31,6514685.916,1264826.506,5249859.41,6443086.206,71599.71,263887.46,0,470513.2,0,0,0,37804.92,0,0,0,6921.46,0,2847.86,0,0,0,728000.2352,0,0,0,4521859.175,0,0,0,0,246592.66,206336.646,0,29922.3
Bryce Canyon National Park,UT,Utah,park,26376095.28,10251896.23,16124199.05,22981844.71,3394250.574,107684,0,4008125.43,16000,0,0,0,0,46169.35,0,0,0,1211819.22,0,0,0,5068548.486,11055650.57,0,0,0,0,0,2733761.27,0,0,0,428418.37,1276200.33,25787576.66,11896268.33,13891308.33,22540666.53,3246910.126,107684,0,4826368.83,16000,0,0,0,0,46169.35,0,0,0,1223344.82,0,0,0,3621203.726,10270104.6,0,0,0,0,0,2955331.83,0,0,0,973788.37,1323862.87,27126866.6,13552905.22,13573961.38,23958939.51,3167927.099,107684,0,5776659.75,16000,0,0,0,0,46169.35,0,0,0,1984893.18,0,0,0,4521275.334,9052686.05,0,0,0,0,0,2900129.44,0,0,0,973788.37,1323862.87,27478962.82,12420493.55,15058469.27,25119156.18,2359806.645,0,0,7431534.63,16000,0,0,0,0,5039.04,0,0,0,1778713.66,0,0,0,4490367.868,0,0,0,10568101.4,0,0,0,0,1483746.14,0,556542,654579.99,37111153.43,16863925.69,20247227.74,34965390.39,2145763.04,13295.44,0,8196454.86,0,0,0,0,0,5039.04,0,0,0,2053270.98,0,0,0,5279468.108,0,0,0,14967759.63,0,0,0,0,1274783.38,94149.3065,3026899.88,1635075
Canyonlands National Park,UT,Utah,park,24187570.5,7034066.633,17153503.87,22843253.67,1344316.832,0,0,1868065.65,0,0,0,304693.68,0,230700.44,0,0,19293.2,789554.44,0,0,0,1214859.452,15962630.34,0,252423,0,0,0,1692705.55,0,0,1187001.81,383244.01,183602.73,21005442.92,6595430.073,14410012.85,19785814.43,1219628.497,0,0,1788837.92,0,0,0,304693.68,0,230700.44,0,0,19293.2,687795.04,0,0,0,1064614.348,13390189.28,0,231618.15,0,0,0,1621192.77,0,0,1000865.16,383244.01,183602.73,40671343.95,7639721.788,33031622.16,39275072.5,1396271.444,7496.9,0,2380649.08,395230.42,0,0,419779.78,0,179024.55,0,0,74182.6,771307.38,0,0,0,2222860.88,30578534.98,0,230226.3,0,0,0,1581475.11,0,0,1137227.928,386800.16,233359.48,45179990.5,7683729.448,37496261.06,43701899.67,1478090.831,7496.9,0,2172308.6,395230.42,0,0,419779.78,0,146521.03,0,0,120413.8,1037305.88,0,0,0,2502699.147,0,220941,0,34772620.91,0,0,0,0,1510146.76,1465436.988,210111.56,152189.33,43144249.82,6138284.67,37005965.15,41789333.09,1354916.731,7496.9,0,1733950.34,395230.42,0,0,386779.78,0,71216.97,0,0,120413.8,793127.77,0,0,0,2573132.935,0,220941,0,34211891.22,0,0,0,0,1331590.41,1143918.78,2370.17,152189.33
Capitol Reef National Park,UT,Utah,park,11415258.95,3648918.594,7766340.359,4517932.749,6897326.204,41531.02,0,937848.26,86563,0,0,0,0,0,0,438750,0,830609.05,0,0,0,1248297.777,6533098.281,0,27641.25,0,0,0,481112.42,0,0,226973.1645,511935.93,50898.8,8977333.906,3841523.677,5135810.23,4563364.979,4413968.927,39429.04,0,855368.95,86563,0,0,0,0,0,0,439135.24,0,786182.51,0,0,0,1238491.274,3938598.405,0,1417.5,0,0,0,634534.9,0,0,248135.157,511935.93,98701.2,8379815.685,3954116.195,4425699.49,3832851.508,4546964.177,0,0,996768.97,86563,0,0,0,0,0,0,444635.24,0,786182.51,0,0,0,543998.1566,3880283.833,0,1417.5,0,0,0,618545.11,0,0,203504.1948,461693.93,257382.44,7738003.734,3521856.521,4216147.213,3400038.531,4337965.203,0,0,1067039.36,86562,0,0,0,0,0,0,202310.64,0,692174.96,0,0,0,546251.7629,0,1417.5,0,3668477.95,0,0,0,0,404764.99,199817.901,386151.93,384193.94,3836949.19,2955341.61,881607.5802,3231191.98,605757.21,0,0,1045313.87,14809.49,0,0,0,0,0,0,236812.24,0,339140.03,0,0,0,617444.316,0,1417.5,0,262745.7642,0,0,0,0,341169.95,217169.37,7557.93,699657.73
Carlsbad Caverns National Park,NM,New Mexico,park,39708808.36,37112103.92,2596704.44,34805758.01,4903050.356,45329.82,0,23142311.69,274734.98,710162.06,0,3216102.35,0,374570.86,0,378898.8,0,346643.22,0,0,0,1052913.26,1544098.64,0,0,0,0,0,2265790.24,0,0,1286140.194,3651756.96,1372636.75,39868411.65,38562224.01,1306187.64,37514705.03,2353706.621,18126,0,22173610.39,268328.37,553782.59,0,8216028.64,0,327987.61,0,378898.8,0,36872.6,0,0,0,810066.261,496421.379,0,0,0,0,0,2197203.06,0,0,1622913.84,1824488.21,943683.9,46819347.65,43936930.25,2882417.4,44351526.26,2467821.394,12150,0,27814752.92,268328.37,0,0,8216028.64,0,327987.61,0,314358,0,551793.18,0,0,0,859617.279,2022800.121,0,0,0,0,0,2068925.72,0,0,1594433.7,1824488.21,943683.9,44044498.95,43474484.52,570014.4285,41689629.57,2354869.38,12150,0,28210302.07,211764,0,0,8216028.64,0,277987.61,0,487038,0,551793.18,0,0,0,197733.177,0,0,0,372281.2515,0,0,0,0,1404375.65,1594433.7,1078677.77,1429933.9,44411003.07,41989238.75,2421764.317,41698570.29,2712432.78,0,0,25788351.84,251764,0,0,8277006.96,0,234587.61,0,172680,0,550593.18,0,0,0,416482.119,0,0,0,2005282.198,0,0,0,0,2014826.91,2169533.7,1099960.65,1429933.9
Channel Islands National Park,CA,California,park,11908599.55,11720671.28,187928.2673,7176098.734,4732500.812,0,81314.14,5482381.02,0,0,0,410286.98,0,56892.13,0,764637,0,366405.01,2587179.46,0,0,187928.2673,0,0,0,0,0,0,996528.26,0,0,134283.8385,53084.76,787678.68,11268023.62,11082346.51,185677.11,6534492.727,4733530.892,0,81314.14,5975889.81,0,0,0,473636.92,0,56892.13,0,567216,0,338953.01,1712369.3,0,0,185677.11,0,0,0,0,0,0,1141058.95,0,0,116003.4885,34084.76,584928,13692363.82,13554460.3,137903.526,8770106.303,4922257.522,0,81314.14,5748716.68,0,0,0,601666.8,0,56892.13,0,217216,0,271453.01,4838608.42,0,67906.66,137903.526,0,0,0,0,0,0,1003576.87,0,0,116003.4885,34084.76,517021.34,13453019.38,13315370.11,137649.267,10159197.58,3293821.792,0,75232.54,5743627.65,0,0,0,601517.24,0,56560.94,0,217216,0,336290.95,4557812.95,0,67906.66,137649.267,0,0,0,0,0,0,0,0,919624.07,116340.9885,34084.76,589155.36,16702721.73,16578392.8,124328.93,13498638.01,3204083.72,0,1416,6309439.34,0,0,0,575457.24,0,34560.94,0,0,0,336290.95,7786480.54,0,67906.66,124328.93,0,0,0,0,0,0,0,0,919624.07,50411.187,0,496805.87
Congaree National Park,SC,South Carolina,park,8031958.955,6952069.655,1079889.3,7951625.018,80333.937,0,0,1221459.06,0,0,0,0,0,0,0,208000,0,76985.8,0,0,0,840293.1495,588917.8305,0,0,0,0,0,4166835.3,0,0,509493.105,0,349150,6832408.034,5734959.041,1097448.993,6754108.034,78300,0,0,966571.07,55061.6,0,0,0,0,0,0,208000,0,63985.8,0,0,0,836479.5097,610291.1633,0,0,0,0,0,3249815.58,11083.19,0,482892.111,0,12000,3803872.649,2730284.86,1073587.789,3799040.448,4832.2008,0,0,511971.07,55061.6,0,0,0,0,0,0,208000,0,52485.8,0,0,0,552877.3033,520710.4856,0,0,0,0,0,1068459.58,11083.19,0,474995.61,0,12000,3907896.207,2887411.47,1020484.737,3907896.207,0,0,0,255849.47,50000,0,0,0,0,0,0,208000,0,49955,0,0,0,507083.2335,0,0,0,513401.5035,0,0,10250,0,1223111.3,587239.2,0,12000,4270067.851,3174810.868,1095256.983,4248102.661,21965.19,0,0,302187.61,50000,0,0,0,0,0,0,208000,0,44955,0,0,0,585993.5048,0,0,0,509263.4786,0,0,36115.19,0,1929893.09,591659.9775,0,12000
Crater Lake National Park,OR,Oregon,park,142814506.5,35719107.94,107095398.6,122005950.3,20808556.26,92555.01,0,12218711.54,126050,0,0,1240736.63,0,0,0,0,0,443927.44,6741385.76,0,0,6339356.786,100705542.8,0,231185.88,0,0,0,13278767.5,0,0,374819.643,608971,412496.55,100440129,22327169.97,78112959.05,86342239.4,14097889.61,92555.01,0,12714319.62,408350,0,0,0,0,0,0,0,0,930499.91,676756.5,0,0,6644460.836,71417999.19,0,231185.88,0,0,0,6873137.78,0,0,392307.4755,0,58556.81,94080987.97,21244144.38,72836843.6,80274447.47,13806540.51,0,0,11624416.83,408350,0,0,0,0,0,0,0,0,789463.51,676756.5,0,0,5961695.27,66658420.95,0,216727.38,0,0,0,7294293.25,0,0,392307.4755,0,58556.81,85318818.13,18265325.19,67053492.94,72946091.73,12372726.4,0,0,9015570.35,408350,0,0,0,0,0,0,462095,0,568247.21,577612.3,0,0,6621207.881,0,184234.5,0,60248050.56,0,0,0,0,6902554.27,272339.253,0,58556.81,83979593.58,11463280.37,72516313.2,76887377.19,7092216.39,0,0,8376476.73,59040,0,0,0,0,0,0,462095,0,621119.23,2672.67,0,0,8102210.871,0,1330182,0,63083920.33,0,0,0,0,1627428.81,246804.0435,0,67643.89
Cuyahoga Valley National Park,OH,Ohio,park,55967201.28,50025794.17,5941407.119,34961410.54,21005790.75,0,0,33510616.19,0,89000,54052.81,115236.48,0,0,0,482000,0,747678.11,0,0,0,4501371.674,1163031.858,4362632.35,675533.25,0,0,0,5769364.95,2730151.41,0,93820.572,1369815.07,302896.56,51863771.46,45843427.75,6020343.711,31790138.52,20073632.94,0,0,29977004.2,205975,89000,52734.44,115236.48,0,0,0,467452,0,703390.5,0,0,0,4196286.085,1747562.256,5357132.08,638266.5,0,0,0,3476048.31,3071151.41,0,93820.572,1369815.07,302896.56,45813356.39,40287878.5,5525477.9,29330773.27,16482583.13,0,0,27673515.32,205975,89000,52734.44,115236.48,0,0,0,467452,0,599868.86,0,0,0,3476446.064,1596602.57,4747888.22,452429.2665,0,0,0,2503566.3,2633974.53,0,110292.705,785478.08,302896.56,44387747.34,39114350.64,5273396.702,28143824.83,16243922.51,0,0,27504192.45,205975,89000,260357.29,115236.48,0,0,0,470175,0,504217.27,0,0,0,4071694.364,3713790.08,504441,0,697261.338,0,0,3396474.53,0,2344532.15,56892.942,175642.21,277865.24,40824920.07,33966247.26,6858672.811,26629325.66,14195594.41,0,0,22260759.36,74036.96,89000,0,145906.73,0,0,0,1262710,0,294076.7,0,0,0,5415117.641,4999732.36,504441,0,939114.1693,0,0,2975289.02,0,1563831.96,17516.169,283388,0
Death Valley National Park,Total,Total,park,153205891.6,51570869.27,101635022.3,125566717.3,27639174.33,0,0,13491521.51,176268.24,39131.83,0,64769.69,0,33496.68,0,190761.84,2637961.39,3815800.89,0,0,337058.13,9007517.79,92630746.46,0,0,0,0,0,629567.3,0,0,965481.849,16707284.96,12478523.04,128869756.3,30024479.4,98845276.86,101234848.9,27634907.36,0,0,12487966.44,176268.24,39131.83,0,0,0,32679.68,0,108546.08,1951429.99,3531518.03,0,0,380047.17,11421603.95,87426914.83,0,0,0,0,0,177556.08,0,0,550264.8195,3744413.97,6150081.78,139335915.2,25539305.75,113796609.4,115955028.7,23380886.5,0,0,11364129.82,176268.24,0,0,0,0,0,0,110815.08,2075866.81,3167602.31,0,0,380047.17,11108110.69,102688498.7,0,0,0,0,0,177556.08,0,0,550099.539,3233873.29,3611714.04,140121726.3,19987884.71,120133841.6,121696374.9,18425351.36,0,0,9297092.31,176268.24,0,0,0,0,0,0,42796.63,0,2127705.88,0,0,388221.23,9382019.846,0,0,0,110751821.7,0,0,0,0,154778.88,540647.001,3808424.4,3372904.05,0,0,0,0,0,0,0,0,0,0,0,0,0,0,0,0,0,0,0,0,0,0,0,0,0,0,0,0,0,0,0,0,0,0
Denali National Park and Preserve,AK,Alaska,park,61373701.94,22696841.47,38676860.46,26964664.61,34409037.32,1650,0,7674539.07,802000,0,0,145358.35,0,55203.51,0,607167.9,0,167204.37,0,0,0,4171385.871,26955400.32,0,7550181.45,0,0,0,1009014.24,0,0,9253677.735,1972256.67,1008662.45,51784799.83,21506503.18,30278296.65,25339100.33,26445699.5,0,186288,7232358.85,43218,0,0,360168.69,0,50381.04,0,331895.53,0,134204.37,0,0,0,5360998.865,17499395.26,0,7418009.7,0,0,0,1044492.8,0,0,10968471.52,448641.32,706275.88,54733275.37,30410789.16,24322486.21,20046696.07,34686579.3,0,299266.74,6026722.05,43218,0,0,450168.69,0,50381.95,0,240624,0,150257.93,0,0,0,4931822.889,16936228.32,0,2454435,0,0,0,1354221.1,0,0,20650714.14,440447.68,704766.88,50336451.13,25745492.35,24590958.78,17775767.06,32560684.06,0,299266.74,4402976.29,0,0,0,413725.23,0,49328.37,0,0,0,57000,0,0,0,4905531.531,0,2454435,0,17230992.25,0,0,0,0,1217912.56,18601904.38,0,703378.78,52628328.74,25813332.44,26814996.3,25085167.19,27543161.56,0,299266.74,2635936.28,65972,0,0,384843.24,0,49328.37,1902449.99,0,0,410266.6,0,0,0,6705765.751,0,2999463.75,0,17109766.8,0,0,0,1906639.02,901376.9,13564381.66,1435707.24,2257164.4
Dry Tortugas National Park,FL,Florida,park,30937411.36,30890161.36,47250,4083955.83,26853455.53,0,0,8890746.36,75000,0,0,345776.06,18591596.03,126350.88,0,81562.5,943358.3,60424.67,1487842.23,0,0,0,0,0,47250,0,0,0,0,0,0,0,20354.67,267149.66,62868146.95,62820896.95,47250,4309922.2,58558224.75,0,0,9716047.11,0,0,0,324434.28,49054603.53,126350.88,0,81562.5,1196287.3,142229.59,1890987.75,0,0,0,0,0,47250,0,0,0,0,0,0,0,27815.53,260578.48,60259376.99,60212126.99,47250,4447727.74,55811649.25,0,0,8648069.55,0,0,0,218055.18,48403180.53,126350.88,0,81562.5,425297,142229.59,1878987.75,0,0,0,0,0,47250,0,0,0,0,0,0,0,27815.53,260578.48,58828779.16,58781529.16,47250,4475655.56,54353123.6,0,0,7918135.32,53300,0,0,218055.18,47748511.04,126350.88,0,81562.5,427179,131649.5,1788686.67,0,0,0,0,47250,0,0,0,0,0,0,0,0,27520.59,260578.48,56336687.99,56289437.99,47250,3246438.72,53090249.27,0,0,5529380.7,53300,0,0,218055.18,47733921.78,181734.89,0,81562.5,420929,88257.52,1820909.51,0,0,0,0,47250,0,0,0,0,0,0,0,0,7958.09,153428.82
Everglades National Park,FL,Florida,park,88648654.49,32463940.44,56184714.05,75582589.1,13066065.39,139671.11,0,15168199.78,60633.39,151497.89,5899000,0,811497.84,0,0,162070,0,446881.39,4905177.98,0,0,8274110.31,47370603.74,0,540000,0,0,0,818628.4,82492.9,0,28140.75,1479386.46,2310662.55,74724664.25,30536106.68,44188557.57,66077039.02,8647625.239,152850.37,0,12989302.82,173230.37,151497.89,5796830,0,811497.84,0,0,200520,0,446832.81,6445955.94,0,0,6510377.498,37138180.08,0,540000,0,0,0,1756944.84,82492.9,0,28140.75,838673.6,661336.55,90906801.86,44634228.28,46272573.58,80927028.11,9979773.754,152850.37,0,18460471.53,602205.37,151497.89,5833137.81,0,811497.84,0,0,116770,0,495361.01,13654276.01,0,0,6182791.03,39519635.44,0,570147.1065,0,0,0,2628406.05,82492.9,0,36045.2295,947879.72,661336.55,78190173.58,27747824.53,50442349.05,72644375.83,5545797.746,152850.37,0,13658781.31,650854.61,4326.85,35570.74,0,811497.84,46985,0,116770,0,383842.24,6602686.42,0,0,12174575.21,0,1240110,0,37027663.84,0,0,0,0,2764622.22,36045.2295,214185.93,582654.29,78218847.68,24602840.9,53616006.78,73717322.9,4501524.784,152850.37,0,11349209.17,650854.61,5063.91,35570.74,0,811497.84,46985,0,246536.15,0,353013.43,7129293.51,0,0,6409538.433,0,38272.5,0,47168195.85,0,0,0,0,1295809.99,7904.4795,216600.93,615499.29
Gates of the Arctic National Park and Preserve,AK,Alaska,park,919268.86,919268.86,0,919268.86,0,0,0,824522.39,0,0,0,0,0,0,0,0,0,9490.05,0,0,0,0,0,0,0,0,0,0,0,0,0,0,0,85256.42,922236.1,922236.1,0,922236.1,0,0,0,825126,0,0,0,0,0,0,0,0,0,9490.05,0,0,0,0,0,0,0,0,0,0,0,0,0,0,0,87620.05,944371.77,944371.77,0,944371.77,0,0,0,932518.09,0,0,0,0,0,0,0,0,0,9490.05,0,0,0,0,0,0,0,0,0,0,0,0,0,0,0,2363.63,832622.57,832622.57,0,832622.57,0,0,0,790781.13,0,0,0,0,0,29987.76,0,0,0,9490.05,0,0,0,0,0,0,0,0,0,0,0,0,0,0,0,2363.63,928026.61,928026.61,0,928026.61,0,0,0,915956.34,0,0,0,0,0,0,0,0,0,9706.64,0,0,0,0,0,0,0,0,0,0,0,0,0,0,0,2363.63
Glacier Bay National Park & Preserve,AK,Alaska,park,17664216.87,11680774.53,5983442.343,15901266.47,1762950.4,0,0,8007165.73,0,0,0,0,0,271101.55,0,0,0,324550,524724.31,0,0,1221772.656,5023481.464,0,0,0,0,0,1456264.64,0,0,460193.8725,117674.8,257287.85,13009732.15,7427189.3,5582542.855,11982628.75,1027103.4,0,0,4028812.6,0,0,0,0,0,271101.55,0,0,0,0,434367.51,0,0,1033451.604,4810903.029,0,0,0,0,0,1473260.63,0,0,460193.8725,222937.3,274704.06,9442527.78,6919901.243,2522626.538,8949993,492534.78,0,0,3801595.87,0,0,0,0,0,189753.15,0,0,0,0,476629.4,0,0,702647.649,1819978.889,0,0,0,0,0,1481037.59,0,0,460193.8725,222937.3,287754.06,13716151.55,8737348.622,4978802.93,13015274.81,700876.74,0,1550,5338523.51,0,0,0,7108.42,0,120588.94,0,0,0,11910,412726.2,0,0,998042.1885,0,0,0,3980760.741,0,0,0,0,2047722.1,238351.8015,222597.3,336270.35,11310667.61,5480171.912,5830495.695,10784094.55,526573.06,0,0,3966413.89,0,0,0,7108.42,0,85087.34,0,0,0,0,243089.15,0,0,1081185.011,0,0,0,4749310.684,0,0,0,0,488224.51,238351.8015,104922.5,346974.3
Glacier National Park,MT,Montana,park,179273366.5,48706392.48,130566974.1,77326901.34,101946465.2,39885.3,0,19346744.18,3277613.6,0,0,661797.52,0,92046.02,0,406049.96,70140.09,2902793.94,290106.11,0,0,13739467.71,106873610,0,6873190.943,3290868,0,0,8110465.18,460040.33,0,1364774.265,7122953.53,4075865.65,131189893.6,56571217.59,74618675.98,77940016.44,53249877.14,39885.3,0,25933138.09,3494248.6,0,0,705211.91,0,171079.67,0,255101.44,110921.47,2916625.65,273607.86,0,0,12995608.94,51570925.2,0,6975276.836,3290868,0,0,9908164.51,616553.75,0,1027274.265,5756031.75,4874416.14,153838276,66565711.32,87272564.64,71861742.61,81976533.34,16635.3,0,37402035.63,3419248.6,0,0,705211.91,0,163079.67,0,233350,123251.79,2999395.83,247678.62,0,0,11522413.97,69524906.66,0,4404040.011,1821204,0,0,9287165.52,596553.75,0,1215788.886,5973636.47,4019014.34,148262903.2,57430765.87,90832137.37,61241979.6,87020923.64,16635.3,0,31545499.61,1165888.6,0,0,705211.91,0,73278.67,0,83310.52,123251.79,3280153.74,151333.91,0,0,8106019.799,0,5870431.422,1821204,75034482.15,0,0,589899.71,0,8237949.55,613145.511,6524873.79,4156668.26,179807896.8,56253634.71,123554262.1,71199172.88,108608724,26472.45,0,31763266.96,180847,0,0,129215.35,0,213208.37,0,37310.92,128394.14,3538194.95,650597.2,0,0,13270542.94,0,7709901.435,2269060.452,100304757.3,0,0,589899.71,0,11236597.42,96592.353,3836956.1,3784209.95
Grand Canyon National Park,AZ,Arizona,park,314444838.6,216500396.7,97944441.95,249049709.6,65395129.03,133204.82,0,30997677.76,6687426.98,0,0,2730983.08,0,325544,0,1341874.87,585305.06,369093.69,0,0,47388.29,19097814.43,78846627.51,0,0,0,0,395213.95,13171759.42,48713.46,0,433569.2805,33369779.89,125862862.2,313866912.6,209862324,104004588.5,255105278,58761634.58,120686.92,5303.84,25595940.09,4337575.81,0,0,3513033.74,0,345790.64,0,868656.82,599573.82,1517889.09,0,0,47388.29,17137149.37,86914807.11,0,0,0,0,236747.95,17796907.23,850499.29,0,3052209.51,30294247.5,120632505.6,329437053.8,223057396,106379657.8,259159884.9,70277168.82,0,5303.84,27944882.64,4109536.6,0,0,1980547.59,0,345790.64,0,862021.83,779120.82,2042456.47,0,0,47388.29,16415196.08,89964461.7,0,0,0,0,124458.95,28859159.4,948258.63,0,3277693.094,31067068.1,119663337.5,353354523.8,233435731.8,119918792,291570320.5,61784203.34,0,5303.84,30782972.67,3524347.08,0,0,7377978.02,0,345790.64,0,399375,779120.82,2130470.83,0,0,909666.72,14125819.35,0,0,0,105792972.7,0,16308.95,947535.83,0,29873482.92,3209136.048,31750867.86,120383003,371589415.2,263813857.1,107775558.1,326179679.9,45409735.28,0,0,22786126.69,0,0,0,6751200.39,0,163055.2,0,399375,779120.82,11068079.23,0,0,909666.72,13424667.86,0,0,0,94350890.28,0,19236.82,801785.83,0,33334357.99,3023130.01,24513740.51,158264610.2
Grand Teton National Park,WY,Wyoming,park,166881527.1,64295697.24,102585829.9,139848144.1,27033383.05,1020443.18,0,19046202,627203,27184.46,252000,0,0,150000,0,433965.81,0,1762561.28,400348.47,0,66822.42,14469648.38,85058469.44,0,3685009.95,0,0,0,12657596.7,177876.4,0,2858990.553,15484966.2,8702238.88,181005620.9,90777461.53,90228159.36,140962449.9,40043170.95,1025735.61,0,31602752.99,165165,27184.46,0,2299.47,0,150000,0,433965.81,0,2605098.56,799827.26,0,0,14720928.92,72964052.22,0,3192043.95,0,0,0,16756842.19,178177.38,0,2323460.484,19822991.93,14235094.66,178630524.7,91924240.79,86706283.92,139817740.8,38812783.93,5292.43,0,32947664.24,165165,109887.5,0,2299.47,0,235615,0,1104960.7,0,2729305.81,799827.26,0,0,12766180.77,69533338.65,0,4406764.5,0,0,0,16340364.15,178177.38,0,1411809.804,20127246.87,15766625.18,190800484.5,99800229.68,91000254.79,147393119.6,43407364.89,5292.43,0,42008218.32,17962,127271.56,0,62241.47,0,85615,0,1101809.36,0,2863383.27,801705.26,0,0,18283372.99,0,4309686,0,68407195.8,0,0,749060.26,0,16554291.96,1099094.873,19586971.42,14737312.5,207816744.3,102287020.1,105529724.1,181585672.9,26231071.38,5292.43,0,43129735.06,0,115203.69,0,62241.47,0,0,0,1101809.36,0,2853162.74,801705.26,0,0,18641505.24,0,4244967,0,82643251.89,0,0,610500.26,0,15474302.22,616596.03,21307749,16208722.6
Great Basin National Park,NV,Nevada,park,17867376.71,6209235.984,11658140.73,17122459.01,744917.703,0,0,738300.03,0,0,0,0,0,0,0,0,0,1048119.07,0,0,0,1002369.238,10695827.85,0,0,0,0,0,2609201.52,0,0,708044.2605,0,1065514.74,14925849.45,6666639.858,8259209.591,14080125.01,845724.435,0,0,1523852.48,0,0,0,167121.04,0,0,0,0,0,785819.47,0,0,0,951653.637,7347612.317,0,0,0,0,0,2613029.78,0,0,747683.055,557703.78,231373.89,17450741.12,9321349.102,8129392.019,16086961.06,1363780.056,0,0,3152172.1,0,0,0,167121.04,0,0,0,0,0,1139882.53,0,0,0,885154.0583,7244237.961,0,0,0,0,0,2390552.16,0,0,1345775.432,818434.32,307411.52,16945076.24,8699188.953,8245887.291,15660293.37,1284782.876,0,0,3130030.95,0,0,0,167121.04,0,0,0,0,0,1003375.46,0,0,0,721872.7852,0,0,0,7524014.506,0,0,0,0,2076964.09,1195851.573,818434.32,307411.52,16942598.92,8613945.417,8328653.499,15657982.86,1284616.057,0,0,3096030.95,0,0,0,167121.04,0,0,0,0,0,952234.74,0,0,0,867081.1007,0,0,0,7461572.399,0,0,0,0,2076964.09,1195748.757,818434.32,307411.52
Great Smoky Mountains National Park,Total,Total,park,202014159.4,46312576.27,155701583.1,131300559.6,70713599.76,83000,0,16116067.18,2242383.35,82131.33,0,0,0,398062.87,0,51691,0,5143581.95,0,0,22992,9776236.127,105078305.7,0,30657495.59,10199034,0,0,7382575.02,332776.77,0,1817803.188,5975199.3,6654823.97,235895972.7,53851080.45,182044892.3,165706901.4,70189071.34,93976.3,0,13755806.8,2239864,129528.12,0,0,0,390466.18,0,54285.98,0,5327434.75,0,0,25634.73,9011591.415,140131290.4,0,28759181.03,4380210,0,0,16295528.18,93046.3,0,4053551.418,5388269.66,5766307.49,215451902.1,52940651.72,162511250.4,191404462.1,24047440.04,10976.3,0,17200265.35,1159254,138462.12,0,0,0,135870.57,0,54285.98,0,2324629.79,0,35854.22,25634.73,8251150.836,128291907.1,0,23009222.33,2958970.149,0,0,16149958.55,93046.3,0,4351938.104,5601970.82,5658504.89,211192042,63872000.22,147320041.8,183086811.2,28105230.84,10976.3,0,25099987.09,253000,135109.72,0,0,0,134980.62,0,54091,0,3108204.57,0,42085.72,25634.73,8068499.519,0,22108495.56,2958970.149,114184076.6,0,0,93046.3,0,18687403.79,4472556.156,5550981.22,6203943,232283727.4,57216665.52,175067061.8,193873523.5,38410203.83,10976.3,0,17848357.27,52000,135109.72,0,0,0,134980.62,0,33678,0,3587511.74,0,42085.72,45142.73,8763905.292,0,31915827.9,2958970.149,131428358.5,0,0,93046.3,0,17407007.89,4920752.444,5662069.46,7243947.33
Guadalupe Mountains National Park,TX,Texas,park,7940150.057,3913680.287,4026469.77,6542146.38,1398003.678,0,0,2169163.12,98438.41,0,0,0,0,24534.96,0,10123.2,53379.71,275960.3,0,0,0,631485.0585,3394984.712,0,0,0,0,0,266837.8,0,0,240454.467,249471.21,525317.11,5865024.421,3352957.3,2512067.121,5232915.801,632108.62,0,0,1395215.02,96555.92,0,0,0,0,24534.96,0,22770.57,23553.4,234493.26,0,0,0,601288.1775,1910778.944,0,0,0,0,0,281270.13,0,0,576697.0095,249471.21,448395.82,6411208.105,2793934.27,3617273.835,5802652.885,608555.22,0,0,1049372.42,96555.92,0,0,0,0,24534.96,0,22770.57,22181.06,111814.64,0,0,0,609332.2875,3007941.548,0,0,0,0,0,206770.13,0,0,576697.0095,249471.21,433766.35,5503664.412,1820197.62,3683466.792,5428005.472,75658.94,0,0,688263.71,93405.49,0,0,0,0,24534.96,0,12647.37,0,83722.19,0,0,0,619656.8985,0,0,0,3063809.894,0,0,0,0,206770.13,118558.35,249471.21,342824.21,5533476.34,2055745.47,3477730.87,5457817.4,75658.94,0,0,651638.96,93405.49,0,0,0,0,24534.96,0,12647.37,0,108153.68,0,0,0,438684.3155,0,0,0,3039046.554,0,0,0,0,213574.11,118558.35,249471.21,583761.34
Haleakala National Park,HI,Hawaii,park,26014699.23,11378619.44,14636079.79,11698450.2,14316249.03,0,0,2225159.31,114101.08,0,0,24000,0,100000,0,156066.96,149400,95000,0,0,16521.3,2298166.561,11979569.23,0,358344,0,0,29054.9,3545457.08,0,0,0,138858.32,3088351.23,24382236.31,12234065.06,12148171.25,9852287.653,14529948.66,0,0,3078789.82,177004.08,0,0,24000,0,100000,0,69326.56,0,114938.97,0,0,25000,660868.3488,11235608.9,0,251694,0,0,5529.5,3171835.63,0,0,0,185991.98,3337518.13,21107901.62,10638854.56,10469047.06,7736613.057,13371288.56,0,0,4158839.1,177004.08,0,0,24000,0,100000,0,43486.56,0,114938.97,0,0,25000,539736.2543,9724542.801,0,204768,0,0,5529.5,2017846.48,0,0,0,185991.98,3337518.13,22384766.31,6534030.6,15850735.71,6262694.677,16122071.63,0,0,1510202.99,177004.08,0,0,73291,0,120931.93,0,55498.12,0,114300,0,0,25000,524834.6535,0,204768,0,15121133.06,0,5529.5,0,0,2341427.58,0,173481.6,1501063.8,22331454.2,7046923.71,15284530.49,6816234.518,15515219.69,0,0,2154722.16,7507.08,0,0,80780.62,0,27500,0,65989.04,0,114300,0,0,25000,248882.2816,0,23463,0,15012185.21,0,0,0,0,2418272.77,0,199988.14,1516563.9
Hawaii Volcanoes National Park,HI,Hawaii,park,107336432.9,42539057.77,64797375.12,65391779.39,41944653.49,0,57086,14623409.92,56976.52,0,0,354976.97,0,0,0,1256172.6,129462.06,594457.49,0,0,0,6532129.756,58265245.36,0,0,0,0,0,5444355.51,583754.38,0,2428337.219,0,9706311.89,92735494.03,35035954.99,57699539.04,52496590,40238904.03,0,57086,12912657.22,56976.52,0,0,113568.59,0,0,0,550547.74,129462.06,620785.63,0,0,0,1974975.92,55724563.12,0,0,0,0,0,3642579.53,0,0,1105543.08,19358.23,7668787.43,85545253.57,33114388.01,52430865.56,44890496.33,40654757.25,0,57086,14804335.52,56976.52,0,0,113568.59,0,0,0,544847.74,92620.47,583856.73,0,0,0,1875133.745,50555731.82,0,0,0,0,0,2849254.52,0,0,1105543.08,19358.23,5562338.69,76214949.36,29234558.08,46980391.28,38736595.75,37478353.61,0,46950,12312090.49,56976.52,0,0,106068.59,0,0,0,246931.49,92239.76,559714.38,0,0,0,1802014.371,0,0,0,45178376.91,0,0,0,0,2969201.89,1105543.08,19358.23,5294271.67,78932237.43,29530413.27,49401824.16,42350948.42,36581289.01,0,46950,13302648.63,56976.52,0,0,106068.59,0,0,0,201559.49,21258.07,355621.86,0,0,0,1831215.434,0,0,0,47570608.73,0,0,0,0,1974926.71,1277706.461,19358.23,6450694.39
Hot Springs National Park,AR,Arkansas,park,14158542.95,8616484.64,5542058.313,2681448.893,11477094.06,73414.72,0,4095891.64,0,0,0,0,0,0,0,885742,0,987101.03,0,0,80091.43,731263.0995,4810795.214,0,0,0,0,0,1438060.51,0,0,0,0,1029509.91,14939420.44,9301093.06,5638327.38,2385793.12,12553627.32,73414.72,0,4246497.22,0,0,0,0,0,0,0,770382,0,1192745.91,0,0,80091.43,783131.9895,4855195.391,0,0,0,0,0,1528069.36,0,0,0,0,1388638.62,12360491.16,8990616.75,3369874.415,2669088.886,9691402.279,73414.72,0,3768180.73,0,27295.04,0,0,0,0,0,1083776.5,0,1234892.7,0,0,291981.43,606347.613,2763526.802,0,0,0,0,0,1546367.1,0,0,0,0,943454.73,19960757.51,8853324.26,11107433.25,2305190.548,17655566.96,118094.87,0,2939927.36,0,527295.03,840000,0,0,0,0,527500,0,1071444.23,0,0,65144.15,745084.3725,0,0,0,10362348.87,0,0,0,0,1431785.33,0,0,1310879.49,19595323.08,13119666.74,6475656.338,5227580.968,14367742.11,65598.69,0,7683236.68,0,527295.03,840000,0,0,0,0,527500,0,1192907.38,0,0,0,586295.1628,0,0,0,5889361.175,0,0,0,0,1410858.49,0,0,851016.67
Indiana Dunes National Park,IN,Indiana,park,28333844.98,23285102.61,5048742.366,20058669.26,8275175.713,40196.63,0,18172347.81,0,0,0,379243.54,0,0,0,0,0,2140717.28,0,0,4392.81,2244668.539,3040658.163,0,35343,0,0,0,1789951.5,15776.45,0,43794.243,3685.43,405920.22,27797754.55,20814953.11,6982801.439,22398322.54,5399432.013,39216.23,0,15718873.07,0,0,0,307506.32,0,0,0,0,0,1958096.31,0,0,79948.72,2515440.785,4681583.393,0,35343,0,0,0,1950020.79,88200.06,0,14040.243,3653.58,388682.69,26556235.84,20328657.72,6227578.121,15192477.02,11363758.82,39216.23,0,15458725.16,0,0,0,307659.24,0,0,0,0,0,1759763.32,0,0,79948.72,2402241.8,3787399.472,0,37936.8495,0,0,0,2433749.77,88200.06,0,24343.7805,21616.84,72962.13,25394949.83,22571286.27,2823663.564,11559428.45,13835521.38,0,0,18513225.31,18889.09,0,0,168541.53,0,0,0,0,0,1507538.97,0,0,79885.17,888375.735,0,35343,0,1899944.829,0,0,122785.45,0,1961229.13,47468.8755,44905.15,81494.48,27110696.64,20392430.8,6718265.841,12755652.67,14355043.97,0,0,17708921.64,18889.09,0,0,168541.53,0,0,0,0,0,1114313.69,0,0,75663.05,2392023.121,0,36146.25,0,4290096.47,0,0,110897.28,0,1052402.83,51652.809,44905.15,46243.73
Isle Royale National Park,MI,Michigan,park,12514386.59,12020913.09,493473.5027,12056446.25,457940.34,0,0,5798297.76,0,0,0,1042263.21,0,0,0,0,0,701014.24,2701003.71,0,0,493473.5027,0,0,0,0,0,0,1322864.27,0,0,0,434189.9,21280,17881876.68,17416842.05,465034.6315,14849891.65,3031985.03,0,0,10147267.63,39800,0,0,825791.77,0,146831.08,0,0,0,1031274.62,3016999.03,0,0,465034.6315,0,0,0,0,0,0,1718527.55,0,0,0,420557.68,69792.69,17676294.17,17252182.05,424112.1242,14680019.49,2996274.68,0,0,10449323.52,39800,0,0,161328.79,0,581370.82,0,0,0,722814.32,3073362.49,0,0,424112.1242,0,0,0,0,0,0,1723338.9,0,0,0,431050.52,69792.69,14877294.24,14693968.14,183326.0985,11310672.54,3566621.7,0,0,8138037.79,39800,0,0,653691,0,1163522.2,0,0,0,531717.26,1840233.11,0,0,183326.0985,0,0,0,0,0,0,0,0,2074012.48,0,183161.61,69792.69,15470123.56,15233482.67,236640.8912,11902563.79,3567559.77,0,0,7861129.78,39800,0,0,638389.92,0,1259042.1,0,0,0,671956.56,2112476.01,0,0,236640.8912,0,0,0,0,0,0,0,0,2256162.64,0,330334.82,64190.84
Gateway Arch National Park,Total,Total,park,31260655.9,30171919.15,1088736.755,2218067.675,29042588.23,0,0,26948350.19,610491.96,0,0,0,0,0,0,0,0,2613077,0,0,0,1088736.755,0,0,0,0,0,0,0,0,0,0,0,0,24551305.93,23288812.17,1262493.756,2332706.886,22218599.04,0,0,19184009.62,498201.98,0,0,0,0,0,0,0,0,3606600.57,0,0,0,1262493.756,0,0,0,0,0,0,0,0,0,0,0,0,24446749.24,23154486.69,1292262.552,1845566.462,22601182.78,0,0,17887010.55,537134.1,0,0,0,0,0,0,0,0,4730342.04,0,0,0,1292262.552,0,0,0,0,0,0,0,0,0,0,0,0,25846163.66,25310860.01,535303.647,1395047.977,24451115.68,0,0,19542897.33,445133.3,0,0,0,0,0,0,16973,0,5305856.38,0,0,0,535303.647,0,0,0,0,0,0,0,0,0,0,0,0,0,0,0,0,0,0,0,0,0,0,0,0,0,0,0,0,0,0,0,0,0,0,0,0,0,0,0,0,0,0,0,0,0,0
Joshua Tree National Park,CA,California,park,44380237.93,19592053.94,24788183.99,41363018.54,3017219.388,0,0,4828494.79,77858.67,0,16838,65463,0,0,0,515020.54,1184587.2,3374368.09,0,0,0,1362665.511,23844334.38,0,0,0,0,0,2630513.81,0,0,6109152.273,0,370941.67,65923906.77,18487405.86,47436500.92,64111110.81,1812795.961,98824.15,0,3522824.14,84050.95,0,0,1177498,0,0,0,593102.54,973025.46,2920104.15,0,0,0,4018422.506,43656031.26,0,0,0,0,0,3460922.17,0,0,4030102.256,0,1142238.59,46796158.68,14237829.53,32558329.15,45563035.84,1233122.84,98824.15,0,2683161.27,69550.95,0,0,761101,0,0,0,73340.68,1022059.86,2687872.16,0,0,0,3395115.443,29163213.71,0,0,0,0,0,3020780.66,0,0,3522172.896,0,211684.1,35494526.33,12793300.84,22701225.5,34521599.57,972926.763,98824.15,0,2505114.26,76496.45,0,0,730887.4,0,0,0,73340.68,773588.7,2259167.83,0,0,0,3377644.434,0,0,0,19323581.06,0,0,0,0,3680719.67,2373435.797,0,176684.1,60715374.49,12499253.86,48216120.62,59989600.33,725774.156,98824.15,0,2778523,100747.32,0,29632.98,749929.8,0,0,0,73340.68,561753.26,2185910.95,0,0,0,2462125.098,0,0,0,45753995.52,0,0,0,0,3410665.65,2305919.165,0,158965.11
Katmai National Park and Preserve,AK,Alaska,park,7872323.5,7872323.5,0,5432625.89,2439697.61,0,0,3724302.38,600000,0,0,245808.42,0,66871.62,0,73926.68,0,314920.68,21869.37,0,0,0,0,0,0,0,0,0,497864.59,81094.84,0,2199034.48,27119.92,19510.52,9910310.224,9910310.224,0,9471717.804,438592.42,0,0,3954198.45,400348.15,0,0,107908.91,0,66871.62,48337.63,73926.68,0,341159.75,53150.41,0,0,31268.247,0,0,0,0,0,0,550680.98,1345970.01,0,2464418.917,358435.01,113635.46,9138087.8,9100511.624,37576.176,8789345.61,348742.19,0,0,3479539.6,0,0,0,4953.69,0,38361.81,48337.63,73926.68,0,226624.54,305089.7,0,0,37576.176,0,0,0,0,0,0,685257.49,1296171.06,0,2354264.304,493860.18,94124.94,9292783.938,9255207.762,37576.176,8866349.108,426434.83,0,0,3603207.74,0,0,0,4953.69,0,21409,48337.63,73741.06,1976.03,215408.75,282180.69,0,0,37576.176,0,0,0,0,0,0,1264875.17,0,976442.04,2344390.782,329710.35,88574.83,12003876.46,11770698.79,233177.6675,11197446.41,806430.05,0,0,4974296.22,0,0,0,40246.35,0,22009,48337.63,116482.19,1976.03,189659.71,472474.5,0,0,233177.6675,0,0,0,0,0,0,1264875.17,0,976438.24,3111421.788,364626.1,187855.86
Kenai Fjords National Park,AK,Alaska,park,1742049.046,1742049.046,0,1472049.046,270000,0,0,515237.44,571000,0,0,0,0,0,0,0,270000,1265.8,0,0,0,40570.816,0,0,0,0,0,0,343974.99,0,0,0,0,0,1678524.496,1678524.496,0,1408524.496,270000,0,0,789461.16,0,0,0,0,0,0,0,305237.84,270000,1265.8,0,0,0,40014.226,0,0,0,0,0,0,232974.99,0,0,0,0,39570.48,1756716.512,1590688.49,166028.022,1756716.512,0,0,0,975804.16,0,0,0,0,0,16501.5,0,308919.44,0,1265.8,0,0,0,14828.022,0,0,151200,0,0,0,279147.59,0,0,0,0,9050,2445318.885,1357592.74,1087726.145,2445318.885,0,0,0,882784.49,0,0,0,0,0,16865.65,0,307316.6,0,1266.04,0,0,0,294409.2015,0,237384,0,555932.943,0,0,0,0,149359.96,0,0,0,4148151.11,2003206.98,2144944.13,4148151.11,0,0,0,1492888.89,0,0,0,0,0,16865.65,0,345326.68,0,1265.8,0,0,0,369084.0227,0,237384,0,1538476.107,0,0,0,0,146859.96,0,0,0
Lake Clark National Park and Preserve,AK,Alaska,park,3331116.84,3331116.84,0,3238261.64,92855.2,0,0,2371858.31,283000,0,0,0,0,0,0,50979.44,0,211587.95,0,0,0,0,0,0,0,0,0,0,105140.79,0,0,105949.5,202600.85,0,1882239.692,1882239.692,0,1665069.922,217169.77,0,0,1051207.49,0,0,0,0,0,18852.42,0,50979.44,0,52099.92,0,0,0,0,0,0,0,0,0,0,335433,0,0,173566.572,200100.85,0,1444822.512,1444822.512,0,1368385.512,76437,0,0,575949.59,0,0,0,0,0,17114.98,0,50979.44,0,52099.92,0,0,0,0,0,0,0,0,0,0,368313,0,0,180264.732,200100.85,0,2100013.482,2100013.482,0,1943296.932,156716.55,0,0,923932.03,0,0,0,0,0,233914.76,0,50979.44,0,16160.14,0,0,0,0,0,0,0,0,0,0,0,0,444272.2,180264.732,200100.85,50389.33,1584185.312,1584185.312,0,1427468.762,156716.55,0,0,884718.73,0,0,0,0,0,14298.17,0,0,0,0,0,0,0,0,0,0,0,0,0,0,0,0,360363,74315.232,200100.85,50389.33
Lassen Volcanic National Park,CA,California,park,41384974.72,14016886.9,27368087.82,18683995.89,22700978.83,6610.95,0,5036496.95,678115.98,0,153641.24,498599.87,0,808504.65,0,199738.86,0,706007.17,0,0,0,4378534.029,22363963.79,0,625590,0,0,0,3065354.79,9635.12,0,144768.6,909649.95,1799762.77,33426800.71,13434658.8,19992141.91,16191512.27,17235288.44,2586.45,0,4959299.59,1168457.33,0,153641.24,392515.27,0,196749.16,0,199738.86,0,986820.39,0,0,0,4181499.081,15185052.83,0,625590,0,0,0,2798285.13,11451.32,0,47388.375,702474.98,1815250.7,22448749.77,12051058.23,10397691.54,14083685.89,8365063.877,2586.45,0,4525470.41,1166047.53,0,216073.56,392515.27,0,116965.21,0,25938,0,980453.83,0,0,0,3446100.099,6155102.237,0,796489.2,0,0,0,2621928.63,11451.32,0,47385,702474.98,1241768.04,21446177.99,12176773.66,9269404.331,14280158.69,7166019.298,569,0,4332057.6,601513.29,0,216073.56,525197.25,0,74810.89,0,72196,0,1110519.11,0,0,0,2683745.582,0,811890.54,0,5773768.209,0,0,11451.32,0,2991488.58,47385,615814.78,1577697.28,23818372.55,13755429.41,10062943.14,16392407.07,7425965.477,163494,0,4282092.47,98288.09,0,216073.56,211848.45,0,2295.5,0,72196,0,1100546.25,0,0,0,2981172.714,0,1022085,0,6059685.421,0,0,11451.32,0,3632437.15,282452.9705,1507181.81,2175071.84
Mammoth Cave National Park,KY,Kentucky,park,118411234.8,71974107.35,46437127.47,116193475.7,2217759.16,281.2,0,11776276.31,0,0,0,953254.31,0,70208.19,0,50789.1,0,16269579.46,457634.62,0,100225.15,6349438.395,40187625.13,0,165240,0,0,0,27636064.85,650106.25,0,340079.094,5649577.38,7545605.38,92411480.74,63907064.73,28504416.01,90106056.63,2305424.11,588.52,0,14951768.5,45298.15,0,0,922698,0,489.04,0,46104.84,0,4725058.28,144235.72,0,174061.57,4826007.675,23778344.39,0,165240,0,0,0,36442198.98,0,0,482808.33,5450995.94,46332.8,78043316.12,56006877.36,22036438.76,75732136.8,2311179.32,588.52,0,14724993.92,45298.15,0,0,433624,0,489.04,0,46104.84,0,3455707.76,144235.72,0,190333.9,4560948.689,17306599.36,0,168890.7105,0,0,0,35677136.06,0,0,143413.011,908619.64,46332.8,94505148.76,65002425.1,29502723.66,92193706.79,2311441.97,588.86,0,14334527.34,45298.15,0,0,433624,0,489.04,0,46104.84,0,3517016.95,312205.72,0,272628.89,4504756.464,0,173823.678,0,24824143.52,0,0,0,0,44878934.94,143413.011,759560.7,16347.8,82111316.82,58015116.17,24096200.65,79999874.85,2111441.97,588.86,0,14151766.52,45298.15,0,0,433624,0,489.04,0,45289.5,0,1938126.22,312205.72,0,272628.89,2993566.464,0,900123.678,0,20202510.51,0,0,0,0,39326627.29,143413.011,1092677.71,10696.4
Mesa Verde National Park,CO,Colorado,park,68345103.5,26145633.72,42199469.79,43822725.4,24522378.1,458163.72,0,7733801.08,0,0,0,0,0,112879.9,52690.51,776909,4109069.22,987990.56,0,0,0,5545289.849,33325833.28,0,170239.563,3205599.3,0,0,1688834.87,0,0,162083.5515,1497435.47,7878193.9,76307054.68,41263993.2,35043061.48,47517443.78,28789610.91,593260.73,0,11514390.46,162875.45,0,0,0,0,49379.13,261442.06,695783,9730851.05,1932283.17,0,0,0,5353179.165,26421235.71,0,166087.3815,3205599.3,0,0,4086524.85,0,0,1077581.367,1855404.3,8561087.83,70749005.37,39986274.99,30762730.38,46080039.61,24668965.76,693013.13,0,9942750.09,365372.57,0,0,0,0,49379.13,261442.06,662409,9390301.55,2328598.36,0,5808.57,0,4969563.948,22421479.75,0,166087.3815,3205599.3,0,82717.86,3941029.05,0,0,1161411.251,1855404.3,8606548.34,65733321.27,36828448.17,28904873.1,38532949.14,27200372.13,264855.7,0,9377997.95,353135.12,0,0,0,0,47112.84,307619.22,109205,8593423.75,2270928.14,0,5808.57,0,2898791.037,0,166087.3815,3205599.3,22634395.38,0,108665.56,0,0,3859690.91,1168489.328,1889164.33,7847102.88,56939227.4,31466149.98,25473077.42,34736460.78,22202766.62,264855.7,0,8529835.38,255297.12,0,0,0,0,47112.84,307619.22,73600,6436149.8,1838973.77,0,5808.57,0,2218020.53,0,166087.3815,3205599.3,19883370.21,0,108665.56,0,0,3760749.62,1177464.128,1585784.56,6448984.84
Mount Rainier National Park,WA,Washington,park,208753022.5,75815887.03,132937135.4,65015599.58,143737422.9,205087.46,0,22364228.7,2712952.12,0,7002.8,4812956.6,0,0,0,468150.71,0,5865237.04,0,0,23959,7879717.35,102265170.6,0,22127303.94,664943.5665,0,15005.4,18762384.51,117944.4,0,1955312.919,15752667.66,2752997.71,186278439.8,68823335.44,117455104.3,58155992.3,128122447.5,132388.16,0,22446736.47,83177.12,0,7002.8,1395116.76,0,0,0,983256.47,0,4597643.23,0,0,40339.36,6998298.318,98161697.83,0,11701055.93,594052.245,0,7975.53,10978485.01,243944.4,0,1706734.26,21007870.11,5192665.76,175819974.9,40748053.09,135071921.8,38893719.14,136926255.8,168328.11,0,13602025.21,83177.12,0,7002.8,1145449.38,0,0,0,914720.34,0,4421003.85,0,0,40339.36,8212054.199,117083234.8,0,9276973.16,499659.651,0,7975.53,10395926.86,161553.2,0,1612818.419,3329110.41,4858622.5,152128455.2,46915069.78,105213385.4,49543099.51,102585355.7,90195.15,0,13081065.65,57507.12,0,7002.8,9781268.04,0,0,0,918749.04,0,4061651.29,0,0,57144.68,8237150.01,0,16592073.75,975159,79409002.64,0,65341.2,42963.05,0,10009756.16,1279968.08,3127511.39,4334946.13,285391146.2,63505707.77,221885438.4,63718289.49,221672856.7,137877.43,0,24175220.83,57507.12,0,0,11482693.36,0,0,0,889133.84,0,6944597.43,0,0,48566.04,8924612.581,0,16945763.22,1095174,194919888.6,0,65341.2,42963.05,0,10884197.39,1572020.796,3111913.81,4093675.47
National Park of American Samoa,AS,American Samoa,park,1656843.706,1458042.706,198801,1656843.706,0,0,0,108002.83,0,0,0,0,58000,0,0,24669.04,8345.6,0,0,0,0,0,198801,0,0,0,0,0,406287.95,0,0,768172.086,0,0,1353626.016,1154826.366,198799.65,1353626.016,0,0,0,108002.83,0,0,0,0,58000,0,0,24669.04,8345.6,0,0,0,0,0,198799.65,0,0,0,0,0,469940.86,0,0,401302.836,0,0,956927.516,758127.866,198799.65,956927.516,0,0,0,108002.83,0,0,0,0,58000,0,0,24669.04,8345.6,0,0,0,0,0,198799.65,0,0,0,0,0,157807.56,0,0,401302.836,0,0,819076.8285,755183.34,63893.4885,819076.8285,0,0,0,122631.4,0,0,0,0,58000,0,0,22269.04,42770,0,0,0,0,0,0,0,0,63893.4885,0,0,0,0,212352.9,297160,0,0,922729.8685,858836.38,63893.4885,922729.8685,0,0,0,118811.4,0,0,0,0,58000,0,0,19919.04,40770,0,0,0,0,0,0,0,0,63893.4885,0,0,0,0,211352.9,409983.04,0,0
New River Gorge National River,WV,West Virginia,park,17816393.21,12109037.61,5707355.598,14624854.79,3191538.42,0,0,4776911.03,0,0,0,0,0,0,0,1014775,226304.04,1350502.32,39360.82,0,0,2371725.86,2667248.68,0,1002190.536,0,0,0,2123993.25,239447.34,0,1805148.982,96512.17,32273.18,21079427.55,17084872.78,3994554.765,17267339.31,3812088.24,2291043.17,0,6222403.6,0,0,0,0,0,0,0,1719166.27,225383.73,1843575.66,41080.82,0,0,2125944.572,1183269.287,0,1019150.384,0,0,0,1918951.24,309297.16,0,1938807.933,102082.78,69270.94,21318668.18,16890171.75,4428496.427,17943775.33,3374892.85,2291043.17,0,5785208.21,0,0,0,0,0,0,0,1719166.27,113365.92,1784211.18,41080.82,0,0,2153301.206,1155333.731,0,1119861.491,0,0,0,1918951.24,309297.16,0,2686494.062,102082.78,69270.94,22295247.76,18007979.62,4287268.143,19858320.22,2436927.54,2291043.17,0,7407606.2,0,0,0,0,0,0,0,2090754.07,113365.92,1486941.6,41080.82,0,0,2096725.19,0,1119861.491,0,1070681.463,0,0,244582.8,0,1547344.82,2543906.499,102082.78,69270.94,17839450.59,13778930.72,4060519.87,14952438.89,2887011.7,2291043.17,0,5703500.63,0,0,0,0,0,0,0,0,0,1333277.83,41080.82,0,0,2026692.156,0,864158.49,0,1169669.224,0,0,143293.84,0,1486731.66,2538649.051,102082.78,69270.94
North Cascades National Park,WA,Washington,park,24807949.83,15134903.87,9673045.964,23231508.04,1576441.79,0,0,3612054.55,35000,0,0,0,0,539458.98,0,552806,9566,1229358.19,2319133.66,0,0,2242429.488,6885300.001,0,551554.6905,0,0,0,3002255.44,446815.3,0,358949.3805,1915640.3,1107627.85,22526305.14,14141542.78,8384762.358,19734984.46,2791320.679,0,0,4626797.36,0,0,0,0,0,39458.98,0,25972,51240.41,1645673.62,2800229.18,0,0,2431348.58,4328736.498,0,1727475.35,0,0,0,3332601.08,73951,0,345683.909,75410.5,1021726.67,18826842.19,11808311.83,7018530.361,16007299.92,2819542.269,26411.58,0,4431519.96,0,0,0,0,0,39458.98,0,25972,51240.41,1397443.51,1658040.98,0,0,2223385.954,3756108.834,0,1039035.573,0,0,0,3285455.93,73951,0,382240.5061,75410.5,361166.47,26273465.56,17267577.87,9005887.693,23770748.76,2502716.802,26411.58,0,4496903.79,0,0,0,31882.12,0,39458.98,0,0,51240.41,981048.61,788559.84,0,173598.61,2413056.745,0,1145069.852,0,5447761.097,0,0,64070.04,0,3652494.42,6407919.436,118749.51,435240.52,21840957.41,16802264.45,5038692.958,20643778.17,1197179.235,26411.58,0,3265874.21,0,0,0,38258.62,0,27260.98,0,0,94542.55,1056929.91,1232938.05,0,197542.01,1518695.752,0,998314.74,0,2521682.466,0,0,87875.64,0,4019809.65,6475615.537,84590.87,194614.84
Olympic National Park,WA,Washington,park,122829260,48146995.45,74682264.53,119745182.6,3084077.41,372006.27,0,16854500.19,351750,0,0,636066.91,0,242653.96,0,898094.42,0,1446356.01,3723812.37,0,0,1379614.74,70318867.57,0,2961444.375,68850,0,0,7118474.02,1138443.87,0,2413055.434,10312413.87,2592855.98,126501263,41213370.57,85287892.42,122519255.2,3982007.78,368192.45,0,16889813.43,620220,0,0,512661.25,0,171048.81,0,837779.7,0,2059858.29,398197.26,0,0,1879064.627,78322579.99,0,5038679.075,92947.5,0,0,6885892.18,1209160.68,0,3785273.984,4742904.44,2686989.33,120719515.4,31979813.71,88739701.66,116857410.2,3862105.19,371270.42,0,11078311.67,495900,0,0,267320.14,0,215199.75,0,791250,0,1587140.38,113147.27,0,0,1838525.495,82825610.54,0,4036381.875,39183.75,0,0,6327794.56,1092855.93,0,3801153.386,2903679.01,2934791.19,152227793.5,36918161.26,115309632.3,146564934.6,5662858.89,419452.77,0,12689664.08,320900,0,0,61189.77,0,188324.79,0,2603609.09,0,4966199.42,282524.34,0,0,5700456.046,0,3746811.236,317862.333,105544502.6,0,0,968950.99,0,7078136.82,3679554.899,2208231.36,1451422.93,139821329.5,33005395.2,106815934.3,135195829.7,4625499.81,548756.83,0,10627422.49,196000,0,0,61189.77,0,188324.79,0,2603609.09,0,4803474.42,282524.34,0,0,3418911.271,0,4051417.5,317862.333,99027743.15,0,0,777153.23,0,5474417.78,3756966.573,2208231.36,1477324.53
Petrified Forest National Park,AZ,Arizona,park,68245961.48,33710138.89,34535822.59,42498604.07,25747357.41,0,0,23112914.28,25774.2,0,0,371910.17,0,0,0,205707.77,508803.78,3146086.43,0,0,0,2260138.208,27639498.29,0,4686675.296,0,0,0,1512935.99,0,0,81905.175,1553936.02,1873382.84,47989929.19,17525673.33,30464255.86,37952611.56,10037317.63,0,0,8718169.94,25774.2,0,0,371910.17,0,3835.55,0,224947.77,378178.09,1193922.85,0,0,0,1957101.397,25957973.87,0,2599669.796,0,0,0,1512893.65,0,0,81905.175,1128100.11,2467850.61,43991502.19,14541208.26,29450293.93,34570865.83,9420636.362,0,0,8211322.62,0,0,0,371910.17,0,43699.79,0,38880,573391.09,812103.57,0,0,0,2252500.475,24539565.15,0,2658228.3,0,0,0,695306.57,0,0,98919.144,1128100.11,1753884.76,46888756.21,12537278.44,34351477.77,38203890.09,8684866.125,0,0,7316554.62,0,0,0,359904.31,0,80409.59,0,24700,174713,205845.77,0,0,0,3471016.631,0,2209801.5,0,28670659.64,0,0,0,0,660557.32,0,895150.02,2267282.61,55692239.77,14526208.73,41166031.04,47073809.58,8618430.194,0,0,8018635.35,0,0,0,359904.31,0,57993.1,0,19240,174713,89373.72,0,0,0,2540630.47,0,2318161.248,0,36307239.32,0,0,0,0,1021656.97,169220.152,450939.73,3301601.91
Pinnacles National Park,CA,California,park,19360187.31,5315072.568,14045114.75,9063414.444,10296772.87,10932.36,0,3585531.98,0,0,22753.5,15225.81,0,0,0,0,0,403943.02,0,0,0,1561341.002,12741650.53,0,12979.575,0,0,0,441043.64,0,0,158155.329,270000,0,10648600.84,4671495.48,5977105.358,6334009.142,4314591.696,0,0,1725135.87,75000,0,22753.5,15225.81,0,0,0,0,0,127116,0,0,0,1543046.598,4690561.46,0,12663,0,0,0,573986.5,0,0,129000,1598591,0,9431253.076,4103143.455,5328109.621,5251570.066,4179683.01,0,0,1370648.46,75000,0,22753.5,15225.81,0,0,0,0,0,77600,0,0,0,1016296.983,4295531.638,0,16281,0,0,0,664087.54,0,0,183716.0451,1558591,0,9815737.468,4581609.909,5234127.56,5585958.6,4229778.868,0,0,1472196.34,75000,0,8000,15000,0,0,0,0,0,174266,0,0,0,1031077.223,0,16281,0,4186769.336,0,0,0,0,773096.44,213089.2485,1558591,204800.4,10172434.68,5275926.478,4896508.204,5657557.879,4514876.803,0,0,1244630.13,75000,0,8000,0,0,0,0,0,0,174266,0,0,0,475102.4325,0,16281,0,4405124.772,0,0,0,0,763519.87,1159548.598,1558591,204800.4
Redwood National Park,CA,California,park,24748883.71,14098230.03,10650653.69,21880799.55,2868084.162,0,0,4504519.88,78859.93,0,0,120306.98,0,0,0,20747.4,0,364499.86,0,0,81556.57,1017593.523,4588703.312,0,5076366.512,0,0,0,2467938.07,56561.04,0,6083375.467,48601.77,239253.4,23635118.53,13401439.36,10233679.17,20511693.12,3123425.412,0,0,3633171.37,78859.93,0,0,0,0,0,0,20747.4,0,413152.18,0,0,81556.57,2670343.524,5397618.462,0,2388352.5,0,0,0,2223552.72,17116,0,6280175.406,48601.77,239253.4,21965285.26,13703319.44,8261965.827,18698041.1,3267244.169,0,0,4051989.76,78859.93,0,0,0,0,0,0,20747.4,0,404577.51,0,0,81556.57,2493428.423,4291434.905,0,1477102.5,0,0,0,2218209.51,17116,0,6386521.887,48601.77,252521.8,28144419.35,20449944.9,7694474.459,23380651.57,4763767.784,0,0,4126785.54,78859.93,0,0,0,0,0,0,46241.45,0,270932.54,0,0,81556.57,2430693.428,0,2278125,0,2985656.031,0,0,0,0,3305847.2,12177533.9,48601.77,26191.06,28913882.86,20472677.95,8441204.909,24315616.58,4598266.276,0,0,4449506.27,78859.93,0,0,0,0,0,0,46241.45,0,224268.65,0,0,81556.57,2237094.138,0,2278125,0,3925985.771,0,0,0,0,3210485.09,12007499.23,73942.99,12922.83
Rocky Mountain National Park,CO,Colorado,park,78044936.38,44988542.74,33056393.64,53365332.62,24679603.76,1146951.24,0,13108989.95,75066.3,4691.31,0,279321.71,0,383023.32,0,237771.76,0,3326124.46,0,0,0,5877605.912,25491051.67,0,1704242.066,0,0,0,13019515.24,148124.57,0,2175614.505,3658534.71,7221060.79,84100769.64,52984196.04,31116573.6,54562856.37,29537913.27,1046842.73,0,14267874.16,75066.3,4691.31,325000,301237.94,0,383023.32,0,179921.84,0,3120374.31,0,0,0,4908179.583,24500721.31,0,1819164.582,0,0,0,18217864.78,148124.57,0,3767097.788,2682717.61,8165620.64,84234244.62,53027864.12,31206380.5,56275439.27,27958805.35,935538.33,0,12670331.06,457000,4691.31,475000.87,301237.94,0,0,0,179921.84,0,2470262.93,0,0,0,4306359.017,25179375.52,0,1720645.97,0,0,0,16884253.69,148124.57,0,6730269.701,2914031.32,8669953.69,75073266.11,48788709.66,26284556.46,53123804.45,21949461.66,748689.3,0,12489730.83,457000,4621.74,800000,65547.3,0,0,0,259782,0,2876648.38,0,0,0,4798951.515,0,1309963.455,0,20175641.49,0,0,184130.09,0,16990351.86,3645211.907,3384484.36,6882511.89,62761290.18,41907028.87,20854261.32,44609815.48,18151474.7,59129.27,0,9124418.94,457000,0,800000,65547.3,0,0,0,0,0,1712205.74,0,0,0,3428725.052,0,973520.3025,0,16452015.96,0,0,127855.1,0,17087481.11,3085134.626,2967178.14,6421078.64
Roosevelt Campobello International Park,ME,Maine,park,0,0,0,0,0,0,0,0,0,0,0,0,0,0,0,0,0,0,0,0,0,0,0,0,0,0,0,0,0,0,0,0,0,0,0,0,0,0,0,0,0,0,0,0,0,0,0,0,0,0,0,0,0,0,0,0,0,0,0,0,0,0,0,0,0,0,0,0,0,0,0,0,0,0,0,0,0,0,0,0,0,0,0,0,0,0,0,0,0,0,0,0,0,0,0,0,0,0,0,0,0,0,0,0,0,0,0,0,0,0,0,0,0,0,0,0,0,0,0,0,0,0,0,0,0,0,0,0,0,0,0,0,0,0,0,0,0,0,0,0,0,0,0,0,0,0,0,0,0,0,0,0,0,0,0,0,0,0,0,0,0,0,0,0,0,0,0,0,0,0
Saguaro National Park,AZ,Arizona,park,23327265.64,9717783.363,13609482.27,19986604.26,3340661.378,0,0,1390231.41,0,0,56004.85,0,0,0,0,312631.8,21059.8,415449.69,0,0,0,1520917.992,12135005.13,0,0,0,0,0,6899471.91,0,0,361980.2925,0,174298.5,21601752.34,8973097.365,12628654.97,18273854.87,3327897.466,0,0,1558132.6,0,0,56004.85,0,0,0,0,0,21059.8,426840.42,0,0,0,1308375.977,11366719.85,0,0,0,0,0,6129769.86,0,0,368436.4245,0,356365.38,19971912.49,6770241.472,13201671.02,17033485.74,2938426.75,0,0,1066859.65,0,0,56004.85,0,0,0,0,0,21008.14,145296.29,0,0,0,1555641.167,11646029.85,0,0,0,0,0,4927315.12,0,0,314894.142,0,228816.1,21677274.87,11036783.83,10640491.03,18070999.71,3606275.158,0,0,1429468.83,0,0,56004.85,0,0,0,0,145056.55,21008.14,127420.82,0,0,0,1487160.783,0,0,0,9153330.251,0,0,0,0,9092499.02,6456.132,97684.61,36184.88,12869043.15,4882035.122,7987008.024,11666599.35,1202443.798,0,0,1290281.8,0,0,56004.85,0,0,0,0,145056.55,21008.14,154303.84,0,0,0,1006299.95,0,0,0,6980708.075,0,0,0,0,2940589.12,97921.332,97684.61,54184.88
Sequoia and Kings Canyon National Park,CA,California,park,200947529.3,73987873.46,126959655.8,139436463.5,61511065.79,110492.17,0,27140855.05,0,0,0,401379,0,194952,0,3355997.67,0,7027912.33,0,0,0,17206900.98,97063172.74,0,12717202.5,0,0,0,11548250.31,242692.79,0,102980.6325,9824788.98,14009952.15,169994705.1,72045985.58,97948719.51,125316982.2,44677722.85,333172.81,0,24709520.53,0,0,0,79461.45,0,15406.41,0,3338848.67,0,5262604.38,0,0,0,17178074.8,72604001.34,0,10399666.95,0,0,0,14485382.36,194000,0,170480.6325,8137475.91,13086608.85,176564467.9,72456665.05,104107802.8,106013814.1,70550653.76,333172.81,0,22164403.7,0,0,0,170567.23,0,15406.41,0,3548173.66,0,4912745.3,0,0,0,10346421.99,92694070.83,0,1067310,0,0,0,17450422.98,49600.48,0,138040.234,10163252.24,13510880.01,145379039,67489964.16,77889074.89,88626473.66,56752565.39,333172.81,0,19125855.54,0,0,0,170567.23,0,15406.41,440941.57,3346880.71,0,3192417.21,0,0,0,6921377.37,0,77787,0,70889910.52,0,0,45640.41,0,17341399.49,86003.478,10350756.69,13040922.61,160357480.9,68929175.61,91428305.33,102428537,57928943.93,236558.47,0,17280899.7,0,0,0,170567.23,0,15712.09,440941.57,2243162.21,0,1849034.61,0,0,0,5377021.905,0,1400166,0,84651117.43,0,0,45640.41,0,18376470.2,90381.8385,11069652.25,17110155.03
Shenandoah National Park,VA,Virginia,park,70945483.89,28629184.41,42316299.48,28034254.41,42911229.48,0,0,5534189.86,3875596.64,0,0,0,0,510600.62,0,42600,0,3385510.46,0,0,0,5335092.905,35955976.37,0,999574.6005,135000,0,0,3645670.47,62969.27,0,3282802.385,1529743.59,6273592.01,88765194.94,37984713.34,50780481.61,37261852.35,51503342.59,0,0,5918105.18,3875596.64,0,0,0,0,144944.62,0,34000,0,5179316.69,0,0,0,5542890.615,44472787.24,0,739148.1525,135000,0,0,4543626.14,90586.78,0,6979297.072,2396709.86,6473924.99,79208620.88,32765397.63,46443223.25,32552146.59,46656474.29,0,0,4923291,1996747.02,0,0,0,0,144944.62,0,0,0,4830211.42,0,0,0,5943732.791,39691007.52,0,673482.9375,135000,0,0,4986747.75,100947.33,0,5488017.614,2529614.85,5486579.6,75679764.19,32357327.97,43322436.23,31812423,43867341.19,0,0,4774902.66,0,0,0,0,0,0,0,0,0,4431379.8,0,0,0,7057896.917,0,669915.414,135000,35459623.89,0,0,104475.5,0,5640508.49,6335719.577,3305590.71,5615319.15,90205606.62,33985071.21,56220535.41,35609870.66,54595735.96,0,0,6192297.48,0,0,0,0,0,0,0,0,0,3880677.89,0,0,0,9970497.602,0,669915.414,263228.778,45316893.61,0,0,107194.61,0,5974989.07,6308930.771,3256610.3,6012208
Theodore Roosevelt National Park,ND,North Dakota,park,52234057.38,12053800.38,40180257,21386829.31,30847228.07,94037.32,0,4405742.67,684300,0,0,0,0,0,0,54885,0,3600590.02,0,0,152922.7,2364396.684,37621727.29,0,201301.119,0,0,0,847514.31,0,0,256512.857,1274008.13,676119.28,46798219.88,12201243.79,34596976.1,20942193.38,25856026.5,32093.53,0,4577699.44,684300,0,0,0,0,0,0,57564.48,0,1594954.86,0,0,152922.7,1993578.966,32404192.53,0,199204.596,0,0,0,486524.4,0,0,21433.545,935197.41,1008695.9,49334370.47,12155650.85,37178719.62,21018813.23,28315557.23,25793.78,0,3237411.83,684300,0,0,0,0,0,0,115643.75,0,2129660.5,0,0,152922.7,1974867.575,35040194.19,0,163657.854,0,0,0,701303.66,0,0,51588.549,935767.73,1460963.27,52270276.84,16396670.37,35873606.47,23521630.89,28748645.95,28226.75,0,7958124.56,136576,0,0,0,0,0,0,208055.49,0,1827085.37,0,0,152131.47,1816723.526,0,158112,0,33898770.95,0,0,0,0,897832.28,11036.8035,971310.7,1570082.27,40702377.41,5965578.854,34736798.56,13725467.06,26976910.35,0,0,3868001.07,0,0,0,0,0,0,0,273113.51,0,494489.43,0,0,152131.47,1574774.978,0,185328,0,32976695.58,0,0,0,0,452198.78,11036.8035,525737.32,175214.63
Virgin Islands National Park,VI,Virgin Islands,park,25469463.05,20721015.38,4748447.672,24614876.93,854586.12,0,0,9500259.71,0,0,0,0,0,0,0,281279.3,1109870.26,1264515.41,1696686,0,0,846471.3014,3971299.923,0,0,0,0,0,943674.81,0,0,283068,1911952.21,3175672.13,33299680.12,26537443.44,6762236.678,32189116.51,1110563.61,136172.79,0,10420304.42,0,0,0,0,0,0,0,281279.3,1376988.18,1369292.07,2669902.52,0,0,1596377.079,5235183.152,0,0,0,0,0,1917719.81,0,0,621189.135,3122752.21,4067805.45,26553028.72,21213811.04,5339217.671,25480095.33,1072933.39,136172.79,0,5554839.6,0,0,0,0,0,0,0,281279.3,1084073.82,913294.25,1201771.05,0,0,1027316.788,4311900.882,0,0,0,0,0,1804774.12,0,0,939648.745,3570101.38,5243141.99,16817535.62,12049352.27,4768183.355,16064602.23,752933.39,302970.48,0,4262732.22,0,0,0,0,0,0,0,121450,764073.82,411519.28,1201771.05,0,0,840858.3405,0,0,0,3927325.014,0,0,0,0,1403981.39,1102573.89,1582250.14,411316,14218296.41,9832621.963,4385674.451,12932055.44,1286240.97,302970.48,0,3765475.06,0,0,0,0,0,0,0,0,1297381.4,148313.35,484144.05,0,0,710805.9957,0,0,0,3674868.455,0,0,0,0,1132335.12,1102433.503,1463224,87231
Voyageurs National Park,MN,Minnesota,park,13447127.6,8030375.434,5416752.164,12188789.86,1258337.74,0,0,2037316.39,822343.82,0,0,0,0,125293.96,0,842083,0,718727.59,1861158.78,0,0,687588.5205,4730927.216,0,0,0,0,0,1374004.46,0,0,48466.4715,146541.07,52676.32,9843565.165,8027559.367,1816005.798,8105778.125,1737787.04,0,0,2703850.68,817795.98,0,0,45887.9,0,44659.83,0,147933,0,1362802.36,1470547.84,0,0,1763.5725,1816005.798,0,0,0,0,0,1221770.52,0,0,5216.2245,148687.12,56644.34,14875388.2,8804531.989,6070856.208,13214459.94,1660928.26,0,0,2436684.1,753944.3,0,0,45887.9,0,44659.83,0,579962,0,1711906.76,1399380.75,0,0,568979.7485,5501876.46,0,0,0,0,0,1616560.35,0,0,5170.9185,102146.48,108228.6,17341696.23,8105005.049,9236691.185,15448008.49,1893687.74,0,0,2777002.83,34071.59,0,0,45887.9,0,44659.83,0,579962,0,1896937.04,1187918.65,0,0,2260827.113,0,0,0,6975864.072,0,0,0,0,1468758.69,5170.9185,11407.6,53228,15965764.47,7052025.559,8913738.912,14130805.5,1834958.97,0,0,2686680.25,34071.59,0,0,126937.8,0,44659.83,0,579962,0,1465288.84,685845.05,0,0,1916191.869,0,0,0,6997547.042,0,0,0,0,1263955.98,5170.9185,11407.6,148045.7
Western Arctic National Parklands,AK,Alaska,park,915408.11,915408.11,0,915408.11,0,0,0,682405.19,208000,0,0,0,0,25002.92,0,0,0,0,0,0,0,0,0,0,0,0,0,0,0,0,0,0,0,0,443808.68,443808.68,0,443808.68,0,0,0,415665.56,0,0,0,0,0,28143.12,0,0,0,0,0,0,0,0,0,0,0,0,0,0,0,0,0,0,0,0,401099.97,401099.97,0,399363.43,1736.54,0,0,366892.2,0,0,0,0,0,34207.77,0,0,0,0,0,0,0,0,0,0,0,0,0,0,0,0,0,0,0,0,269034.95,269034.95,0,267298.41,1736.54,0,0,233430.54,0,0,0,0,0,35604.41,0,0,0,0,0,0,0,0,0,0,0,0,0,0,0,0,0,0,0,0,365942.06,365942.06,0,364205.52,1736.54,0,0,330337.65,0,0,0,0,0,35604.41,0,0,0,0,0,0,0,0,0,0,0,0,0,0,0,0,0,0,0,0
White Sands National Park,NM,New Mexico,park,6403635.949,6173477.241,230158.7075,3635342.669,2768293.28,0,0,3238831.42,0,0,0,0,74303.35,0,0,345274.38,0,369363.09,0,0,0,273197.4828,103153.6157,0,0,0,0,0,418325.08,0,0,188979.48,357619.05,901427.77,3114554.515,2941375.84,173178.675,2330534.515,784020,0,0,1062162.48,0,0,0,0,74303.35,0,0,328804.4,0,291401.35,0,0,0,113430.267,59748.408,0,0,0,0,0,252915.88,0,0,0,350070.55,462100,2580077.149,2386943.3,193133.8485,1780147.699,799929.45,0,0,987246.91,0,0,0,0,74303.35,0,0,328804.4,0,243377.7,0,0,0,109427.0715,83706.777,0,0,0,0,0,164486.4,0,0,0,350070.55,66036.16,1862954.67,1862954.67,0,1398869.81,464084.86,0,0,842640.98,0,0,0,0,53735.96,0,0,340130,0,34241.76,0,0,0,0,0,0,0,0,0,0,0,0,134949.12,0,304985.95,33389.03,3222333.626,854816.31,2367517.316,2847554.276,374779.35,0,0,685388.87,0,0,0,0,0,0,0,0,0,0,0,0,0,97823.997,0,0,0,2269693.319,0,0,0,0,0,0,17067,33478.57
Wind Cave National Park,SD,South Dakota,park,20579059.13,13897458.54,6681600.59,17008167.89,3570891.241,0,0,3069889.64,209984.05,0,0,3323992.76,0,0,0,1703892.5,0,883317.4,0,0,0,1005701.819,5237155.197,0,447554.835,0,0,0,802386.15,452.33,0,2446250.131,294732.71,1027576.42,16485191.71,13768023.53,2717168.18,13111338.64,3373853.072,0,0,2995927.2,209984.05,0,0,3825228.4,0,0,0,1703892.5,0,872732.57,0,0,0,494791.821,1843746.179,0,378630.18,0,0,0,647368.28,452.33,0,1666561.114,294732.71,1097439.97,20428419.08,10197550.03,10230869.06,18015934.48,2412484.606,0,0,1595376.81,91500,0,0,3794772.7,0,20144.1,0,1703892.5,0,279976.78,0,0,0,617622.2274,9204916.651,0,408330.18,0,0,0,721696.9,452.33,0,109687.8555,262551.44,1097439.97,16385254.49,6621467.999,9763786.494,14225187.34,2160067.152,0,0,1024800.98,20000,0,0,1276976.32,0,19506.8,0,1702500,0,263400.58,0,0,0,426144.294,0,408330.18,0,8929312.02,0,0,452.33,0,661294.83,93061.629,0,741705.36,12846435.11,3394004.109,9452430.998,11084885.74,1761549.371,0,0,898880.85,0,0,0,1276976.32,0,20206.8,0,0,0,238994.88,0,0,0,419293.8485,0,209395.8945,0,8823741.255,0,0,452.33,0,411665.21,74836.629,0,104221.92
Wrangell St Elias National Park,AK,Alaska,park,16068557.17,14675603.8,1392953.374,9311818.484,6756738.69,0,285950.25,8765039.51,1570000,0,0,0,0,0,0,37800,0,689680.24,0,0,0,1151379.96,212705.7432,0,28867.671,0,0,0,2516230.92,0,0,150000,304877.99,356024.89,16980268.95,15451110.15,1529158.795,6528066.015,10452202.93,0,361679.46,9330525.38,0,0,0,511.63,0,3620.01,0,82652.12,0,2013165.83,0,0,0,1091141.206,203615.8738,0,234401.715,0,0,0,3065005.62,0,0,0,269411.14,324538.96,17037882.28,15591525.54,1446356.744,7672826.974,9365055.31,0,452046.46,9942069.01,0,0,0,511.63,0,3620.01,0,88152.12,0,1529788.35,0,0,0,992135.8042,230093.3454,0,224127.594,0,0,0,3498619.67,0,0,0,40820.14,35898.15,19271905.74,17836641.76,1435263.975,9510906.525,9760999.21,0,410898.64,10368066.47,0,0,0,511.63,0,3620.01,0,75392.12,0,1529788.35,0,0,0,985327.1325,0,205534.044,0,244402.7985,0,0,2271.5,0,5389708.82,0,40820.14,15564.08,19403782.83,18563644.22,840138.6093,10901246.05,8502536.78,0,410898.64,9294709.56,0,0,0,44824.03,0,3620.01,0,64932.12,0,1538272.11,0,0,0,390776.9148,0,205534.044,0,243827.6506,0,0,2271.5,0,7108398.1,0,80154.07,15564.08
Yellowstone National Park,Total,Total,park,740613125.6,169889688.9,570723436.7,293595864,447017261.6,2933322.14,0,101829576.4,2718091.86,0,0,318272.13,0,487462.94,269253.17,2231722.93,0,8893732.83,794942.41,0,15789.62,31625827.01,414647425,0,124507561.1,0,0,446000,24999556.48,203904.16,0,3483506.817,11130882.21,9076296.36,585548997.1,216115687.9,369433309.2,267605138.9,317943858.2,2933322.14,0,108087051.9,2748091.86,0,0,305172.93,0,415977.7,362603.54,2152679.2,0,8719752.62,794942.41,0,15547.46,26559145.61,275530805.8,0,67356729.28,0,0,446000,23967755.4,266306.01,0,3483506.817,18957490.68,42446115.77,515808707.4,220135351,295673356.4,260482276.7,255326430.7,2911834.18,0,108415473.8,2726640,0,0,223292.93,0,415977.7,712633.38,1956211.7,0,7995375.63,763942.01,0,15547.46,23877851.43,216591107.3,0,55204397.68,0,0,446000,20772399.75,106369.05,0,3948067.314,19254141.66,49471444.48,663268388.6,199582558.1,463685830.5,351806517.2,311461871.4,3706700,0,92865527.81,3608029,0,0,136092.93,0,1470049.27,932110.93,1182862.71,0,1833309.76,763942.01,0,337.44,52728004.28,0,59726952.75,0,351230873.4,0,446000,94369.05,0,25780487.44,2188327.388,18908010.09,45666402.31,631679666.2,222597994.3,409081672,354262008.1,277417658,3400000,0,103968388.2,3779504,0,0,136092.93,0,1527249.36,672081.09,716496.71,0,10030403.52,748025.21,0,0,76224579.41,0,30401750.93,0,302455341.6,0,446000,68953.04,0,20336935.53,2869472.035,21104176.33,52794216.42
Yosemite National Park,CA,California,park,643020990.4,279293896.1,363727094.3,310194402.1,332826588.2,259560.62,0,97302192.23,1696867.37,0,0,24306033.98,0,12523.12,0,24831.44,0,9409253.02,1.27,0,0,41225902.21,312095145.6,0,6777553.5,3669935.513,0,809023,21960315.35,2645125.31,0,4390952.382,68675618.86,47760155.56,645657600.6,274373152.7,371284447.9,303005482.8,342652117.7,30553.87,0,101392942,2490367.37,0,0,19053376.95,0,27459.21,0,19146,0,9613724.47,1.27,0,0,42466059.77,313890784.8,0,8216166.15,6752879.699,0,807611.45,18315343.54,2821605.46,0,2097297.752,68009287.45,49652993.37,582670827.4,281587002.1,301083825.3,293114620.3,289556207.1,29298.15,0,102879455.4,4092213.96,0,0,17879769.28,0,27459.21,0,0,0,10262874.74,1.27,175.47,0,35873735.44,254232201.8,0,4632784.2,6345103.883,0,807611.45,20209103.28,2796462.19,0,2114155.291,67959576.99,52528845.42,555086179,323059102.4,232027076.6,303970426.6,251115752.4,58587.88,0,132262795.5,3462213.96,0,0,20855512.66,0,27052.97,0,0,0,11176808.15,1.27,175.77,0,34594210.72,0,4627033.2,6193506.254,186612326.5,0,866461.45,3094607.86,0,18826343.95,2062081.692,77045060.3,53321398.94,555015819.4,284382005.4,270633814.1,268953960.5,286061859,52791.88,0,123952809.6,2814064.37,0,0,16306962.97,0,27052.97,0,0,0,9641531.82,1.27,0,0,33898549.4,0,4627033.2,6193506.254,225914725.2,0,56461.45,4189124.47,0,17691712.06,2775882.007,73624178.04,33249432.41
Zion National Park,UT,Utah,park,68195935.3,26304748.92,41891186.38,43152341.11,25043594.19,29643.32,0,13645830.51,127282,74403,0,0,0,0,0,254000,0,5435507.3,0,0,101669,4797202.59,34546648.72,0,1637347.5,1015841.25,0,0,3865702.21,74550.71,0,186107.895,287444.4,2116754.9,67552651.35,26142861.82,41409789.53,42870704.69,24681946.65,2147.53,0,13682825.44,117311,363204,0,0,0,539.92,0,254000,27115.5,4599915.35,0,0,101669,5503013.141,33406583.1,0,1595342.25,1015841.25,0,0,3913561.85,74550.71,0,35873.1585,352557.29,1985266.62,65291892.99,25623197.55,39668695.44,41784125.88,23507767.11,2147.53,0,13216908.2,117311,363204,0,0,0,539.92,0,254000,27115.5,4543434.62,0,0,101669,5892464.75,33520875.71,0,0,255354.9705,0,0,4210893.33,87816.51,0,2174.5125,450182.29,1872964.18,70044814.77,20726179.12,49318635.65,50375832.76,19668982.01,2147.53,0,8401905.35,0,363204,0,0,0,13539.92,0,475399.1,27115.5,3591420.46,0,0,101669,4353749.258,0,374287.6215,265641.9705,44324956.8,0,0,242991.14,0,3675360.85,2377.0125,516148.13,2012329.45,69848826.76,15780490.77,54068335.99,53028880.24,16819946.52,2147.53,0,7522255.38,0,744444.02,0,0,0,13000,0,67573.09,27115.5,1910986.02,0,0,0,6527633.357,0,1361313,60007.5,46119382.14,0,0,216728.73,0,2606316.43,2377.0125,418523.13,948452.25
Western Arctic National Parklands,AK,Alaska,park,915408.11,915408.11,0,915408.11,0,0,0,682405.19,208000,0,0,0,0,25002.92,0,0,0,0,0,0,0,0,0,0,0,0,0,0,0,0,0,0,0,0,443808.68,443808.68,0,443808.68,0,0,0,415665.56,0,0,0,0,0,28143.12,0,0,0,0,0,0,0,0,0,0,0,0,0,0,0,0,0,0,0,0,401099.97,401099.97,0,399363.43,1736.54,0,0,366892.2,0,0,0,0,0,34207.77,0,0,0,0,0,0,0,0,0,0,0,0,0,0,0,0,0,0,0,0,269034.95,269034.95,0,267298.41,1736.54,0,0,233430.54,0,0,0,0,0,35604.41,0,0,0,0,0,0,0,0,0,0,0,0,0,0,0,0,0,0,0,0,365942.06,365942.06,0,364205.52,1736.54,0,0,330337.65,0,0,0,0,0,35604.41,0,0,0,0,0,0,0,0,0,0,0,0,0,0,0,0,0,0,0,0
