Year,Park Name,temp_avg,precip_sum,visibility,uvindex,severerisk
2010,Acadia,48.0358904109589,30.409,8.885753424657535,5.863013698630137,
2010,Arches,52.28465753424658,4.9,9.490410958904109,7.367123287671233,
2010,Badlands,46.81671232876712,14.587,9.494794520547945,6.6,
2010,Big Bend,66.98465753424658,13.449,,8.405479452054795,
2010,Biscayne,74.0668493150685,42.938,9.697260273972603,7.364383561643836,
2010,Black Canyon Of The Gunnison,42.978630136986304,1.076,9.634246575342466,7.567123287671233,
2010,Bryce Canyon,41.74465753424657,16.725,9.197534246575342,7.67945205479452,
2010,Canyonlands,52.424383561643836,5.0329999999999995,10.237808219178083,7.493150684931507,
2010,Capitol Reef,49.75315068493151,12.713000000000001,37.92963988919668,7.493150684931507,
2011,Acadia,46.89232876712329,22.794999999999998,8.591506849315069,5.761643835616439,
2011,Arches,52.90301369863013,6.638,9.82027397260274,7.405479452054794,
2011,Badlands,46.526575342465755,15.988,9.328493150684931,6.50958904109589,
2011,Big Bend,70.0227397260274,3.9539999999999997,,8.608219178082193,
2011,Biscayne,76.23232876712329,50.836999999999996,9.67068493150685,7.3342465753424655,
2011,Black Canyon Of The Gunnison,42.281643835616435,0.967,9.704109589041096,7.652054794520548,
2011,Bryce Canyon,41.73205479452055,12.177,9.529395604395605,7.7835616438356166,
2011,Canyonlands,53.26931506849315,6.614,10.637808219178083,7.5917808219178085,
2011,Capitol Reef,49.59698630136987,7.247,35.53361344537815,7.580821917808219,
2012,Acadia,47.80491803278688,40.778,8.823770491803279,5.830601092896175,
2012,Arches,56.03934426229509,3.442,9.819398907103825,7.53551912568306,
2012,Badlands,50.98524590163934,13.653,9.607103825136614,6.770491803278689,
2012,Big Bend,69.32349726775956,11.471,,8.278688524590164,
2012,Biscayne,75.68989071038251,84.24,13.40464480874317,7.043715846994536,
2012,Black Canyon Of The Gunnison,45.41994535519126,0.733,9.742896174863388,7.658469945355192,
2012,Bryce Canyon,44.72622950819672,9.733,9.620218579234972,7.715846994535519,
2012,Canyonlands,55.23551912568306,3.454,10.274043715846995,7.644808743169399,
2012,Capitol Reef,53.06912568306011,5.054,38.67881040892193,7.587431693989071,
2013,Acadia,46.003287671232876,20.232,8.60849315068493,5.720547945205479,
2013,Arches,51.619452054794515,7.016,9.664931506849316,7.383561643835616,
2013,Badlands,46.31095890410959,20.113,9.348767123287672,6.586301369863014,
2013,Big Bend,66.75808219178083,12.98,,8.197260273972603,
2013,Biscayne,76.44109589041096,57.341,9.688493150684932,6.967123287671233,
2013,Black Canyon Of The Gunnison,41.985205479452055,1.299,9.558082191780823,7.493150684931507,
2013,Bryce Canyon,41.892876712328764,17.022,9.511780821917808,7.646575342465753,
2013,Canyonlands,51.40520547945206,6.886,9.664931506849316,7.610958904109589,
2013,Capitol Reef,49.78849315068493,11.367,,7.545205479452055,
2014,Acadia,45.793150684931504,49.318,8.822191780821917,5.7095890410958905,
2014,Arches,55.431232876712336,7.146,9.793424657534246,7.389041095890411,
2014,Badlands,45.798630136986304,18.624,9.415342465753424,6.465753424657534,
2014,Big Bend,67.59808219178082,12.816,,8.238356164383562,
2014,Biscayne,76.18438356164383,49.306,9.662191780821919,7.079452054794521,
2014,Black Canyon Of The Gunnison,44.003287671232876,1.068,9.721917808219178,7.457534246575342,
2014,Bryce Canyon,43.74219178082192,14.166,9.638356164383561,7.704109589041096,
2014,Canyonlands,55.13534246575343,7.152,9.796164383561644,7.5917808219178085,
2014,Capitol Reef,52.738082191780826,7.037,9.872268907563026,7.572602739726028,
2015,Acadia,45.32547945205479,33.863,8.722191780821918,5.926027397260274,
2015,Arches,55.60712328767123,8.453,9.76510989010989,7.317808219178082,
2015,Badlands,48.834794520547945,21.275,9.405205479452055,6.536986301369863,
2015,Big Bend,66.99178082191781,14.758,,8.098630136986301,
2015,Biscayne,77.76986301369863,54.597,9.655068493150685,6.953424657534247,
2015,Black Canyon Of The Gunnison,44.389589041095896,1.245,9.683287671232877,7.3561643835616435,
2015,Bryce Canyon,43.09068493150685,17.84,9.452328767123287,7.605479452054794,
2015,Canyonlands,55.50821917808219,8.449,9.778356164383561,7.432876712328767,
2015,Capitol Reef,52.10575342465753,12.779,9.814497041420118,7.424657534246576,
2016,Acadia,46.52322404371585,36.667,9.071857923497268,5.8497267759562845,
2016,Arches,56.499453551912566,4.877,9.781420765027322,7.407103825136612,
2016,Badlands,49.547814207650276,14.176,9.51311475409836,6.680327868852459,
2016,Big Bend,68.58661202185793,18.697,,8.09016393442623,
2016,Biscayne,76.70327868852459,60.952,9.654371584699453,6.7923497267759565,
2016,Black Canyon Of The Gunnison,44.095628415300546,0.922,9.723497267759564,7.420765027322404,
2016,Bryce Canyon,42.7275956284153,11.648,9.496174863387978,7.64207650273224,
2016,Canyonlands,56.26502732240437,4.879,9.799453551912569,7.5683060109289615,
2016,Capitol Reef,51.91885245901639,9.26,9.795167286245354,7.530054644808743,
2017,Acadia,46.42876712328767,21.915,8.83068493150685,5.717808219178083,
2017,Arches,57.34931506849315,3.9909999999999997,9.786027397260273,7.361643835616438,
2017,Badlands,48.57835616438356,12.8,9.518630136986301,6.6657534246575345,
2017,Big Bend,69.27041095890411,14.348,,8.180821917808219,
2017,Biscayne,77.01698630136987,49.39,9.636164383561644,7.279452054794521,
2017,Black Canyon Of The Gunnison,45.709041095890406,0.988,9.754520547945205,7.534246575342466,
2017,Bryce Canyon,44.02082191780822,9.948,9.537260273972603,7.736986301369863,
2017,Canyonlands,56.91671232876712,3.968,9.823287671232876,7.5698630136986305,
2017,Capitol Reef,53.431232876712336,8.082,9.85917808219178,7.523287671232877,
2018,Acadia,46.17068493150685,37.005,8.737808219178083,5.109589041095891,
2018,Arches,56.22438356164384,6.37,9.711538461538462,7.298630136986302,
2018,Badlands,45.839999999999996,28.837,9.16054794520548,6.4,
2018,Big Bend,67.88520547945205,14.044,,8.06027397260274,
2018,Biscayne,76.70109589041097,61.123,9.74958904109589,4.701369863013698,
2018,Black Canyon Of The Gunnison,45.23780821917808,0.683,9.74904109589041,7.254794520547946,
2018,Bryce Canyon,44.02109589041096,9.929,9.613972602739725,7.241095890410959,
2018,Canyonlands,56.24547945205479,6.252,9.75972602739726,7.306849315068493,
2018,Capitol Reef,53.1958904109589,8.823,9.803287671232878,7.186301369863013,
2019,Acadia,45.19945205479452,53.799,8.826301369863014,5.175342465753425,
2019,Arches,53.70493150684931,8.167,9.647397260273973,7.3342465753424655,
2019,Badlands,44.15534246575343,22.685,9.052054794520547,6.2164383561643834,
2019,Big Bend,68.15972602739726,10.691,,8.252054794520548,
2019,Biscayne,77.48931506849314,51.339999999999996,9.75013698630137,5.435616438356164,
2019,Black Canyon Of The Gunnison,42.418082191780826,0.907,9.659178082191781,7.210958904109589,
2019,Bryce Canyon,40.464109589041094,14.167,9.246849315068493,7.208219178082191,
2019,Canyonlands,53.95780821917808,8.173,9.696438356164384,7.328767123287672,
2019,Capitol Reef,50.38657534246575,10.48,9.697586206896553,7.098630136986301,
2020,Acadia,47.380874316939895,36.568,8.73688524590164,5.811475409836065,
2020,Arches,55.17732240437159,3.106,9.720491803278689,7.412568306010929,
2020,Badlands,48.83387978142077,49.8,9.502732240437158,6.672131147540983,
2020,Big Bend,69.1311475409836,10.346,,8.442622950819672,
2020,Biscayne,77.74016393442623,71.673,9.671311475409837,7.3743169398907105,
2020,Black Canyon Of The Gunnison,44.9068306010929,0.56,9.655191256830602,7.4289617486338795,
2020,Bryce Canyon,43.229234972677595,4.844,9.669945355191258,7.48087431693989,
2020,Canyonlands,54.88961748633879,3.1069999999999998,9.745628415300546,7.6256830601092895,
2020,Capitol Reef,52.78251366120219,4.08,9.740213523131672,7.1502732240437155,
2021,Acadia,47.881917808219185,37.126,9.064383561643835,5.668493150684932,
2021,Arches,55.74739726027397,7.588,9.79095890410959,7.383561643835616,
2021,Badlands,49.39013698630137,27.293,9.421917808219177,6.523287671232877,
2021,Big Bend,68.54027397260275,9.683,,8.487671232876712,
2021,Biscayne,77.04273972602739,48.812,9.698356164383561,7.071232876712329,
2021,Black Canyon Of The Gunnison,44.92821917808219,16.995,9.729315068493152,7.323287671232877,
2021,Bryce Canyon,43.49917808219178,11.084,9.537260273972603,7.2246575342465755,
2021,Canyonlands,55.66438356164384,7.577,9.819452054794521,7.583561643835616,
2021,Capitol Reef,52.70767123287671,9.297,9.850000000000001,7.2027397260273975,
2022,Acadia,47.76246575342466,20.951999999999998,8.713150684931508,5.67945205479452,11.530898876404494
2022,Arches,54.80876712328767,6.6290000000000004,9.866849315068494,7.410958904109589,11.418539325842696
2022,Badlands,47.092602739726026,14.357,9.485479452054795,6.523287671232877,16.72752808988764
2022,Big Bend,68.37205479452055,4.583,34.88005617977528,8.567123287671233,18.117977528089888
2022,Biscayne,77.20657534246575,55.342,9.736438356164385,7.454794520547945,65.19662921348315
2022,Black Canyon Of The Gunnison,43.5013698630137,18.237,10.319178082191781,7.4301369863013695,11.292134831460674
2022,Bryce Canyon,42.60931506849315,8.171,9.719178082191782,7.328767123287672,11.882022471910112
2022,Canyonlands,54.80191780821918,6.649,9.851232876712329,7.567123287671233,10.786516853932584
2022,Capitol Reef,52.04109589041096,2.723,9.961369863013699,7.394520547945206,10.898876404494382
2023,Acadia,47.94931506849315,38.426,8.593698630136988,5.353424657534247,10.383561643835616
2023,Arches,54.7841095890411,5.287,9.822739726027399,7.531506849315068,10.0
2023,Badlands,47.86493150684932,17.197,9.30986301369863,6.394520547945206,13.32876712328767
2023,Big Bend,69.9276712328767,28.064999999999998,11.016986301369862,8.263013698630138,14.753424657534246
2023,Biscayne,77.74136986301369,57.453,9.682465753424657,7.728767123287671,41.73972602739726
2023,Black Canyon Of The Gunnison,43.2613698630137,16.527,9.712602739726027,7.295890410958904,10.0
2023,Bryce Canyon,40.08054794520548,10.887,9.403835616438357,7.156164383561644,10.0
2023,Canyonlands,54.534246575342465,5.29,9.834246575342465,7.638356164383562,10.0
2023,Capitol Reef,50.7213698630137,15.374,9.83972602739726,7.646575342465753,10.0
2010,Carlsbad Caverns,61.42520547945206,8.299,9.612054794520548,8.194520547945206,
2010,Channel Islands,58.10082191780822,20.421,8.678630136986301,7.761643835616439,
2010,Congaree,62.518904109589045,46.65,9.285205479452054,7.2,
2010,Crater Lake,44.39260273972602,27.585,,6.402739726027397,
2010,Cuyahoga Valley,52.15671232876713,21.011,8.615616438356163,6.186301369863013,
2010,Death Valley,76.96739726027397,0.04,,7.906849315068493,
2010,Denali,19.531232876712327,71.723,22.665916398713826,3.3095890410958906,
2010,Dry Tortugas,75.65780821917808,45.172,,7.227397260273973,
2010,Everglades,73.8317808219178,38.861000000000004,9.674520547945207,7.441095890410959,
2011,Carlsbad Caverns,63.991232876712324,3.7279999999999998,9.413150684931507,8.375342465753425,
2011,Channel Islands,58.162739726027404,14.221,8.792876712328768,7.928767123287671,
2011,Congaree,64.3158904109589,38.824,9.15972602739726,7.123287671232877,
2011,Crater Lake,43.21890410958904,22.608,,6.627397260273972,
2011,Cuyahoga Valley,51.88986301369863,50.354,8.582465753424657,5.8712328767123285,
2011,Death Valley,76.7427397260274,0.0,,8.008219178082191,
2011,Denali,16.76109589041096,74.578,22.63665480427046,3.5232876712328767,
2011,Dry Tortugas,77.94219178082191,48.998,,7.397260273972603,
2011,Everglades,75.86191780821918,50.606,9.628767123287671,7.394520547945206,
2012,Carlsbad Caverns,63.911475409836065,9.481,9.491256830601094,8.12568306010929,
2012,Channel Islands,58.607650273224046,10.399,8.772131147540984,7.901639344262295,
2012,Congaree,64.55573770491803,41.909,9.171311475409837,6.920765027322404,
2012,Crater Lake,45.18469945355191,30.999,,6.5,
2012,Cuyahoga Valley,53.715300546448084,34.694,9.000819672131149,6.243169398907104,
2012,Death Valley,79.38142076502731,0.0,,7.983606557377049,
2012,Denali,15.109562841530055,79.055,21.713366336633662,3.3469945355191255,
2012,Dry Tortugas,79.24726775956285,63.142,,7.090163934426229,
2012,Everglades,75.34726775956284,72.373,12.417486338797815,7.0710382513661205,
2013,Carlsbad Caverns,61.85452054794521,12.072000000000001,9.218082191780821,8.10958904109589,
2013,Channel Islands,58.90520547945206,3.87,8.777260273972603,7.997260273972603,
2013,Congaree,62.82082191780822,51.736,9.732876712328768,6.863013698630137,
2013,Crater Lake,44.93232876712329,15.66,,6.863013698630137,
2013,Cuyahoga Valley,50.30027397260274,37.107,8.89150684931507,5.942465753424657,
2013,Death Valley,78.57561643835616,0.0,,7.994520547945205,
2013,Denali,17.531232876712327,78.564,16.562343096234308,3.4164383561643836,
2013,Dry Tortugas,79.45972602739725,75.428,,7.076712328767123,
2013,Everglades,76.15123287671233,52.618,9.685205479452055,6.96986301369863,
2014,Carlsbad Caverns,62.35068493150685,7.997,9.238082191780823,8.002739726027396,
2014,Channel Islands,61.90054794520548,9.925,9.064931506849314,7.863013698630137,
2014,Congaree,62.479726027397255,44.53,9.189315068493151,6.846575342465753,
2014,Crater Lake,47.72547945205479,31.756,,6.586301369863014,
2014,Cuyahoga Valley,49.05452054794521,30.914,8.897808219178081,6.1506849315068495,
2014,Death Valley,80.07424657534246,0.0,,7.936986301369863,
2014,Denali,20.03945205479452,72.519,19.9968,3.367123287671233,
2014,Dry Tortugas,78.60493150684931,55.422,,7.090410958904109,
2014,Everglades,76.00493150684932,49.698,9.645479452054794,7.024657534246575,
2015,Carlsbad Caverns,61.87890410958904,14.902000000000001,9.244657534246576,7.947945205479452,
2015,Channel Islands,62.22684931506849,4.16,9.118630136986301,7.854794520547945,
2015,Congaree,64.99808219178082,62.382,9.101643835616438,6.789041095890411,
2015,Crater Lake,47.92219178082191,29.657,,6.6657534246575345,
2015,Cuyahoga Valley,52.06356164383562,32.948,9.01041095890411,6.117808219178082,
2015,Death Valley,79.5104109589041,0.0,,7.8493150684931505,
2015,Denali,22.47013698630137,78.548,17.026639344262296,3.372602739726027,
2015,Dry Tortugas,79.35369863013699,43.289,,7.153424657534247,
2015,Everglades,77.45068493150686,55.245,9.650136986301371,6.983561643835617,
2016,Carlsbad Caverns,62.778961748633876,12.046,9.588524590163935,7.969945355191257,
2016,Channel Islands,60.74863387978142,12.688,8.969672131147542,7.882513661202186,
2016,Congaree,64.79016393442623,47.839,9.282513661202186,7.117486338797814,
2016,Crater Lake,45.36010928961748,35.038,,6.573770491803279,
2016,Cuyahoga Valley,54.50601092896175,26.572,9.212295081967213,6.23224043715847,
2016,Death Valley,79.48907103825137,0.0,,7.920765027322404,
2016,Denali,32.243169398907106,81.761,16.810729613733905,3.2131147540983607,
2016,Dry Tortugas,80.00245901639344,35.292,,6.844262295081967,
2016,Everglades,76.4035519125683,61.515,9.668306010928962,6.775956284153006,
2017,Carlsbad Caverns,63.96767123287671,11.517,9.543561643835616,8.016438356164384,
2017,Channel Islands,60.40383561643836,17.23,8.715068493150685,7.879452054794521,
2017,Congaree,65.33287671232877,44.069,9.377260273972604,7.073972602739726,
2017,Crater Lake,45.35589041095891,33.58,,6.493150684931507,
2017,Cuyahoga Valley,53.933150684931505,28.536,9.123287671232877,6.005479452054795,
2017,Death Valley,80.00465753424658,0.0,,7.994520547945205,
2017,Denali,30.066027397260275,81.968,16.280172413793103,3.2739726027397262,
2017,Dry Tortugas,78.36602739726027,0.9500000000000001,,7.3561643835616435,
2017,Everglades,76.9709589041096,49.849,9.643287671232876,7.317808219178082,
2018,Carlsbad Caverns,62.98465753424658,9.644,9.548493150684932,8.169863013698631,
2018,Channel Islands,60.261917808219174,8.9,8.938630136986301,8.008219178082191,
2018,Congaree,64.42547945205479,52.923,9.298082191780823,6.191780821917808,
2018,Crater Lake,46.16438356164384,23.905,,6.632876712328767,
2018,Cuyahoga Valley,52.31972602739726,34.476,9.027123287671234,5.4,
2018,Death Valley,80.19808219178081,0.0,,8.082191780821917,
2018,Denali,30.715890410958902,88.287,14.183333333333332,3.3698630136986303,
2018,Dry Tortugas,77.7723287671233,1.162,,7.043835616438356,
2018,Everglades,76.46273972602741,55.955,9.756438356164383,7.073972602739726,
2019,Carlsbad Caverns,62.61780821917808,5.492,9.565753424657535,8.213698630136987,
2019,Channel Islands,59.12054794520548,20.211,8.946027397260275,7.46027397260274,
2019,Congaree,65.42356164383561,46.997,9.24082191780822,6.167123287671233,
2019,Crater Lake,45.00575342465753,30.071,,6.605479452054794,
2019,Cuyahoga Valley,52.5117808219178,28.87,9.073972602739726,5.512328767123288,
2019,Death Valley,77.22575342465754,0.0,,7.8712328767123285,
2019,Denali,32.50219178082192,88.57300000000001,13.516182572614108,3.643835616438356,
2019,Dry Tortugas,79.17561643835616,1.752,12.4,7.167123287671233,
2019,Everglades,77.27972602739726,51.954,9.735068493150685,7.076712328767123,
2020,Carlsbad Caverns,63.564207650273225,3.96,9.477322404371584,8.256830601092895,
2020,Channel Islands,59.564207650273225,7.568,8.731693989071038,7.251366120218579,
2020,Congaree,64.9448087431694,54.003,9.293715846994536,6.084699453551913,
2020,Crater Lake,46.43825136612022,26.537,,6.724043715846994,
2020,Cuyahoga Valley,53.767486338797816,33.316,9.158743169398907,5.401639344262295,
2020,Death Valley,79.39890710382514,0.251,,8.057377049180328,
2020,Denali,27.722677595628415,80.934,16.7,3.2158469945355193,
2020,Dry Tortugas,79.60027322404372,49.521,,6.871584699453552,
2020,Everglades,77.54371584699453,67.027,9.631693989071039,7.1775956284153,
2021,Carlsbad Caverns,62.69753424657534,11.793,9.346575342465753,8.101369863013698,
2021,Channel Islands,58.60328767123288,12.751,8.616986301369863,7.863013698630137,
2021,Congaree,63.91068493150685,43.122,9.188767123287672,6.4082191780821915,
2021,Crater Lake,46.96027397260274,23.553,,6.668493150684932,
2021,Cuyahoga Valley,54.37835616438356,29.105,9.158630136986302,5.594520547945206,
2021,Death Valley,78.22657534246575,0.8039999999999999,,7.956164383561644,
2021,Denali,26.854794520547944,73.289,16.766666666666666,3.778082191780822,
2021,Dry Tortugas,80.29671232876711,36.306,,7.238356164383561,
2021,Everglades,76.91945205479452,48.535,9.675616438356164,7.473972602739726,
2022,Carlsbad Caverns,62.60493150684931,8.167,9.383287671232877,8.213698630136987,17.780898876404493
2022,Channel Islands,59.620821917808215,7.314,8.801369863013699,8.150684931506849,10.196629213483146
2022,Congaree,64.08739726027397,39.574,9.358630136986301,6.2027397260273975,30.74438202247191
2022,Crater Lake,42.60383561643835,72.834,18.489606741573034,6.6219178082191785,12.514044943820224
2022,Cuyahoga Valley,52.83643835616438,28.853,9.013424657534246,5.641095890410959,16.151685393258425
2022,Death Valley,79.68219178082192,1.497,44.37949438202247,8.032876712328767,11.095505617977528
2022,Denali,28.645753424657535,40.879,8.953424657534246,4.243835616438356,10.0
2022,Dry Tortugas,78.11808219178081,48.435,12.422752808988765,8.419178082191781,55.73033707865169
2022,Everglades,76.9145205479452,58.203,9.747945205479452,7.50958904109589,60.81460674157304
2023,Carlsbad Caverns,64.80493150684931,5.386,9.330410958904109,8.150684931506849,12.246575342465754
2023,Channel Islands,59.42794520547945,22.356,8.692876712328767,7.515068493150685,10.10958904109589
2023,Congaree,64.45589041095892,46.215,9.352602739726029,6.03013698630137,18.013698630136986
2023,Crater Lake,38.89835616438356,273.419,8.027123287671234,6.347945205479452,10.520547945205479
2023,Cuyahoga Valley,53.84876712328767,29.685,9.003287671232876,5.747945205479452,12.068493150684931
2023,Death Valley,77.55945205479452,4.736,10.196164383561644,7.912328767123288,10.0
2023,Denali,27.96054794520548,34.921,8.365479452054794,3.2273972602739724,10.0
2023,Dry Tortugas,79.56246575342466,74.875,9.944109589041096,7.610958904109589,43.49315068493151
2023,Everglades,77.36191780821918,56.87,9.656712328767124,7.465753424657534,36.0
2010,Gates Of The Arctic,17.27780821917808,26.128999999999998,8.279005524861878,2.893150684931507,
2010,Gateway Arch,55.94849315068493,36.643,8.962191780821918,6.589041095890411,
2010,Glacier Bay,43.36931506849315,0.713,9.153150684931507,3.073972602739726,
2010,Glacier,41.42958904109589,12.004,8.955616438356165,5.52054794520548,
2010,Grand Canyon,46.338630136986296,10.383000000000001,9.45068493150685,7.742465753424658,
2010,Grand Teton,37.21260273972603,6.721,8.996438356164385,6.627397260273972,
2010,Great Basin,47.6682191780822,7.027,9.523287671232877,7.512328767123288,
2010,Great Sand Dunes,43.018630136986296,3.243,9.53013698630137,7.726027397260274,
2010,Great Smoky Mountains,56.09315068493151,31.51,8.517260273972603,7.087671232876712,
2011,Gates Of The Arctic,17.754520547945205,18.676000000000002,8.361559888579388,2.9315068493150687,
2011,Gateway Arch,56.89013698630137,43.172,9.063013698630137,6.567123287671233,
2011,Glacier Bay,41.9158904109589,4.898,9.324383561643836,3.1013698630136988,
2011,Glacier,40.403561643835616,12.468,9.239118457300275,5.608219178082192,
2011,Grand Canyon,46.065205479452054,13.332,9.612328767123287,7.961643835616439,
2011,Grand Teton,36.74246575342466,6.541,9.105479452054794,6.693150684931507,
2011,Great Basin,47.03397260273973,12.768,9.695616438356165,7.50958904109589,
2011,Great Sand Dunes,42.726301369863016,4.385,9.657808219178081,7.778082191780822,
2011,Great Smoky Mountains,57.68520547945205,40.624,8.611780821917808,7.038356164383561,
2012,Gates Of The Arctic,14.718579234972678,0.068,8.221857923497268,2.860655737704918,
2012,Gateway Arch,59.54945355191256,33.475,9.386065573770493,6.825136612021858,
2012,Glacier Bay,41.543169398907104,12.795,9.338268156424581,2.8469945355191255,
2012,Glacier,42.34699453551912,10.932,9.329863013698631,5.598360655737705,
2012,Grand Canyon,47.62650273224043,7.974,9.66448087431694,7.860655737704918,
2012,Grand Teton,40.326502732240435,7.429,9.094535519125683,6.759562841530054,
2012,Great Basin,50.50901639344262,11.914,9.722677595628415,7.540983606557377,
2012,Great Sand Dunes,43.88333333333333,5.24,9.699453551912569,7.795081967213115,
2012,Great Smoky Mountains,58.03688524590164,39.998,8.680054644808743,6.907103825136612,
2013,Gates Of The Arctic,16.852602739726027,3.616,8.104923076923077,2.9424657534246577,
2013,Gateway Arch,54.94821917808219,39.330999999999996,9.239452054794521,6.586301369863014,
2013,Glacier Bay,42.714520547945206,19.182,9.028169014084508,3.191780821917808,
2013,Glacier,42.21534246575342,11.64,9.191780821917808,5.5917808219178085,
2013,Grand Canyon,46.123561643835615,12.411,9.669315068493152,7.838356164383562,
2013,Grand Teton,37.702739726027396,6.506,9.22054794520548,6.69041095890411,
2013,Great Basin,47.602739726027394,7.893,9.714520547945206,7.457534246575342,
2013,Great Sand Dunes,39.744109589041095,8.458,9.403835616438357,7.7095890410958905,
2013,Great Smoky Mountains,55.58027397260274,42.86,8.566027397260275,6.726027397260274,
2014,Gates Of The Arctic,20.197534246575344,5.316,8.439828080229226,2.8164383561643835,
2014,Gateway Arch,54.5358904109589,39.512,9.180000000000001,6.550684931506849,
2014,Glacier Bay,43.54246575342466,83.464,9.11198738170347,3.1671232876712327,
2014,Glacier,41.14356164383562,14.308,8.976712328767123,5.5479452054794525,
2014,Grand Canyon,48.22054794520548,7.95,9.646575342465754,7.791780821917809,
2014,Grand Teton,38.850136986301365,13.03,11.40082191780822,6.632876712328767,
2014,Great Basin,50.39369863013699,8.598,9.778630136986303,7.463013698630137,
2014,Great Sand Dunes,42.76438356164383,4.75,9.596438356164384,7.632876712328767,
2014,Great Smoky Mountains,55.05726027397261,39.597,8.835342465753424,6.96986301369863,
2015,Gates Of The Arctic,19.853972602739727,2.467,8.047262247838617,2.863013698630137,
2015,Gateway Arch,57.74684931506849,54.894,9.172602739726027,6.372602739726028,
2015,Glacier Bay,44.029315068493155,40.121,9.285082872928177,3.115068493150685,
2015,Glacier,44.304931506849314,8.428,8.981643835616438,5.684931506849315,
2015,Grand Canyon,48.201369863013696,18.331,9.59917808219178,7.69041095890411,
2015,Grand Teton,39.98931506849315,17.548000000000002,9.244657534246576,6.526027397260274,
2015,Great Basin,50.66712328767123,9.828,9.698626373626373,7.213698630136986,
2015,Great Sand Dunes,43.86904109589041,9.532,9.55041095890411,7.495890410958904,
2015,Great Smoky Mountains,57.59424657534247,43.919,8.819178082191781,6.734246575342466,
2016,Gates Of The Arctic,20.526775956284155,5.284,8.373926380368099,3.0163934426229506,
2016,Gateway Arch,59.058196721311475,39.133,9.343169398907104,6.379781420765028,
2016,Glacier Bay,44.06284153005465,49.944,9.426111111111112,3.128415300546448,
2016,Glacier,43.715027322404374,21.833000000000002,9.13688524590164,5.565573770491803,
2016,Grand Canyon,49.26475409836066,15.223,9.588251366120218,7.7650273224043715,
2016,Grand Teton,39.85245901639344,16.682,9.320218579234973,6.756830601092896,
2016,Great Basin,50.30792349726776,10.142,9.635068493150685,7.448087431693989,
2016,Great Sand Dunes,43.168306010928966,6.892,9.57896174863388,7.672131147540983,
2016,Great Smoky Mountains,59.50136612021858,34.574,9.06584699453552,7.226775956284153,
2017,Gates Of The Arctic,20.42821917808219,7.169,8.206629834254144,2.8684931506849316,
2017,Gateway Arch,59.40821917808219,30.527,9.431780821917808,6.673972602739726,
2017,Glacier Bay,41.84301369863014,48.441,9.238950276243093,3.186301369863014,
2017,Glacier,41.51424657534247,10.044,8.627945205479453,5.53972602739726,
2017,Grand Canyon,49.04027397260274,11.637,9.536712328767123,7.8191780821917805,
2017,Grand Teton,39.45753424657534,14.123,9.293150684931506,6.542465753424658,
2017,Great Basin,50.352876712328765,10.639,9.724571428571428,7.517808219178082,
2017,Great Sand Dunes,44.67972602739726,9.397,9.637808219178083,7.734246575342466,
2017,Great Smoky Mountains,59.20767123287671,35.784,8.990136986301371,6.989041095890411,
2018,Gates Of The Arctic,20.403013698630136,10.792,8.338781163434904,3.0657534246575344,
2018,Gateway Arch,56.5868493150685,51.419000000000004,9.21013698630137,5.780821917808219,
2018,Glacier Bay,43.285753424657536,39.114000000000004,9.21150684931507,3.0767123287671234,
2018,Glacier,41.200273972602744,8.573,8.788767123287672,4.4,
2018,Grand Canyon,48.72547945205479,11.531,9.52986301369863,7.504109589041096,
2018,Grand Teton,39.16027397260274,14.29,9.275342465753425,6.301369863013699,
2018,Great Basin,49.984931506849314,7.541,9.754647887323944,4.073972602739726,
2018,Great Sand Dunes,44.68383561643836,3.98,9.704931506849315,7.673972602739726,
2018,Great Smoky Mountains,58.3158904109589,54.415,8.92,5.747945205479452,
2019,Gates Of The Arctic,20.84054794520548,10.856,8.80415335463259,3.032876712328767,
2019,Gateway Arch,56.172876712328765,48.064,9.273972602739725,5.873972602739726,
2019,Glacier Bay,44.23945205479452,42.247,9.22027397260274,3.5506849315068494,
2019,Glacier,39.59890410958904,9.922,8.995890410958904,4.46027397260274,
2019,Grand Canyon,46.65917808219178,15.722,9.495068493150686,7.282191780821917,
2019,Grand Teton,36.93150684931507,15.055,9.191506849315068,6.2465753424657535,
2019,Great Basin,47.28493150684932,13.829,9.656160458452723,5.383561643835616,
2019,Great Sand Dunes,41.148493150684935,7.044,9.55041095890411,7.46027397260274,
2019,Great Smoky Mountains,59.42465753424658,47.403,9.008219178082191,6.123287671232877,
2020,Gates Of The Arctic,16.89945355191257,9.695,8.093602693602694,3.0245901639344264,
2020,Gateway Arch,56.67732240437159,47.801,9.2775956284153,5.882513661202186,
2020,Glacier Bay,42.6051912568306,51.606,9.113387978142077,3.4371584699453552,
2020,Glacier,42.284699453551916,11.554,9.036438356164384,4.617486338797814,
2020,Grand Canyon,48.35737704918033,5.914,9.743715846994537,7.7650273224043715,
2020,Grand Teton,38.200819672131146,13.614,9.11639344262295,6.437158469945355,
2020,Great Basin,50.7327868852459,5.363,9.743989071038252,7.975409836065574,
2020,Great Sand Dunes,44.074043715847,5.197,9.643715846994535,7.7103825136612025,
2020,Great Smoky Mountains,57.90901639344263,47.514,8.845628415300547,5.9316939890710385,
2021,Gates Of The Arctic,15.833972602739726,8.844,8.262145110410094,2.967123287671233,
2021,Gateway Arch,57.30575342465753,37.678,9.346575342465753,6.019178082191781,
2021,Glacier Bay,41.654794520547945,42.643,9.144931506849316,3.1232876712328768,
2021,Glacier,42.67013698630137,22.029,9.052328767123287,4.764383561643836,
2021,Grand Canyon,48.411232876712326,11.295,9.592602739726027,7.249315068493151,
2021,Grand Teton,40.285479452054794,12.029,9.12054794520548,6.427397260273972,
2021,Great Basin,50.53643835616438,8.268,9.557938718662953,7.7095890410958905,
2021,Great Sand Dunes,43.60767123287671,5.993,9.54027397260274,7.63013698630137,
2021,Great Smoky Mountains,57.95753424657534,41.774,8.946575342465753,6.008219178082192,
2022,Gates Of The Arctic,17.904931506849316,5.474,8.473698630136987,3.043835616438356,10.0
2022,Gateway Arch,56.24219178082192,48.285000000000004,9.372328767123287,6.342465753424658,25.21067415730337
2022,Glacier Bay,43.104383561643836,46.467,8.903561643835618,3.2986301369863016,10.112359550561798
2022,Glacier,40.92821917808219,6.926,8.835342465753424,4.742465753424658,10.337078651685394
2022,Grand Canyon,47.50054794520548,15.933,9.62931506849315,6.986301369863014,12.963483146067416
2022,Grand Teton,37.078356164383564,7.405,9.18164383561644,6.424657534246576,12.682584269662922
2022,Great Basin,49.13123287671233,7.866,9.861643835616439,7.756164383561644,10.224719101123595
2022,Great Sand Dunes,42.083287671232874,9.314,9.484931506849316,7.608219178082192,13.497191011235955
2022,Great Smoky Mountains,57.43369863013699,40.846,9.072328767123288,6.421917808219178,19.49438202247191
2023,Gates Of The Arctic,18.901095890410957,10.097,8.72082191780822,2.8109589041095893,10.054794520547945
2023,Gateway Arch,58.80465753424658,33.64,9.367397260273972,6.191780821917808,18.054794520547944
2023,Glacier Bay,43.964109589041094,72.972,8.701917808219177,3.1123287671232878,10.10958904109589
2023,Glacier,43.71780821917808,16.54,8.817534246575343,4.887671232876713,10.32876712328767
2023,Grand Canyon,47.613150684931504,13.951,9.476986301369863,6.723287671232876,10.0
2023,Grand Teton,37.61753424657534,6.072,9.233698630136987,6.235616438356164,10.438356164383562
2023,Great Basin,47.56849315068493,11.496,9.60054794520548,7.605479452054794,10.0
2023,Great Sand Dunes,42.78054794520548,4.666,9.471232876712328,7.561643835616438,10.123287671232877
2023,Great Smoky Mountains,58.474794520547945,38.603,8.93917808219178,6.383561643835616,13.178082191780822
2010,Guadalupe Mountains,59.57260273972603,7.173,9.354520547945206,8.23013698630137,
2010,Haleakalā,75.00027397260274,6.739,9.932876712328767,8.684931506849315,
2010,Hawaiʻi Volcanoes,56.879726027397254,8.832,9.494794520547945,8.994520547945205,
2010,Hot Springs,62.57890410958904,15.224,9.296438356164384,7.147945205479452,
2010,Indiana Dunes,52.000273972602734,33.493,8.565753424657535,,
2010,Isle Royale,41.51534246575343,19.345,,5.5479452054794525,
2010,Joshua Tree,71.02219178082191,6.195,9.446027397260275,8.123287671232877,
2010,Katmai,38.88301369863014,49.331,8.18813559322034,3.3698630136986303,
2010,Kenai Fjords,40.897260273972606,46.259,9.23972602739726,3.1123287671232878,
2011,Guadalupe Mountains,62.03260273972603,4.555,8.958791208791208,8.375342465753425,
2011,Haleakalā,74.97616438356164,11.23,10.042191780821918,8.131506849315068,
2011,Hawaiʻi Volcanoes,55.51698630136986,20.132,9.238356164383562,8.523287671232877,
2011,Hot Springs,63.43671232876713,52.656,9.092328767123288,7.227397260273973,
2011,Indiana Dunes,51.18630136986302,35.684,8.677808219178083,,
2011,Isle Royale,39.079726027397264,19.225,15.111764705882353,5.367123287671233,
2011,Joshua Tree,70.76849315068493,1.814,9.38054794520548,8.167123287671233,
2011,Katmai,39.337534246575345,64.981,7.954411764705882,3.4465753424657533,
2011,Kenai Fjords,39.01917808219178,54.293,9.324931506849314,3.2684931506849315,
2012,Guadalupe Mountains,62.12459016393442,8.067,9.032513661202186,8.188524590163935,
2012,Haleakalā,74.68169398907104,5.273,10.05792349726776,8.5,
2012,Hawaiʻi Volcanoes,55.818306010928964,17.67,9.289890710382513,8.950819672131148,
2012,Hot Springs,65.17213114754098,34.886,9.39672131147541,7.191256830601093,
2012,Indiana Dunes,53.46174863387978,24.718,8.885792349726776,,
2012,Isle Royale,42.41120218579235,23.829,13.790548780487805,5.48087431693989,
2012,Joshua Tree,73.23333333333333,2.548,9.46256830601093,8.12295081967213,
2012,Katmai,36.57103825136612,54.378,7.99640522875817,3.560109289617486,
2012,Kenai Fjords,37.60409836065574,54.984,9.124043715846994,3.1666666666666665,
2013,Guadalupe Mountains,59.67589041095891,14.985,8.44082191780822,8.084931506849315,
2013,Haleakalā,75.71369863013699,15.198,10.027397260273972,8.36986301369863,
2013,Hawaiʻi Volcanoes,56.06027397260274,19.695,9.722739726027397,8.706849315068494,
2013,Hot Springs,61.34849315068493,43.68,9.246027397260274,7.1287671232876715,
2013,Indiana Dunes,48.87424657534246,32.175,8.747945205479452,,
2013,Isle Royale,36.4986301369863,21.0,10.380440771349862,5.326027397260274,
2013,Joshua Tree,72.28794520547945,2.164,9.78054794520548,8.12054794520548,
2013,Katmai,41.4041095890411,66.407,8.332710280373833,3.5616438356164384,
2013,Kenai Fjords,41.73287671232877,62.845,9.076986301369862,3.347945205479452,
2014,Guadalupe Mountains,60.03890410958904,12.738,8.848333333333333,8.016438356164384,
2014,Haleakalā,76.11616438356165,21.479,9.967397260273973,8.216438356164383,
2014,Hawaiʻi Volcanoes,56.78520547945205,23.448,9.71013698630137,8.509589041095891,
2014,Hot Springs,60.48986301369863,41.174,9.068219178082192,7.005479452054795,
2014,Indiana Dunes,46.8668493150685,33.047,8.704657534246575,,
2014,Isle Royale,34.827397260273976,18.91,9.034794520547946,5.205479452054795,
2014,Joshua Tree,74.26794520547945,1.641,9.788219178082192,8.10958904109589,
2014,Katmai,41.81506849315068,63.009,8.231564245810056,3.728767123287671,
2014,Kenai Fjords,43.994246575342466,48.565,9.226027397260275,3.4547945205479453,
2015,Guadalupe Mountains,60.00547945205479,15.436,9.082044198895028,7.956164383561644,
2015,Haleakalā,76.46986301369863,31.287,9.956438356164384,8.394520547945206,
2015,Hawaiʻi Volcanoes,57.574520547945205,51.181,9.197534246575342,8.583561643835617,
2015,Hot Springs,63.32794520547945,60.376,9.285205479452054,6.8712328767123285,
2015,Indiana Dunes,50.706849315068496,30.042,8.792602739726028,,
2015,Isle Royale,38.82410958904109,35.484,9.189256198347108,5.416438356164384,
2015,Joshua Tree,73.39150684931508,4.551,9.823287671232876,8.057534246575342,
2015,Katmai,41.667671232876714,67.704,8.36098901098901,3.3945205479452056,
2015,Kenai Fjords,44.016438356164386,58.131,9.367671232876713,3.2684931506849315,
2016,Guadalupe Mountains,61.39863387978142,13.039,9.429589041095891,8.010928961748634,
2016,Haleakalā,76.36284153005464,20.737,9.89344262295082,8.407103825136613,
2016,Hawaiʻi Volcanoes,57.66366120218579,45.958,9.34672131147541,8.718579234972678,
2016,Hot Springs,64.32595628415301,47.213,9.381967213114754,6.896174863387978,
2016,Indiana Dunes,52.551366120218574,29.444,9.116939890710382,,
2016,Isle Royale,41.04562841530055,24.736,9.184426229508198,5.363387978142076,
2016,Joshua Tree,73.59043715846994,4.348,9.76311475409836,8.166666666666666,
2016,Katmai,41.374863387978145,64.765,8.415909090909091,3.4153005464480874,
2016,Kenai Fjords,44.00300546448088,61.802,9.329234972677595,3.1448087431693987,
2017,Guadalupe Mountains,62.377808219178085,12.62,9.347671232876712,8.04109589041096,
2017,Haleakalā,76.18602739726028,26.194,9.956986301369863,8.520547945205479,
2017,Hawaiʻi Volcanoes,56.91424657534247,34.084,9.494246575342466,8.76986301369863,
2017,Hot Springs,64.7331506849315,34.473,9.408767123287673,6.983561643835617,
2017,Indiana Dunes,52.173972602739724,31.837,8.793424657534246,,
2017,Isle Royale,39.43698630136986,23.031,9.156438356164383,5.158904109589041,
2017,Joshua Tree,74.5572602739726,3.5020000000000002,9.813424657534247,8.087671232876712,
2017,Katmai,40.41479452054794,54.568,8.032402234636871,3.638356164383562,
2017,Kenai Fjords,40.98082191780822,51.62,9.256438356164383,3.3095890410958906,
2018,Guadalupe Mountains,61.8027397260274,6.715,9.257260273972603,7.117808219178082,
2018,Haleakalā,76.23013698630137,23.288,9.773698630136986,7.556164383561644,
2018,Hawaiʻi Volcanoes,56.84465753424657,62.275,9.247671232876712,7.197260273972603,
2018,Hot Springs,63.27561643835616,59.624,9.248767123287672,5.263013698630137,
2018,Indiana Dunes,50.885205479452054,29.404,8.46931506849315,5.2967032967032965,
2018,Isle Royale,37.72438356164383,17.464,9.262637362637362,5.101369863013699,
2018,Joshua Tree,75.01671232876711,3.471,9.786849315068494,8.09041095890411,
2018,Katmai,40.996712328767124,70.93900000000001,7.667791411042944,3.649315068493151,
2018,Kenai Fjords,42.145753424657535,54.017,9.265205479452055,3.0712328767123287,
2019,Guadalupe Mountains,60.66986301369863,5.5,9.294794520547946,7.964383561643835,
2019,Haleakalā,77.6090410958904,13.07,9.868493150684932,8.158904109589042,
2019,Hawaiʻi Volcanoes,57.44219178082192,20.347,9.455616438356165,7.652054794520548,
2019,Hot Springs,63.17452054794521,53.087,9.137808219178083,6.123287671232877,
2019,Indiana Dunes,50.087397260273974,35.697,8.966301369863015,5.13972602739726,
2019,Isle Royale,37.74356164383561,23.512,9.204089219330855,5.098630136986301,
2019,Joshua Tree,72.61397260273972,6.629,9.615342465753425,7.967123287671233,
2019,Katmai,41.3772602739726,68.346,7.576420454545455,3.758904109589041,
2019,Kenai Fjords,44.13013698630137,57.119,9.08054794520548,3.328767123287671,
2020,Guadalupe Mountains,61.32486338797815,5.345,8.990710382513662,8.112021857923498,
2020,Haleakalā,77.44453551912568,11.168,9.939344262295082,7.961748633879782,
2020,Hawaiʻi Volcanoes,57.50437158469945,24.191,9.503825136612022,7.756830601092896,
2020,Hot Springs,62.88961748633879,62.476,9.261748633879781,5.863387978142076,
2020,Indiana Dunes,51.178688524590164,31.04,8.9224043715847,5.633879781420765,
2020,Isle Royale,40.05546448087431,19.004,9.390756302521009,5.224043715846994,
2020,Joshua Tree,73.94016393442622,3.035,9.721857923497268,8.027322404371585,
2020,Katmai,39.88469945355191,53.496,7.784782608695652,3.8224043715846996,
2020,Kenai Fjords,41.244535519125684,44.188,9.280601092896175,3.3934426229508197,
2021,Guadalupe Mountains,61.2158904109589,16.134999999999998,8.73426966292135,8.115068493150686,
2021,Haleakalā,75.81013698630137,24.178,9.828219178082191,7.756164383561644,
2021,Hawaiʻi Volcanoes,55.59835616438357,60.457,9.20931506849315,7.545205479452055,
2021,Hot Springs,63.42301369863014,35.656,9.097534246575343,6.065753424657534,
2021,Indiana Dunes,52.032876712328765,29.885,8.87972602739726,5.583561643835616,
2021,Isle Royale,41.82246575342466,20.71,9.179063360881543,4.920547945205479,
2021,Joshua Tree,74.13643835616438,1.486,9.805479452054794,8.038356164383561,
2021,Katmai,34.02191780821918,55.394,8.525,3.8,
2021,Kenai Fjords,40.42739726027397,36.832,9.246027397260274,3.8575342465753426,
2022,Guadalupe Mountains,60.907397260273974,10.884,8.65972602739726,8.046575342465754,14.25561797752809
2022,Haleakalā,77.09945205479451,6.44,9.816712328767123,7.884931506849315,11.095505617977528
2022,Hawaiʻi Volcanoes,53.534246575342465,28.733999999999998,9.356043956043957,7.758904109589041,10.674157303370787
2022,Hot Springs,63.08246575342466,31.351,9.252328767123288,6.457534246575342,32.73314606741573
2022,Indiana Dunes,49.87561643835616,22.753,8.98,5.53972602739726,
2022,Isle Royale,37.53205479452055,28.418,10.474175824175823,4.5917808219178085,10.0
2022,Joshua Tree,73.60712328767123,1.8399999999999999,9.817808219178081,8.01095890410959,16.3061797752809
2022,Katmai,37.01671232876713,68.746,8.932584269662922,3.841095890410959,10.0
2022,Kenai Fjords,42.465479452054794,41.576,9.075890410958905,3.852054794520548,10.0
2023,Guadalupe Mountains,63.87890410958904,7.02,8.585753424657534,8.227397260273973,11.547945205479452
2023,Haleakalā,76.10054794520548,10.186,9.796164383561644,7.704109589041096,10.547945205479452
2023,Hawaiʻi Volcanoes,55.88301369863014,43.104,9.437260273972603,7.586301369863014,10.164383561643836
2023,Hot Springs,64.46904109589042,42.23,9.018904109589041,6.2164383561643834,26.383561643835616
2023,Indiana Dunes,51.763287671232874,30.37,8.797808219178084,5.47945205479452,
2023,Isle Royale,41.30301369863014,15.72,8.80109589041096,4.454794520547945,10.164383561643836
2023,Joshua Tree,72.02082191780822,4.14,9.512054794520548,7.920547945205479,10.438356164383562
2023,Katmai,38.474520547945204,51.081,8.515890410958905,4.071232876712329,10.0
2023,Kenai Fjords,40.60246575342466,45.509,9.046849315068492,3.1534246575342464,10.0
2010,Kobuk Valley,25.03698630136986,3.075,9.169041095890412,2.9835616438356163,
2010,Lake Clark,35.82082191780822,69.385,24.53928571428571,3.3013698630136985,
2010,Lassen Volcanic,61.56904109589041,31.419,9.26027397260274,6.7315068493150685,
2010,Mammoth Cave,57.37232876712329,48.62,8.754520547945205,6.561643835616438,
2010,Mesa Verde,46.11780821917808,14.457,9.572328767123288,7.726027397260274,
2010,,82.28493150684932,75.979,,7.104109589041096,
2010,,56.981369863013704,31.356,9.18164383561644,6.446575342465754,
2010,New River Gorge,51.75808219178082,27.907,8.079178082191781,6.6657534246575345,
2011,Kobuk Valley,24.772328767123287,0.20600000000000002,9.047382920110193,2.9342465753424656,
2011,Lake Clark,34.22657534246576,83.087,15.940366972477063,3.3643835616438356,
2011,Lassen Volcanic,61.12301369863014,26.188,9.495068493150686,6.964383561643835,
2011,Mammoth Cave,58.122465753424656,59.714999999999996,8.708493150684932,6.501369863013698,
2011,Mesa Verde,46.21369863013699,10.091,9.78054794520548,7.882191780821918,
2011,,80.9764383561644,66.961,,7.602739726027397,
2011,,56.77232876712329,70.191,8.791780821917808,6.46027397260274,
2011,New River Gorge,53.84849315068493,42.119,8.831780821917809,6.6136986301369864,
2012,Kobuk Valley,21.528142076502732,0.208,9.232786885245902,2.7759562841530054,
2012,Lake Clark,31.75655737704918,82.072,16.977591036414566,3.3633879781420766,
2012,Lassen Volcanic,62.43633879781421,36.362,9.510109289617487,7.0109289617486334,
2012,Mammoth Cave,60.0775956284153,36.548,9.159562841530056,6.754098360655738,
2012,Mesa Verde,49.19043715846995,7.365,9.73551912568306,7.819672131147541,
2012,,81.53224043715846,75.741,,6.896174863387978,
2012,,57.55601092896175,38.445,9.053825136612023,6.316939890710382,
2012,New River Gorge,54.40300546448088,42.937,9.196174863387979,6.685792349726776,
2013,Kobuk Valley,27.914520547945205,7.989,9.158839779005525,2.7753424657534245,
2013,Lake Clark,37.327397260273976,85.63,17.41,3.506849315068493,
2013,Lassen Volcanic,63.275342465753425,12.637,9.724383561643835,7.345205479452055,
2013,Mammoth Cave,56.18219178082192,55.627,8.926575342465753,6.534246575342466,
2013,Mesa Verde,46.17068493150685,13.408,9.715068493150685,7.750684931506849,
2013,,81.94082191780822,86.224,,6.895890410958904,
2013,,55.28986301369863,43.586,9.058356164383563,6.271232876712329,
2013,New River Gorge,51.39671232876712,42.14,8.894246575342466,6.493150684931507,
2014,Kobuk Valley,32.010958904109586,10.851,9.324033149171271,2.756164383561644,
2014,Lake Clark,39.94904109589041,82.835,22.24030769230769,3.5561643835616437,
2014,Lassen Volcanic,65.1109589041096,33.577,9.433972602739725,6.8931506849315065,
2014,Mammoth Cave,55.56356164383562,43.127,9.053424657534247,6.758904109589041,
2014,Mesa Verde,48.329863013698635,8.899000000000001,9.766027397260274,7.693150684931507,
2014,,81.7654794520548,72.95,,7.019178082191781,
2014,,54.14630136986302,49.117,9.067397260273973,6.33972602739726,
2014,New River Gorge,51.22273972602739,41.29,8.998904109589041,6.652054794520548,
2015,Kobuk Valley,30.044657534246575,5.468,9.041643835616439,2.8054794520547945,
2015,Lake Clark,39.43671232876712,86.385,26.43216783216783,3.287671232876712,
2015,Lassen Volcanic,66.2841095890411,17.209,9.475616438356164,7.035616438356165,
2015,Mammoth Cave,57.899726027397264,45.639,9.058630136986302,6.441095890410959,
2015,Mesa Verde,48.01287671232877,13.89,9.576438356164385,7.528767123287671,
2015,,81.34986301369864,71.8,,6.93972602739726,
2015,,56.39917808219178,38.704,9.09945205479452,6.276712328767124,
2015,New River Gorge,53.72547945205479,47.308,8.935616438356165,6.484931506849315,
2016,Kobuk Valley,30.18879781420765,10.748,9.39016393442623,2.978142076502732,
2016,Lake Clark,40.583333333333336,88.391,27.517832167832164,3.251366120218579,
2016,Lassen Volcanic,64.4931693989071,49.763,9.45464480874317,6.879781420765028,
2016,Mammoth Cave,58.85956284153005,46.761,9.139071038251366,6.644808743169399,
2016,Mesa Verde,48.07322404371585,17.428,9.671857923497267,7.644808743169399,
2016,,82.30464480874316,84.556,,7.109289617486339,
2016,,57.31967213114754,39.602,9.26967213114754,6.240437158469946,
2016,New River Gorge,53.704918032786885,47.116,9.163661202185793,6.773224043715847,
2017,Kobuk Valley,28.32904109589041,12.723,8.93041095890411,2.873972602739726,
2017,Lake Clark,36.07342465753425,76.782,26.62639405204461,3.2904109589041095,
2017,Lassen Volcanic,61.10356164383561,34.768,9.438904109589043,6.863013698630137,
2017,Mammoth Cave,58.9372602739726,45.09,9.238630136986302,6.728767123287671,
2017,Mesa Verde,49.3172602739726,9.731,9.69890410958904,7.728767123287671,
2017,,82.32657534246576,86.282,12.4,6.931506849315069,
2017,,57.10219178082192,45.719,9.296438356164384,6.249315068493151,
2017,New River Gorge,53.627945205479456,42.148,9.175068493150686,6.641095890410959,
2018,Kobuk Valley,29.076164383561643,10.723,9.000821917808219,3.16986301369863,
2018,Lake Clark,38.75890410958904,89.323,26.363453815261042,4.008219178082192,
2018,Lassen Volcanic,60.316986301369866,25.508,9.147397260273973,6.3561643835616435,
2018,Mammoth Cave,57.85698630136986,51.836999999999996,9.11068493150685,5.898630136986301,
2018,Mesa Verde,49.15890410958904,9.3,9.61890410958904,7.646575342465753,
2018,,81.9709589041096,71.624,,7.183561643835616,
2018,,56.56191780821917,46.715,9.347945205479451,5.578082191780822,
2018,New River Gorge,53.04410958904109,55.561,9.003287671232876,5.093150684931507,
2019,Kobuk Valley,30.57178082191781,14.474,9.004383561643836,3.021917808219178,
2019,Lake Clark,40.70986301369863,92.95,26.8436,4.005479452054795,
2019,Lassen Volcanic,59.613150684931504,42.487,9.39013698630137,6.534246575342466,
2019,Mammoth Cave,58.47561643835616,58.419,9.117808219178082,5.956164383561644,
2019,Mesa Verde,46.352876712328765,12.55,9.650958904109588,7.545205479452055,
2019,,82.45424657534247,81.365,,7.010958904109589,
2019,,56.493972602739724,38.636,9.31150684931507,5.958904109589041,
2019,New River Gorge,54.373424657534244,42.353,9.20082191780822,5.389041095890411,
2020,Kobuk Valley,25.503551912568305,10.602,8.87704918032787,3.0546448087431695,
2020,Lake Clark,34.44289617486339,71.431,27.930824372759854,3.942622950819672,
2020,Lassen Volcanic,61.16693989071038,17.935,9.148360655737706,6.33879781420765,
2020,Mammoth Cave,57.855737704918035,52.403999999999996,9.141256830601092,5.396174863387978,
2020,Mesa Verde,49.32677595628415,5.47,9.738251366120219,7.825136612021858,
2020,,82.32786885245902,86.858,,6.923497267759563,
2020,,57.962021857923496,22.221,9.410928961748635,5.879781420765028,
2020,New River Gorge,53.68196721311475,57.658,9.050273224043716,4.9890710382513666,
2021,Kobuk Valley,23.01972602739726,18.733,9.006027397260274,2.9835616438356163,
2021,Lake Clark,34.102739726027394,69.449,25.976078431372546,4.027397260273973,
2021,Lassen Volcanic,61.679452054794524,23.74,8.93945205479452,6.301369863013699,
2021,Mammoth Cave,58.18958904109589,49.474,9.120000000000001,5.654794520547945,
2021,Mesa Verde,48.75397260273973,11.474,9.67095890410959,7.605479452054794,
2021,,81.74821917808218,57.119,,7.495890410958904,
2021,,57.87041095890411,29.166999999999998,9.443835616438356,5.375342465753425,
2021,New River Gorge,53.44301369863014,41.172,9.176438356164384,5.36986301369863,
2022,Kobuk Valley,25.39945205479452,13.041,9.032876712328767,3.0794520547945203,10.0
2022,Lake Clark,37.02027397260274,46.42,10.235635359116023,3.9424657534246577,10.0
2022,Lassen Volcanic,60.8654794520548,16.294,9.665205479452055,6.6438356164383565,10.252808988764045
2022,Mammoth Cave,57.87671232876713,40.38,9.364657534246575,6.019178082191781,25.730337078651687
2022,Mesa Verde,47.68219178082192,9.232,9.73095890410959,7.728767123287671,12.275280898876405
2022,,81.33205479452054,77.162,13.881460674157303,8.961643835616439,30.702247191011235
2022,,56.65013698630137,32.068,9.336164383561645,5.6,16.882022471910112
2022,New River Gorge,52.59945205479452,45.253,9.164109589041097,5.306849315068493,21.25
2023,Kobuk Valley,25.835342465753424,20.296,8.89013698630137,2.884931506849315,10.10958904109589
2023,Lake Clark,35.1013698630137,47.38,9.296986301369863,3.8986301369863012,10.0
2023,Lassen Volcanic,59.15150684931507,38.536,9.46027397260274,6.364383561643836,10.602739726027398
2023,Mammoth Cave,59.19616438356164,37.663000000000004,9.206849315068494,6.1506849315068495,16.84931506849315
2023,Mesa Verde,47.26520547945205,10.991,9.517808219178082,7.7315068493150685,10.164383561643836
2023,,81.54931506849314,94.751,13.774520547945205,8.712328767123287,28.589041095890412
2023,,58.361917808219175,22.439,9.288767123287672,5.994520547945205,13.67123287671233
2023,New River Gorge,53.98027397260274,36.568,9.178630136986301,5.301369863013699,12.794520547945206
2010,North Cascades,49.81808219178082,69.418,8.122714681440442,4.936986301369863,
2010,Olympic,48.70356164383561,27.863,9.036438356164384,4.627397260273972,
2010,Petrified Forest,54.44931506849315,5.273,9.701917808219179,7.931506849315069,
2010,Pinnacles,56.142191780821925,11.502,8.88986301369863,7.416438356164384,
2010,Rocky Mountain,45.29890410958904,2.954,9.398082191780823,7.2684931506849315,
2010,Saguaro,69.2868493150685,28.222,9.855616438356165,8.172602739726027,
2010,Sequoia & Kings Canyon,56.32575342465754,8.014,9.80109589041096,7.742465753424658,
2010,Shenandoah,56.955068493150684,16.72,8.982465753424657,6.846575342465753,
2010,Theodore Roosevelt,41.605479452054794,14.45,8.6,6.002739726027397,
2011,North Cascades,47.38438356164384,80.001,7.887603305785124,4.879452054794521,
2011,Olympic,47.60794520547945,40.519999999999996,9.215068493150685,4.608219178082192,
2011,Petrified Forest,53.59342465753424,7.756,9.696986301369863,8.12054794520548,
2011,Pinnacles,55.96767123287671,10.905,8.728767123287671,7.627397260273972,
2011,Rocky Mountain,43.43917808219178,5.299,9.242424242424242,7.328767123287672,
2011,Saguaro,69.15835616438356,15.107000000000001,9.854520547945206,8.271232876712329,
2011,Sequoia & Kings Canyon,56.03342465753425,3.137,9.856986301369863,7.904109589041096,
2011,Shenandoah,57.43205479452055,37.094,8.818630136986302,6.654794520547945,
2011,Theodore Roosevelt,41.57260273972603,17.342,9.056164383561644,5.852054794520548,
2012,North Cascades,48.23469945355192,72.955,7.9325136612021865,4.920765027322404,
2012,Olympic,48.723770491803286,39.083,8.932786885245902,4.592896174863388,
2012,Petrified Forest,56.197814207650275,7.198,9.777747252747252,8.079234972677595,
2012,Pinnacles,56.73306010928962,13.26,8.976775956284152,7.713114754098361,
2012,Rocky Mountain,48.06584699453551,3.547,9.424043715846995,7.325136612021858,
2012,Saguaro,70.35245901639344,8.836,9.873497267759564,8.183060109289617,
2012,Sequoia & Kings Canyon,57.8827868852459,3.023,9.866666666666667,7.887978142076503,
2012,Shenandoah,57.91803278688525,29.178,9.018579234972679,6.7103825136612025,
2012,Theodore Roosevelt,45.75737704918033,10.552,9.42896174863388,6.065573770491803,
2013,North Cascades,49.178082191780824,68.615,8.035068493150684,5.115068493150685,
2013,Olympic,49.43068493150685,35.525,8.398630136986302,4.904109589041096,
2013,Petrified Forest,53.87835616438356,8.119,9.754395604395604,7.868493150684931,
2013,Pinnacles,56.62767123287671,2.624,8.972054794520549,7.879452054794521,
2013,Rocky Mountain,44.04986301369863,6.128,9.298356164383561,7.013698630136986,
2013,Saguaro,69.89068493150684,11.344,9.86109589041096,8.213698630136987,
2013,Sequoia & Kings Canyon,58.47945205479452,1.374,9.847671232876712,7.978082191780822,
2013,Shenandoah,55.620273972602746,36.042,8.924383561643836,6.495890410958904,
2013,Theodore Roosevelt,41.3158904109589,20.911,9.21178082191781,5.953424657534247,
2014,North Cascades,50.714246575342464,74.723,8.2,5.008219178082192,
2014,Olympic,50.65068493150685,44.494,8.447123287671232,4.923287671232877,
2014,Petrified Forest,56.211780821917806,8.317,9.79068493150685,7.835616438356165,
2014,Pinnacles,59.5627397260274,11.358,9.062465753424657,7.668493150684932,
2014,Rocky Mountain,45.185753424657534,6.666,9.17945205479452,7.153424657534247,
2014,Saguaro,70.95589041095892,13.299,9.848767123287672,7.964383561643835,
2014,Sequoia & Kings Canyon,60.60575342465753,2.893,9.864804469273743,7.863013698630137,
2014,Shenandoah,54.434520547945205,26.169,8.995890410958904,6.610958904109589,
2014,Theodore Roosevelt,41.02054794520548,20.716,9.293972602739727,5.882191780821918,
2015,North Cascades,52.08082191780822,55.555,8.140883977900552,5.2465753424657535,
2015,Olympic,51.048219178082185,43.873,8.843835616438357,4.975342465753425,
2015,Petrified Forest,55.029041095890406,12.99,9.790633608815426,7.695890410958904,
2015,Pinnacles,59.06849315068493,6.453,8.949315068493151,7.67945205479452,
2015,Rocky Mountain,46.50520547945206,8.765,9.139178082191782,7.093150684931507,
2015,Saguaro,69.97424657534246,13.295,9.80054794520548,7.791780821917809,
2015,Sequoia & Kings Canyon,59.80465753424658,3.278,9.825205479452055,7.706849315068493,
2015,Shenandoah,56.22630136986301,25.62,8.877260273972604,6.6438356164383565,
2015,Theodore Roosevelt,45.06931506849315,11.247,9.252328767123288,6.06027397260274,
2016,North Cascades,50.74262295081967,61.627,8.204494382022471,4.983606557377049,
2016,Olympic,50.67595628415301,37.225,9.234426229508196,4.756830601092896,
2016,Petrified Forest,55.505737704918026,8.533999999999999,9.8,7.923497267759563,
2016,Pinnacles,57.723770491803286,12.874,9.037704918032787,7.5683060109289615,
2016,Rocky Mountain,46.112841530054645,3.985,9.233333333333334,7.204918032786885,
2016,Saguaro,70.72868852459017,13.702,9.851639344262296,8.1448087431694,
2016,Sequoia & Kings Canyon,59.705191256830595,3.835,9.86584699453552,7.76775956284153,
2016,Shenandoah,56.22978142076502,27.467,9.142896174863388,6.762295081967213,
2016,Theodore Roosevelt,45.28442622950819,16.609,9.25792349726776,6.049180327868853,
2017,North Cascades,49.15041095890411,62.602000000000004,7.940273972602739,5.158904109589041,
2017,Olympic,48.61424657534247,36.072,9.267123287671232,4.86027397260274,
2017,Petrified Forest,57.00246575342466,5.638,9.833516483516483,7.8712328767123285,
2017,Pinnacles,57.991232876712324,13.545,9.164931506849314,7.602739726027397,
2017,Rocky Mountain,47.12054794520548,7.505999999999999,9.1,7.271232876712329,
2017,Saguaro,72.1172602739726,15.095,9.872602739726027,8.03013698630137,
2017,Sequoia & Kings Canyon,58.72273972602739,9.109,9.80771349862259,7.780821917808219,
2017,Shenandoah,56.75068493150685,22.829,9.314246575342466,6.772602739726027,
2017,Theodore Roosevelt,43.68109589041096,10.459999999999999,9.36986301369863,6.073972602739726,
2018,North Cascades,50.09205479452054,64.382,7.915342465753424,4.7315068493150685,
2018,Olympic,49.580000000000005,37.607,8.953150684931508,4.117808219178082,
2018,Petrified Forest,56.12876712328767,10.905,9.7813698630137,7.473972602739726,
2018,Pinnacles,57.34849315068493,11.266,8.807945205479452,7.608219178082192,
2018,Rocky Mountain,47.08657534246575,5.308,9.356986301369863,7.983561643835617,
2018,Saguaro,70.89205479452055,14.801,9.84164383561644,8.021917808219179,
2018,Sequoia & Kings Canyon,59.324657534246576,4.5120000000000005,9.771780821917808,7.761643835616439,
2018,Shenandoah,55.53671232876713,40.211,8.98054794520548,5.328767123287672,
2018,Theodore Roosevelt,41.70082191780822,15.529,9.130958904109589,5.901369863013699,
2019,North Cascades,49.68904109589041,56.42,8.202739726027398,5.002739726027397,
2019,Olympic,49.07260273972603,30.92,9.30109589041096,4.095890410958904,
2019,Petrified Forest,54.403561643835616,9.113,9.76,7.468493150684932,
2019,Pinnacles,57.90931506849316,13.798,9.135068493150685,7.1068493150684935,
2019,Rocky Mountain,45.39369863013699,5.235,9.052054794520547,7.791780821917809,
2019,Saguaro,69.28,14.506,9.835342465753424,8.016438356164384,
2019,Sequoia & Kings Canyon,56.603013698630136,8.293,9.780000000000001,7.4,
2019,Shenandoah,56.30109589041096,25.939,9.117808219178082,5.671232876712328,
2019,Theodore Roosevelt,40.07808219178082,17.423000000000002,8.905753424657535,5.701369863013698,
2020,North Cascades,49.451092896174856,72.584,7.878688524590164,4.33879781420765,
2020,Olympic,49.46393442622951,42.903,8.934699453551913,4.467213114754099,
2020,Petrified Forest,56.52704918032787,5.368,9.806284153005464,7.1502732240437155,
2020,Pinnacles,58.269672131147544,6.582,8.984426229508196,7.532786885245901,
2020,Rocky Mountain,47.09426229508197,3.075,9.175136612021857,7.076502732240437,
2020,Saguaro,71.87868852459016,3.83,9.8724043715847,8.079234972677595,
2020,Sequoia & Kings Canyon,59.97896174863388,1.415,9.459016393442623,7.147540983606557,
2020,Shenandoah,56.72295081967213,36.81,9.209562841530055,5.497267759562842,
2020,Theodore Roosevelt,44.30464480874317,7.875,9.271584699453552,6.087431693989071,
2021,North Cascades,49.85123287671233,75.523,8.073698630136986,4.583561643835616,
2021,Olympic,49.04438356164384,32.522999999999996,9.238082191780823,4.813698630136987,
2021,Petrified Forest,55.597808219178084,11.359,9.793956043956044,6.717808219178083,
2021,Pinnacles,56.63205479452055,18.234,9.026575342465753,7.704109589041096,
2021,Rocky Mountain,46.76575342465753,19.002,8.876712328767123,6.967123287671233,
2021,Saguaro,70.74383561643836,15.803,9.842191780821919,7.989041095890411,
2021,Sequoia & Kings Canyon,59.809315068493156,5.064,9.638082191780823,7.123287671232877,
2021,Shenandoah,56.75232876712328,22.742,9.207123287671232,5.835616438356165,
2021,Theodore Roosevelt,45.52054794520548,12.683,8.934794520547944,5.857534246575343,
2022,North Cascades,49.01671232876712,51.397999999999996,8.238630136986302,4.515068493150685,10.280898876404494
2022,Olympic,49.24054794520548,20.805,9.37041095890411,4.531506849315068,11.657303370786517
2022,Petrified Forest,54.52301369863014,7.79,18.53095890410959,7.515068493150685,14.410112359550562
2022,Pinnacles,57.089863013698626,7.804,9.133698630136987,7.676712328767123,10.26685393258427
2022,Rocky Mountain,46.60739726027398,14.87,9.321917808219178,6.906849315068493,15.71629213483146
2022,Saguaro,69.5123287671233,8.905,9.835068493150686,8.227397260273973,17.415730337078653
2022,Sequoia & Kings Canyon,58.999726027397266,5.352,9.89013698630137,7.515068493150685,10.870786516853933
2022,Shenandoah,55.34739726027397,26.18,9.203287671232877,5.715068493150685,19.662921348314608
2022,Theodore Roosevelt,41.77917808219178,13.484,9.066849315068493,5.682191780821918,15.561797752808989
2023,North Cascades,50.91287671232877,51.151,8.215068493150685,4.654794520547945,10.493150684931507
2023,Olympic,50.36164383561644,17.059,9.465753424657533,4.956164383561644,10.643835616438356
2023,Petrified Forest,55.388219178082196,13.044,10.216438356164383,7.994520547945205,10.219178082191782
2023,Pinnacles,56.73150684931507,13.545,9.132054794520547,7.295890410958904,10.0
2023,Rocky Mountain,46.19178082191781,16.372,9.349041095890412,6.810958904109589,10.10958904109589
2023,Saguaro,70.69698630136986,8.115,9.815342465753425,8.271232876712329,10.849315068493151
2023,Sequoia & Kings Canyon,55.75123287671233,14.625,9.807123287671233,7.528767123287671,10.438356164383562
2023,Shenandoah,55.723287671232875,16.874,9.344383561643836,5.956164383561644,12.712328767123287
2023,Theodore Roosevelt,44.12821917808219,14.901,9.018356164383562,5.712328767123288,11.424657534246576
2010,Virgin Islands,81.31890410958904,32.724000000000004,9.273972602739725,7.542465753424658,
2010,Voyageurs,40.395890410958906,20.259,9.139178082191782,5.550684931506849,
2010,White Sands,61.66438356164384,39.085,10.193150684931506,8.246575342465754,
2010,Wind Cave,43.76219178082192,19.6,9.26109589041096,6.698630136986301,
2010,Wolf Trap,57.47260273972603,25.202,9.158904109589042,6.682191780821918,
2010,Wrangell - St Elias,28.154794520547945,34.183,19.138922155688622,3.7945205479452055,
2010,Yellowstone,31.83671232876712,28.975,8.98813559322034,6.5479452054794525,
2010,Yosemite,46.82657534246576,2.869,9.199452054794522,7.583561643835616,
2010,Zion,55.20328767123288,10.414,9.672876712328767,7.682191780821918,
2011,Virgin Islands,80.29616438356165,46.386,9.063287671232876,7.506849315068493,
2011,Voyageurs,39.36410958904109,19.998,9.186849315068494,5.427397260273972,
2011,White Sands,62.597534246575336,30.087,9.75095890410959,8.356164383561644,
2011,Wind Cave,43.02986301369863,20.603,9.201917808219179,6.663013698630137,
2011,Wolf Trap,57.56931506849315,46.324,9.096438356164384,6.517808219178082,
2011,Wrangell - St Elias,25.564109589041095,35.621,19.91404958677686,3.747945205479452,
2011,Yellowstone,31.34931506849315,27.657,8.624033149171272,6.6219178082191785,
2011,Yosemite,47.33671232876713,31.432,9.32,7.789041095890411,
2011,Zion,51.1013698630137,15.093,9.658904109589042,7.723287671232876,
2012,Virgin Islands,80.66693989071038,35.817,9.262841530054645,7.997267759562842,
2012,Voyageurs,41.61010928961748,26.401,9.110109289617487,5.530054644808743,
2012,White Sands,63.31338797814208,23.999,9.812021857923497,8.191256830601093,
2012,Wind Cave,46.94918032786886,13.202,9.563661202185793,6.825136612021858,
2012,Wolf Trap,58.656284153005465,34.586,9.20464480874317,6.614754098360656,
2012,Wrangell - St Elias,24.855464480874318,33.762,22.03049180327869,3.726775956284153,
2012,Yellowstone,34.81338797814208,22.799,8.74377358490566,6.631147540983607,
2012,Yosemite,49.62049180327868,2.124,9.587431693989071,7.76775956284153,
2012,Zion,55.98360655737705,9.593,9.762841530054645,7.7103825136612025,
2013,Virgin Islands,80.12602739726027,55.156,9.674246575342465,7.698630136986301,
2013,Voyageurs,36.34630136986301,33.609,8.990684931506848,5.353424657534247,
2013,White Sands,61.5358904109589,6.115,9.786849315068494,8.126027397260273,
2013,Wind Cave,42.91835616438356,26.636,9.276712328767124,6.575342465753424,
2013,Wolf Trap,56.14383561643836,46.059,9.148219178082192,6.454794520547945,
2013,Wrangell - St Elias,28.08219178082192,36.293,23.195871559633026,3.802739726027397,
2013,Yellowstone,31.90027397260274,21.455000000000002,9.440109890109891,6.586301369863014,
2013,Yosemite,49.42164383561644,0.609,9.580821917808219,7.838356164383562,
2013,Zion,53.44684931506849,11.981,9.732876712328768,7.619178082191781,
2014,Virgin Islands,80.22739726027397,33.842,9.407671232876712,8.01095890410959,
2014,Voyageurs,35.74739726027397,23.559,9.027397260273972,5.443835616438356,
2014,White Sands,62.71369863013699,6.418,9.834246575342465,7.961643835616439,
2014,Wind Cave,43.48931506849315,19.192,9.315068493150685,6.50958904109589,
2014,Wolf Trap,54.333698630136986,44.442,9.108767123287672,6.504109589041096,
2014,Wrangell - St Elias,28.205205479452054,41.171,24.163503649635036,3.852054794520548,
2014,Yellowstone,32.639178082191776,32.159,9.365,6.545205479452055,
2014,Yosemite,50.67123287671233,2.893,9.6813698630137,7.558904109589041,
2014,Zion,56.63232876712328,6.942,9.80958904109589,7.64931506849315,
2015,Virgin Islands,80.84794520547945,45.837,9.418082191780822,8.032876712328767,
2015,Voyageurs,40.294520547945204,30.006,9.094794520547945,5.515068493150685,
2015,White Sands,62.761917808219174,8.918000000000001,9.797534246575342,7.791780821917809,
2015,Wind Cave,46.00575342465753,23.076999999999998,9.173698630136986,6.6136986301369864,
2015,Wolf Trap,56.75835616438356,40.683,9.047671232876713,6.504109589041096,
2015,Wrangell - St Elias,27.604657534246577,34.727,,3.8219178082191783,
2015,Yellowstone,34.41205479452055,20.705,8.671296296296296,6.465753424657534,
2015,Yosemite,49.90328767123288,3.731,9.580821917808219,7.484931506849315,
2015,Zion,56.114794520547946,8.894,9.772602739726027,7.580821917808219,
2016,Virgin Islands,81.8535519125683,36.81,8.692349726775957,7.617486338797814,
2016,Voyageurs,41.05546448087431,52.0,8.909562841530056,5.456284153005464,
2016,White Sands,63.54262295081967,6.368,9.8,8.073770491803279,
2016,Wind Cave,46.71311475409836,16.281,9.446174863387979,6.73224043715847,
2016,Wolf Trap,57.84508196721311,35.868,9.269945355191258,6.5109289617486334,
2016,Wrangell - St Elias,28.80054644808743,30.507,,3.8524590163934427,
2016,Yellowstone,34.17322404371585,25.138,8.573282442748091,6.674863387978142,
2016,Yosemite,49.45655737704918,5.056,9.573770491803279,7.715846994535519,
2016,Zion,56.5516393442623,7.565,9.796174863387979,7.609289617486339,
2017,Virgin Islands,80.30657534246576,48.981,9.068156424581005,7.761643835616439,
2017,Voyageurs,38.719726027397265,37.879,8.89013698630137,5.446575342465754,
2017,White Sands,64.46739726027397,8.738,9.803561643835616,8.073972602739726,
2017,Wind Cave,45.16712328767123,20.02,9.28986301369863,6.638356164383562,
2017,Wolf Trap,57.97780821917809,39.439,9.284383561643835,6.632876712328767,
2017,Wrangell - St Elias,25.444657534246574,36.845,,3.758904109589041,
2017,Yellowstone,32.965753424657535,35.313,8.891369047619047,6.446575342465754,
2017,Yosemite,49.516438356164386,49.283,9.329863013698631,7.715068493150685,
2017,Zion,57.185753424657534,7.33,9.80082191780822,7.657534246575342,
2018,Virgin Islands,80.00767123287672,33.056,9.713698630136987,8.397260273972602,
2018,Voyageurs,37.91041095890411,43.116,9.093698630136988,5.586301369863014,
2018,White Sands,63.879726027397254,8.509,9.788493150684932,6.7315068493150685,
2018,Wind Cave,43.3627397260274,28.129,9.151780821917809,6.791780821917809,
2018,Wolf Trap,56.921369863013695,65.962,9.11041095890411,3.591780821917808,
2018,Wrangell - St Elias,26.944931506849315,34.531,,3.824657534246575,
2018,Yellowstone,32.747123287671236,27.347,8.971546961325968,5.331506849315068,
2018,Yosemite,49.251506849315064,32.397,9.418904109589041,7.156164383561644,
2018,Zion,56.903561643835616,8.271,9.806027397260275,7.882191780821918,
2019,Virgin Islands,80.50767123287672,35.85,9.830136986301369,8.361643835616439,
2019,Voyageurs,36.99506849315069,63.906,8.874246575342465,5.158904109589041,
2019,White Sands,62.49095890410959,6.894,9.783561643835617,7.96986301369863,
2019,Wind Cave,41.44931506849315,27.567,8.909041095890412,6.1726027397260275,
2019,Wolf Trap,57.77726027397261,41.085,9.219178082191782,3.873972602739726,
2019,Wrangell - St Elias,29.678356164383562,31.671,,3.873972602739726,
2019,Yellowstone,31.34986301369863,24.073,8.836164383561643,5.284931506849315,
2019,Yosemite,48.28109589041095,9.561,9.305753424657533,7.191780821917808,
2019,Zion,54.51479452054795,9.023,9.714246575342466,7.635616438356164,
2020,Virgin Islands,80.66010928961748,35.314,9.764207650273224,8.431693989071038,
2020,Voyageurs,39.461202185792345,13.988,9.230601092896174,5.054644808743169,
2020,White Sands,63.887978142076506,6.258,9.824590163934428,8.275956284153006,
2020,Wind Cave,45.2688524590164,26.889,9.323770491803279,6.491803278688525,
2020,Wolf Trap,58.332513661202185,51.173,9.329508196721312,4.030054644808743,
2020,Wrangell - St Elias,24.970218579234974,33.343,,3.7131147540983607,
2020,Yellowstone,32.43333333333334,24.075,8.8359375,5.827868852459017,
2020,Yosemite,48.388251366120215,10.073,9.236338797814208,7.467213114754099,
2020,Zion,56.62841530054645,3.873,9.805191256830602,8.12295081967213,
2021,Virgin Islands,81.06931506849315,25.849,9.75068493150685,8.515068493150684,
2021,Voyageurs,41.74246575342466,16.213,9.025753424657534,5.1068493150684935,
2021,White Sands,63.145753424657535,74.207,9.804931506849316,8.169863013698631,
2021,Wind Cave,45.79698630136987,22.227,9.307671232876713,6.454794520547945,
2021,Wolf Trap,58.393150684931506,36.519,9.402739726027397,3.9068493150684933,
2021,Wrangell - St Elias,24.563287671232878,34.204,,3.8054794520547945,
2021,Yellowstone,33.920273972602736,24.406,9.368181818181819,5.997260273972603,
2021,Yosemite,50.00684931506849,30.485,9.284383561643835,7.504109589041096,
2021,Zion,56.76383561643836,6.44,9.776712328767124,7.8931506849315065,
2022,Virgin Islands,80.82301369863013,38.258,9.78986301369863,8.550684931506849,34.41011235955056
2022,Voyageurs,36.841369863013696,25.807,8.91835616438356,4.873972602739726,11.839887640449438
2022,White Sands,61.948767123287666,9.56,9.813972602739726,8.169863013698631,18.679775280898877
2022,Wind Cave,44.22684931506849,14.633000000000001,9.496986301369864,6.531506849315068,15.280898876404494
2022,Wolf Trap,57.318356164383566,38.762,9.403835616438357,3.9315068493150687,19.424157303370787
2022,Wrangell - St Elias,26.13945205479452,42.004,10.772191011235956,3.419178082191781,10.0
2022,Yellowstone,31.563835616438354,29.632,12.37247191011236,5.964383561643835,10.758426966292134
2022,Yosemite,49.3786301369863,24.263,9.847671232876712,7.4301369863013695,10.50561797752809
2022,Zion,55.544931506849316,6.2860000000000005,9.792328767123289,8.04931506849315,12.4438202247191
2023,Virgin Islands,82.18109589041096,18.253,9.835342465753424,8.454794520547946,37.0
2023,Voyageurs,41.445205479452056,20.181,8.88109589041096,4.879452054794521,11.095890410958905
2023,White Sands,63.97123287671233,3.221,9.806301369863014,8.232876712328768,10.479452054794521
2023,Wind Cave,44.97808219178082,23.029,9.228493150684931,6.610958904109589,13.191780821917808
2023,Wolf Trap,59.33972602739726,32.092,9.359452054794522,4.024657534246575,13.315068493150685
2023,Wrangell - St Elias,26.56082191780822,34.841,10.834520547945205,3.5205479452054793,10.0
2023,Yellowstone,31.92684931506849,27.66,8.912602739726028,5.682191780821918,10.054794520547945
2023,Yosemite,45.77890410958904,43.84,9.189041095890412,6.736986301369863,10.712328767123287
2023,Zion,55.518630136986296,10.751,9.742465753424657,7.016438356164383,10.054794520547945
2010,American Samoa,81.88,95.21,10.403287671232876,6.997260273972603,
2011,American Samoa,80.8827397260274,66.225,14.097513812154697,7.476712328767123,
2012,American Samoa,80.91065573770491,40.982,9.548881789137381,6.939890710382514,
2013,American Samoa,81.63616438356165,107.591,10.447397260273974,6.923287671232877,
2014,American Samoa,81.11287671232877,90.145,10.504109589041096,6.956164383561644,
2015,American Samoa,80.60383561643836,67.435,10.408219178082192,7.013698630136986,
2016,American Samoa,82.20874316939891,107.969,10.474863387978143,7.1502732240437155,
2017,American Samoa,81.54712328767124,120.798,10.441095890410958,6.876712328767123,
2018,American Samoa,81.14739726027398,153.208,10.453698630136985,7.254794520547946,
2019,American Samoa,81.69150684931508,143.902,10.465205479452056,7.027397260273973,
2020,American Samoa,81.90027322404372,202.426,10.40983606557377,6.9316939890710385,
2021,American Samoa,81.63397260273973,110.894,10.658082191780823,7.457534246575342,
2022,American Samoa,81.59945205479451,115.053,10.669041095890412,9.01095890410959,30.68820224719101
2023,American Samoa,81.91753424657534,129.837,10.564109589041097,8.745205479452055,28.684931506849313
