,Year,Park Name,Spending,Visitation,temp_avg,precip_sum,visibility,uvindex,severerisk,acres,count,dmr,light_pollution_ratio
0,2011,Acadia,8269,2374645.0,46.89232876712329,22.795,8.591506849315069,5.761643835616439,,0.1,1.0,,
1,2012,Acadia,8183,2431052.0,47.80491803278688,40.778,8.823770491803279,5.830601092896175,,,,,
2,2013,Acadia,7866,2254922.0,46.00328767123288,20.232,8.608493151,5.720547945205479,,0.1,1.0,,
3,2014,Acadia,7866,2563129.0,45.793150684931504,49.318,8.822191780821917,5.7095890410958905,,0.3,3.0,,
4,2015,Acadia,7837,2811184.0,45.32547945205479,33.863,8.722191780821918,5.926027397260274,,,,68250049.04,
5,2016,Acadia,8022,3303393.0,46.52322404371585,36.667,9.071857923497268,5.8497267759562845,,1.0,10.0,71029340.7,
6,2017,Acadia,8144,3509271.0,46.42876712328767,21.915,8.830684932,5.717808219178083,,0.2,2.0,59858098.61,
7,2018,Acadia,8129,3537575.0,46.17068493150685,37.005,8.737808219178083,5.109589041095891,,0.2,2.0,65829758.16,
8,2019,Acadia,8169,3437286.0,45.19945205479452,53.799,8.826301369863014,5.175342465753425,,0.3,2.0,92644120.86,
9,2020,Acadia,8224,2669034.0,47.380874316939895,36.568,8.736885246,5.811475409836065,,,,,
10,2021,Acadia,8514,4069098.0,47.88191780821919,37.126,9.064383561643837,5.668493150684932,,,,,
11,2022,Acadia,8777,3970260.0,47.76246575342466,20.952,8.713150684931508,5.679452055,11.530898876404494,,,,
12,2023,Acadia,8777,,47.94931506849315,38.426,8.593698630136988,5.353424657534247,10.383561643835616,,,119512309.0,
13,2024,Acadia,9461,,,,,,,,,,
14,2011,American Samoa,1951,8716.0,80.88273973,66.225,14.097513812154697,7.476712328767123,,,,,
15,2012,American Samoa,1951,10440.0,80.91065573770491,40.982,9.54888178913738,6.939890710382514,,,,,
16,2013,American Samoa,1944,17919.0,81.63616438356165,107.591,10.447397260273974,6.923287671232877,,,,,
17,2014,American Samoa,1944,13953.0,81.11287671232877,90.145,10.504109589041096,6.956164383561644,,,,,
18,2015,American Samoa,1925,13892.0,80.60383561643836,67.435,10.408219178082192,7.013698630136986,,,,922729.8685,
19,2016,American Samoa,1933,28892.0,82.20874316939891,107.969,10.474863387978145,7.150273224043716,,,,819076.8285,
20,2017,American Samoa,2013,69468.0,81.54712328767124,120.798,10.441095890410958,6.876712328767123,,,,956927.516,
21,2018,American Samoa,2009,28626.0,81.14739726027398,153.208,10.453698630136984,7.254794520547946,,,,1353626.016,
22,2019,American Samoa,2021,60006.0,81.69150684931508,143.902,10.465205479452056,7.027397260273973,,,,1656843.706,
23,2020,American Samoa,2029,4819.0,81.90027322404372,202.426,10.40983606557377,6.931693989071039,,,,,
24,2021,American Samoa,1417,8495.0,81.63397260273973,110.894,10.658082191780824,7.457534246575342,,,,,
25,2022,American Samoa,1452,1887.0,81.59945205479451,115.053,10.669041095890412,9.010958904,30.68820224719101,,,,
26,2023,American Samoa,1452,,81.91753424657534,129.837,10.564109589041095,8.745205479452055,28.684931506849317,,,424205.0,
27,2024,American Samoa,1562,,,,,,,,,,
28,2011,Arches,1981,1040758.0,52.90301369863013,6.638,9.820273973,7.405479452054794,,,,,
29,2012,Arches,1981,1070577.0,56.03934426229509,3.442,9.819398907103825,7.535519126,,,,,
30,2013,Arches,1917,1082866.0,51.61945205479452,7.016,9.664931506849316,7.383561643835616,,,,,
31,2014,Arches,1917,1284767.0,55.431232876712336,7.146,9.793424657534246,7.389041095890411,,,,,
32,2015,Arches,1898,1399247.0,55.60712328767123,8.453,9.76510989,7.317808219178082,,,,19886458.94,
33,2016,Arches,1938,1585718.0,56.499453551912566,4.877,9.781420765027322,7.407103825136612,,,,24678597.64,
34,2017,Arches,1972,1539028.0,57.34931506849315,3.991,9.786027397260272,7.361643835616438,,,,25648543.32,
35,2018,Arches,1968,1663557.0,56.22438356164384,6.37,9.711538461538462,7.298630136986302,,,,24399380.7,
36,2019,Arches,1978,1659702.0,53.70493150684931,8.167,9.647397260273973,7.3342465753424655,,,,11182712.19,
37,2020,Arches,1994,1238083.0,55.17732240437159,3.106,9.720491803278687,7.412568306010929,,,,,
38,2021,Arches,2107,1806865.0,55.74739726027397,7.588,9.790958904,7.383561643835616,,,,,
39,2022,Arches,2183,1460652.0,54.80876712328767,6.629,9.866849315068494,7.410958904109589,11.418539325842696,,,,
40,2023,Arches,2183,,54.78410959,5.287,9.8227397260274,7.531506849315068,10.0,,,10383642.0,
41,2024,Arches,2365,,,,,,,,,,
42,2011,Badlands,4575,870741.0,46.52657534246576,15.988,9.328493150684931,6.509589041,,,,,0.175
43,2012,Badlands,4485,883406.0,50.98524590163934,13.653,9.607103825136614,6.770491803278689,,3.1,5.0,,
44,2013,Badlands,4337,892372.0,46.31095890410959,20.113,9.348767123287672,6.586301369863014,,0.2,1.0,,
45,2014,Badlands,4337,868094.0,45.798630136986304,18.624,9.415342465753424,6.465753424657534,,,,,
46,2015,Badlands,4294,989354.0,48.834794520547945,21.275,9.405205479452055,6.536986301369863,,,,17498477.9,
47,2016,Badlands,4317,996263.0,49.54781420765028,14.176,9.513114754,6.680327868852459,,,,25869135.5,
48,2017,Badlands,4424,1054325.0,48.57835616438356,12.8,9.5186301369863,6.665753424657535,,1.6,2.0,26514500.58,
49,2018,Badlands,4415,1008942.0,45.84,28.837,9.160547945,6.4,,3.2,2.0,33453532.47,
50,2019,Badlands,4435,970998.0,44.15534246575343,22.685,9.052054794520547,6.216438356164384,,,,33811635.54,
51,2020,Badlands,4538,916932.0,48.83387978142077,49.8,9.502732240437158,6.672131147540983,,,,,
52,2021,Badlands,4580,1224226.0,49.39013698630137,27.293,9.421917808219176,6.523287671232877,,2375.4300000000003,4.0,,
53,2022,Badlands,4537,1006809.0,47.092602739726026,14.357,9.485479452054795,6.523287671232877,16.72752808988764,120.98,2.0,,
54,2023,Badlands,4537,,47.86493150684932,17.197,9.309863014,6.394520547945206,13.32876712328767,,,56616515.0,
55,2024,Badlands,4800,,,,,,,,,,
56,2011,Big Bend,7387,361862.0,70.02273973,3.954,,8.608219178082193,,2226.1,4.0,,
57,2012,Big Bend,7387,292055.0,69.32349726775956,11.471,,8.278688524590164,,0.5,5.0,,
58,2013,Big Bend,6989,316953.0,66.75808219178083,12.98,,8.197260273972603,,2.0,3.0,,
59,2014,Big Bend,6989,314102.0,67.59808219178082,12.816,,8.238356164383562,,5.699999999999999,4.0,,
60,2015,Big Bend,6939,381747.0,66.99178082191781,14.758,,8.098630136986301,,62.4,4.0,86815056.71,
61,2016,Big Bend,7003,388290.0,68.58661202185793,18.697,,8.090163934,,2090.5,9.0,89480405.26,
62,2017,Big Bend,7272,440276.0,69.27041095890411,14.348,,8.180821917808219,,1252.0,7.0,100421335.3,
63,2018,Big Bend,7255,440091.0,67.88520547945205,14.044,,8.060273973,,1356.0,6.0,89657789.94,
64,2019,Big Bend,7290,463832.0,68.15972602739726,10.691,,8.252054794520548,,199.1,10.0,124438101.9,
65,2020,Big Bend,7345,393907.0,69.13114754,10.346,,8.442622950819672,,299.31,9.0,,
66,2021,Big Bend,7479,581220.0,68.54027397260275,9.683,,8.487671232876712,,1347.66,7.0,,
67,2022,Big Bend,7718,514107.0,68.37205479452055,4.583,34.88005617977528,8.567123287671233,18.117977528089888,34.73,4.0,,
68,2023,Big Bend,7718,,69.92767123,28.065,11.016986301369862,8.263013698630138,14.753424657534246,24.51,9.0,138503994.0,
69,2024,Big Bend,8235,,,,,,,6.0,1.0,,
70,2011,Biscayne,4461,476077.0,76.23232876712329,50.837,9.670684932,7.3342465753424655,,,,,
71,2012,Biscayne,4384,495613.0,75.68989071038251,84.24,13.40464480874317,7.043715846994536,,,,,
72,2013,Biscayne,4254,486848.0,76.44109589041096,57.341,9.688493150684932,6.967123287671233,,,,,
73,2014,Biscayne,4254,525745.0,76.18438356164383,49.306,9.66219178082192,7.079452054794521,,,,,30.36
74,2015,Biscayne,4211,508164.0,77.76986301369863,54.597,9.655068493150685,6.953424657534247,,,,9849278.976,
75,2016,Biscayne,4234,514709.0,76.70327868852459,60.952,9.654371584699453,6.7923497267759565,,,,12069391.0,
76,2017,Biscayne,4280,446961.0,77.01698630136987,49.39,9.636164383561644,7.279452054794521,,0.3,2.0,12527745.55,
77,2018,Biscayne,4290,469253.0,76.70109589041097,61.123,9.749589041,4.701369863013698,,,,1480962.357,
78,2019,Biscayne,4317,708522.0,77.48931506849314,51.34,9.750136986,5.435616438356164,,,,1416475.091,
79,2020,Biscayne,4360,402770.0,77.74016393442623,71.673,9.671311475409835,7.3743169398907105,,1.07,1.0,,
80,2021,Biscayne,4439,705655.0,77.04273972602739,48.812,9.69835616438356,7.071232876712329,,,,,
81,2022,Biscayne,4500,701023.0,77.20657534246575,55.342,9.736438356164385,7.454794520547945,65.19662921348315,0.5,1.0,,
82,2023,Biscayne,4500,,77.74136986301369,57.453,9.682465753424657,7.728767123287671,41.73972602739726,,,90287062.0,
83,2024,Biscayne,4789,,,,,,,,,,
84,2011,Black Canyon of the Gunnison,1701,168336.0,42.28164383561644,0.967,9.704109589041096,7.652054794520548,,8.9,4.0,,
85,2012,Black Canyon of the Gunnison,1701,192570.0,45.41994535519126,0.733,9.742896174863388,7.658469945355192,,,,,
86,2013,Black Canyon of the Gunnison,1647,175852.0,41.985205479452055,1.299,9.558082191780825,7.493150684931507,,0.2,2.0,,
87,2014,Black Canyon of the Gunnison,1647,183045.0,44.00328767123288,1.068,9.721917808219178,7.457534246575342,,,,,
88,2015,Black Canyon of the Gunnison,1751,209166.0,44.389589041095896,1.245,9.683287671232875,7.3561643835616435,,,,6514685.916,
89,2016,Black Canyon of the Gunnison,1779,238018.0,44.09562841530055,0.922,9.723497267759564,7.420765027322404,,0.1,1.0,6745170.789,
90,2017,Black Canyon of the Gunnison,1905,307143.0,45.709041095890406,0.988,9.754520547945203,7.534246575342466,,,,6508999.12,
91,2018,Black Canyon of the Gunnison,1901,308962.0,45.23780821917808,0.683,9.749041096,7.254794520547946,,0.1,1.0,7790635.909,
92,2019,Black Canyon of the Gunnison,1911,432818.0,42.418082191780826,0.907,9.65917808219178,7.210958904109589,,,,5031186.477,
93,2020,Black Canyon of the Gunnison,1926,341620.0,44.9068306,0.56,9.655191256830602,7.428961748633879,,,,,
94,2021,Black Canyon of the Gunnison,1964,308910.0,44.92821917808219,16.995,9.729315068493152,7.323287671232877,,0.2,2.0,,
95,2022,Black Canyon of the Gunnison,2019,297257.0,43.50136986,18.237,10.31917808219178,7.4301369863013695,11.292134831460674,,,,
96,2023,Black Canyon of the Gunnison,2019,,43.26136986,16.527,9.712602739726028,7.295890410958904,10.0,,,12141882.0,
97,2024,Black Canyon of the Gunnison,2175,,,,,,,,,,
98,2011,Bryce Canyon,3531,1296000.0,41.73205479452055,12.177,9.529395604395605,7.783561643835616,,,,,
99,2012,Bryce Canyon,3531,1385352.0,44.72622950819672,9.733,9.620218579234972,7.715846994535519,,,,,
100,2013,Bryce Canyon,3268,1311875.0,41.89287671232877,17.022,9.511780821917808,7.646575342465753,,,,,
101,2014,Bryce Canyon,3268,1435741.0,43.74219178082192,14.166,9.63835616438356,7.704109589041096,,,,,
102,2015,Bryce Canyon,3232,1745804.0,43.09068493150685,17.84,9.452328767123287,7.605479452054794,,,,37111153.43,
103,2016,Bryce Canyon,3279,2365110.0,42.72759563,11.648,9.496174863387978,7.642076503,,,,27478962.82,
104,2017,Bryce Canyon,3329,2571684.0,44.02082191780822,9.948,9.537260273972604,7.736986301369863,,,,27126866.6,
105,2018,Bryce Canyon,3323,2679478.0,44.02109589041096,9.929,9.613972602739723,7.241095890410959,,,,25787576.66,
106,2019,Bryce Canyon,3338,2594904.0,40.46410958904109,14.167,9.246849315068491,7.208219178082191,,,,26376095.28,
107,2020,Bryce Canyon,3361,1464655.0,43.2292349726776,4.844,9.669945355191258,7.480874317,,,,,
108,2021,Bryce Canyon,3602,2104600.0,43.49917808219178,11.084,9.537260273972604,7.224657534246575,,,,,
109,2022,Bryce Canyon,3702,2354660.0,42.60931506849315,8.171,9.719178082191782,7.328767123287672,11.882022471910112,,,,
110,2023,Bryce Canyon,3702,,40.08054794520548,10.887,9.403835616438355,7.156164383561644,10.0,,,16764043.0,
111,2024,Bryce Canyon,3966,,,,,,,,,,
112,2011,Canyonlands,6797,473773.0,53.26931506849315,6.614,10.637808219178083,7.591780821917808,,0.1,1.0,,0.04
113,2012,Canyonlands,6797,452952.0,55.23551912568306,3.454,10.274043715846997,7.644808743169399,,,,,
114,2013,Canyonlands,6270,462242.0,51.40520547945206,6.886,9.664931506849316,7.610958904109589,,3.7,3.0,,
115,2014,Canyonlands,6270,542431.0,55.13534246575343,7.152,9.796164383561644,7.591780821917808,,0.2,2.0,,
116,2015,Canyonlands,6202,634607.0,55.50821917808219,8.449,9.77835616438356,7.432876712328767,,0.1,1.0,43144249.82,
117,2016,Canyonlands,6237,776218.0,56.26502732240437,4.879,9.799453551912569,7.5683060109289615,,23.1,2.0,45179990.5,
118,2017,Canyonlands,6328,742271.0,56.91671232876712,3.968,9.823287671232876,7.5698630136986305,,0.2,2.0,40671343.95,
119,2018,Canyonlands,6322,739449.0,56.24547945205479,6.252,9.759726027,7.306849315068493,,0.1,1.0,21005442.92,
120,2019,Canyonlands,6354,733996.0,53.95780821917808,8.173,9.696438356164384,7.328767123287672,,0.2,2.0,24187570.5,
121,2020,Canyonlands,6399,493914.0,54.88961748633879,3.107,9.745628415300546,7.6256830601092895,,0.1,1.0,,
122,2021,Canyonlands,6565,911594.0,55.66438356164384,7.577,9.81945205479452,7.583561643835616,,,,,
123,2022,Canyonlands,6797,779147.0,54.80191780821918,6.649,9.851232876712327,7.567123287671233,10.786516853932584,0.1,1.0,,
124,2023,Canyonlands,6797,,54.53424657534247,5.29,9.834246575342464,7.638356164383562,10.0,0.1,1.0,61328080.0,
125,2024,Canyonlands,7286,,,,,,,,,,
126,2011,Capitol Reef,2382,668834.0,49.59698630136987,7.247,35.53361344537815,7.580821917808219,,,,,
127,2012,Capitol Reef,2382,673345.0,53.06912568306011,5.054,38.67881040892193,7.587431693989071,,,,,
128,2013,Capitol Reef,2246,663670.0,49.78849315068493,11.367,,7.545205479452055,,,,,
129,2014,Capitol Reef,2246,786514.0,52.738082191780826,7.037,9.872268907563026,7.572602739726028,,,,,
130,2015,Capitol Reef,2275,941029.0,52.10575342465753,12.779,9.814497041420118,7.424657534246576,,,,3836949.19,
131,2016,Capitol Reef,2357,1064904.0,51.91885245901639,9.26,9.795167286245354,7.530054644808743,,,,7738003.734,
132,2017,Capitol Reef,2397,1150165.0,53.431232876712336,8.082,9.859178082,7.523287671232877,,,,8379815.685,
133,2018,Capitol Reef,2392,1227627.0,53.19589041,8.823,9.803287671232878,7.186301369863013,,,,8977333.906,
134,2019,Capitol Reef,2405,1226519.0,50.38657534246575,10.48,9.697586206896553,7.098630136986301,,,,11415258.95,
135,2020,Capitol Reef,2427,981038.0,52.78251366120219,4.08,9.740213523131672,7.150273224043716,,,,,
136,2021,Capitol Reef,2531,1405353.0,52.70767123287671,9.297,9.85,7.2027397260273975,,,,,
137,2022,Capitol Reef,2615,1227608.0,52.04109589041096,2.723,9.9613698630137,7.394520547945206,10.898876404494382,,,,
138,2023,Capitol Reef,2615,,50.72136986,15.374,9.839726027,7.646575342465753,10.0,,,20121952.0,
139,2024,Capitol Reef,2880,,,,,,,,,,
140,2011,Carlsbad Caverns,6279,365000.0,63.99123287671232,3.728,9.413150684931509,8.375342465753425,,30489.5,2.0,,
141,2012,Carlsbad Caverns,6279,381058.0,63.91147540983607,9.481,9.491256830601094,8.12568306,,,,,
142,2013,Carlsbad Caverns,5765,388566.0,61.85452054794521,12.072,9.21808219178082,8.109589041,,,,,
143,2014,Carlsbad Caverns,5765,397309.0,62.35068493150685,7.997,9.238082191780824,8.002739726027396,,,,,
144,2015,Carlsbad Caverns,5764,445720.0,61.87890410958904,14.902,9.244657534246576,7.947945205479452,,,,44411003.07,
145,2016,Carlsbad Caverns,5721,466773.0,62.77896174863388,12.046,9.588524590163937,7.969945355191257,,20.1,2.0,44044498.95,
146,2017,Carlsbad Caverns,5819,520026.0,63.96767123287671,11.517,9.543561643835616,8.016438356164384,,,,46819347.65,
147,2018,Carlsbad Caverns,5815,465912.0,62.98465753424658,9.644,9.548493150684932,8.169863013698631,,,,39868411.65,
148,2019,Carlsbad Caverns,5841,440691.0,62.61780821917808,5.492,9.565753424657537,8.213698630136987,,,,39708808.36,
149,2020,Carlsbad Caverns,5874,183835.0,63.564207650273225,3.96,9.477322404371584,8.256830601092895,,,,,
150,2021,Carlsbad Caverns,5960,349244.0,62.69753424657534,11.793,9.346575342465751,8.101369863013698,,,,,
151,2022,Carlsbad Caverns,6106,390932.0,62.60493150684931,8.167,9.383287671232877,8.213698630136987,17.780898876404493,,,,
152,2023,Carlsbad Caverns,6106,,64.80493150684931,5.386,9.330410958904109,8.150684931506849,12.246575342465754,0.1,1.0,53137425.0,
153,2024,Carlsbad Caverns,6481,,,,,,,,,,
154,2011,Channel Islands,7579,242756.0,58.16273972602741,14.221,8.792876712328768,7.928767123287671,,,,,
155,2012,Channel Islands,7579,249594.0,58.607650273224046,10.399,8.772131147540984,7.901639344262295,,,,,
156,2013,Channel Islands,7547,212029.0,58.90520547945206,3.87,8.777260273972603,7.997260273972603,,,,,
157,2014,Channel Islands,7547,342161.0,61.90054794520548,9.925,9.064931506849314,7.863013698630137,,,,,1.545
158,2015,Channel Islands,7240,324816.0,62.22684931506849,4.16,9.1186301369863,7.854794520547945,,,,16702721.73,
159,2016,Channel Islands,7331,364807.0,60.74863387978142,12.688,8.969672131147542,7.882513661202186,,,,13453019.38,
160,2017,Channel Islands,7456,383687.0,60.40383561643836,17.23,8.715068493150685,7.879452054794521,,,,13692363.82,
161,2018,Channel Islands,7523,366250.0,60.26191780821917,8.9,8.938630136986301,8.008219178082191,,,,11268023.62,
162,2019,Channel Islands,7577,409630.0,59.12054794520548,20.211,8.946027397260275,7.460273973,,,,11908599.55,
163,2020,Channel Islands,7647,167290.0,59.564207650273225,7.568,8.731693989071038,7.251366120218579,,,,,
164,2021,Channel Islands,7793,319252.0,58.60328767123288,12.751,8.616986301369863,7.863013698630137,,,,,
165,2022,Channel Islands,7917,323245.0,59.620821917808215,7.314,8.801369863013699,8.150684931506849,10.196629213483146,,,,
166,2023,Channel Islands,7917,,59.42794520547945,22.356,8.692876712328767,7.515068493150685,10.10958904109589,,,91720174.0,
167,2024,Channel Islands,8314,,,,,,,,,,
168,2011,Congaree,1935,120166.0,64.31589041,38.824,9.159726027,7.123287671232877,,,,,
169,2012,Congaree,1935,109685.0,64.55573770491803,41.909,9.171311475409835,6.920765027322404,,,,,
170,2013,Congaree,1877,120340.0,62.82082191780822,51.736,9.732876712328768,6.863013698630137,,,,,
171,2014,Congaree,1877,120122.0,62.479726027397255,44.53,9.189315068493151,6.846575342465753,,,,,
172,2015,Congaree,1858,87513.0,64.99808219178082,62.382,9.101643835616438,6.789041095890411,,,,4270067.851,
173,2016,Congaree,1869,143843.0,64.79016393442623,47.839,9.282513661202186,7.117486338797814,,0.1,1.0,3907896.207,
174,2017,Congaree,1890,159595.0,65.33287671232877,44.069,9.377260273972604,7.073972602739726,,,,3803872.649,
175,2018,Congaree,1894,145929.0,64.42547945205479,52.923,9.298082191780823,6.191780821917808,,1.0,1.0,6832408.034,
176,2019,Congaree,1903,159445.0,65.42356164383561,46.997,9.240821918,6.167123287671233,,,,8031958.955,
177,2020,Congaree,1922,119306.0,64.94480874,54.003,9.293715846994536,6.084699453551913,,45.02,2.0,,
178,2021,Congaree,1955,215181.0,63.91068493150685,43.122,9.188767123287672,6.408219178082192,,492.2000000000001,3.0,,
179,2022,Congaree,1817,204522.0,64.08739726027397,39.574,9.3586301369863,6.2027397260273975,30.74438202247191,627.66,2.0,,
180,2023,Congaree,1817,,64.45589041095892,46.215,9.352602739726027,6.030136986,18.013698630136986,,,22686243.0,
181,2024,Congaree,1934,,,,,,,,,,
182,2011,Crater Lake,5530,423551.0,43.21890410958904,22.608,,6.627397260273972,,1230.4,27.0,,
183,2012,Crater Lake,5530,447251.0,45.18469945355191,30.999,,6.5,,0.3,3.0,,
184,2013,Crater Lake,5318,523027.0,44.93232876712329,15.66,,6.863013698630137,,4.8,21.0,,
185,2014,Crater Lake,5318,535508.0,47.72547945205479,31.756,,6.586301369863014,,322.70000000000005,42.0,,
186,2015,Crater Lake,5265,614712.0,47.92219178082191,29.657,,6.665753424657535,,20853.7,21.0,83979593.58,
187,2016,Crater Lake,5348,756344.0,45.36010928961748,35.038,,6.573770491803279,,1073.4,8.0,85318818.13,
188,2017,Crater Lake,5452,711749.0,45.35589041095891,33.58,,6.493150684931507,,15826.7,9.0,94080987.97,
189,2018,Crater Lake,5442,720659.0,46.16438356164384,23.905,,6.632876712328767,,3326.2,17.0,100440129.0,
190,2019,Crater Lake,5470,704512.0,45.00575342465753,30.071,,6.605479452054794,,1.3,10.0,142814506.5,
191,2020,Crater Lake,5512,670500.0,46.43825136612022,26.537,,6.724043715846994,,1.7000000000000002,14.0,,
192,2021,Crater Lake,5645,647751.0,46.96027397260274,23.553,,6.668493150684932,,21.59,11.0,,
193,2022,Crater Lake,5673,527259.0,42.60383561643835,72.834,18.489606741573034,6.6219178082191785,12.514044943820224,4.15,16.0,,
194,2023,Crater Lake,5673,,38.89835616438356,273.419,8.027123287671234,6.347945205479452,10.52054794520548,6.87,20.0,193452740.0,
195,2024,Crater Lake,5949,,,,,,,,,,
196,2011,Cuyahoga Valley,11238,2161185.0,51.88986301369863,50.354,8.582465753424657,5.8712328767123285,,,,,
197,2012,Cuyahoga Valley,11143,2299722.0,53.71530054644808,34.694,9.000819672131149,6.243169398907104,,0.8,2.0,,
198,2013,Cuyahoga Valley,10877,2103010.0,50.30027397260274,37.107,8.891506849,5.942465753424657,,,,,
199,2014,Cuyahoga Valley,10877,2189849.0,49.05452054794521,30.914,8.897808219178081,6.1506849315068495,,,,,
200,2015,Cuyahoga Valley,10769,2284612.0,52.06356164383562,32.948,9.010410959,6.117808219178082,,,,40824920.07,
201,2016,Cuyahoga Valley,10825,2423390.0,54.50601092896175,26.572,9.212295081967213,6.232240437,,,,44387747.34,
202,2017,Cuyahoga Valley,11035,2226879.0,53.93315068493151,28.536,9.123287671232877,6.005479452054795,,,,45813356.39,
203,2018,Cuyahoga Valley,10836,2096053.0,52.31972602739726,34.476,9.027123287671234,5.4,,,,51863771.46,
204,2019,Cuyahoga Valley,10900,2237997.0,52.51178082,28.87,9.073972602739726,5.512328767123288,,,,55967201.28,
205,2020,Cuyahoga Valley,10992,2755628.0,53.767486338797816,33.316,9.158743169398909,5.401639344262295,,,,,
206,2021,Cuyahoga Valley,11217,2575275.0,54.37835616438356,29.105,9.158630136986302,5.594520547945206,,13.93,1.0,,
207,2022,Cuyahoga Valley,11592,2913312.0,52.83643835616438,28.853,9.013424657534246,5.641095890410959,16.151685393258425,,,,
208,2023,Cuyahoga Valley,11592,,53.84876712328767,29.685,9.003287671232876,5.747945205479452,12.068493150684931,,,162176038.0,
209,2024,Cuyahoga Valley,12299,,,,,,,,,,
210,2011,Death Valley,9132,946867.0,76.74273973,0.0,,8.008219178082191,,,,,0.195
211,2012,Death Valley,9132,984568.0,79.38142076502731,0.0,,7.983606557377049,,,,,
212,2013,Death Valley,8770,951972.0,78.57561643835616,0.0,,7.994520547945205,,,,,
213,2014,Death Valley,8770,1101312.0,80.07424657534246,0.0,,7.936986301369863,,,,,
214,2015,Death Valley,8682,1154843.0,79.51041096,0.0,,7.8493150684931505,,,,0.0,
215,2016,Death Valley,8758,1296283.0,79.48907103825137,0.0,,7.920765027322404,,,,140121726.3,
216,2017,Death Valley,8885,1294827.0,80.00465753424658,0.0,,7.994520547945205,,,,139335915.2,
217,2018,Death Valley,8868,1678660.0,80.19808219178081,0.0,,8.082191780821917,,,,128869756.3,
218,2019,Death Valley,8912,1740945.0,77.22575342465754,0.0,,7.871232876712328,,,,153205891.6,
219,2020,Death Valley,8976,820023.0,79.39890710382514,0.251,,8.057377049180328,,,,,
220,2021,Death Valley,9587,1146551.0,78.22657534246575,0.8039999999999999,,7.956164383561644,,,,,
221,2022,Death Valley,9710,1128862.0,79.68219178082192,1.497,44.37949438202247,8.032876712328767,11.095505617977528,,,,
222,2023,Death Valley,9710,,77.55945205479452,4.736,10.196164383561644,7.912328767123288,10.0,,,234669196.0,
223,2024,Death Valley,10559,,,,,,,,,,
224,2011,Denali,13976,406582.0,16.76109589041096,74.578,22.63665480427046,3.5232876712328767,,2534.9,1.0,,
225,2012,Denali,13976,388433.0,15.109562841530057,79.055,21.713366336633666,3.346994535519125,,216.8,2.0,,
226,2013,Denali,13881,530922.0,17.531232876712327,78.564,16.562343096234308,3.416438356164384,,98116.3,9.0,,
227,2014,Denali,13881,531315.0,20.03945205479452,72.519,19.9968,3.367123287671233,,,,,
228,2015,Denali,13743,560757.0,22.47013698630137,78.548,17.026639344262296,3.372602739726027,,14693.8,10.0,52628328.74,
229,2016,Denali,13909,587412.0,32.243169398907106,81.761,16.810729613733905,3.2131147540983607,,3.0,1.0,50336451.13,
230,2017,Denali,14531,642809.0,30.066027397260275,81.968,16.280172413793103,3.2739726027397262,,,,54733275.37,
231,2018,Denali,14603,594660.0,30.715890410958902,88.287,14.183333333333332,3.3698630136986303,,474.7,3.0,51784799.83,
232,2019,Denali,14694,601152.0,32.50219178082192,88.57300000000001,13.516182572614108,3.643835616438356,,49527.8,1.0,61373701.94,
233,2020,Denali,14795,54850.0,27.72267759562841,80.934,16.7,3.2158469945355197,,693.07,3.0,,
234,2021,Denali,15111,229521.0,26.854794520547944,73.289,16.766666666666666,3.778082191780822,,20.73,2.0,,
235,2022,Denali,15556,427562.0,28.64575342465753,40.879,8.953424657534246,4.243835616438356,10.0,15.26,2.0,,
236,2023,Denali,15556,,27.96054794520548,34.921,8.365479452054794,3.2273972602739724,10.0,,,57016565.0,
237,2024,Denali,16603,,,,,,,,,,
238,2011,Dry Tortugas,1785,75171.0,77.94219178082191,48.998,,7.397260273972603,,,,,
239,2012,Dry Tortugas,1785,60550.0,79.24726775956285,63.142,,7.090163934426229,,,,,
240,2013,Dry Tortugas,1730,58401.0,79.45972602739725,75.428,,7.076712328767123,,,,,
241,2014,Dry Tortugas,1730,64865.0,78.60493150684931,55.422,,7.090410958904109,,,,,
242,2015,Dry Tortugas,1884,70862.0,79.35369863013699,43.289,,7.153424657534247,,,,56336687.99,
243,2016,Dry Tortugas,1890,73661.0,80.00245901639344,35.292,,6.844262295081967,,,,58828779.16,
244,2017,Dry Tortugas,2083,54281.0,78.36602739726027,0.95,,7.3561643835616435,,,,60259376.99,
245,2018,Dry Tortugas,2095,56810.0,77.77232877,1.162,,7.043835616438356,,,,62868146.95,
246,2019,Dry Tortugas,2107,79200.0,79.17561643835616,1.752,12.4,7.167123287671233,,,,30937411.36,
247,2020,Dry Tortugas,2124,48543.0,79.60027322404372,49.521,,6.871584699453552,,,,,
248,2021,Dry Tortugas,2162,83817.0,80.29671232876711,36.306,,7.238356164383561,,,,,
249,2022,Dry Tortugas,2224,78488.0,78.11808219178081,48.435,12.422752808988765,8.419178082191781,55.73033707865169,,,,
250,2023,Dry Tortugas,2224,,79.56246575342466,74.875,9.944109589041096,7.610958904109589,43.49315068493151,,,155126578.0,
251,2024,Dry Tortugas,2386,,,,,,,,,,
252,2011,Everglades,17991,934351.0,75.86191780821918,50.606,9.628767123287671,7.394520547945206,,,,,
253,2012,Everglades,17491,1141906.0,75.34726775956284,72.373,12.417486338797817,7.0710382513661205,,,,,
254,2013,Everglades,16953,1047116.0,76.15123287671233,52.618,9.685205479452057,6.969863014,,,,,
255,2014,Everglades,16953,1110901.0,76.00493150684932,49.698,9.645479452054794,7.024657534246575,,,,,3.6633333333333336
256,2015,Everglades,16612,1077427.0,77.45068493150686,55.245,9.650136986301373,6.983561643835617,,,,78218847.68,
257,2016,Everglades,16760,930907.0,76.40355191,61.515,9.668306010928962,6.775956284153006,,,,78190173.58,
258,2017,Everglades,16835,1018557.0,76.9709589,49.849,9.643287671232876,7.317808219178082,,,,90906801.86,
259,2018,Everglades,16774,597124.0,76.46273972602741,55.955,9.756438356164384,7.073972602739726,,,,74724664.25,
260,2019,Everglades,16884,1118300.0,77.27972602739726,51.954,9.735068493150685,7.076712328767123,,,,88648654.49,
261,2020,Everglades,17037,702319.0,77.54371584699453,67.027,9.63169398907104,7.177595628,,,,,
262,2021,Everglades,17371,942130.0,76.91945205479452,48.535,9.675616438356164,7.473972602739726,,,,,
263,2022,Everglades,17885,1155193.0,76.91452055,58.203,9.747945205479452,7.509589041,60.81460674157304,,,,
264,2023,Everglades,17885,,77.36191780821918,56.87,9.656712328767124,7.465753424657534,36.0,,,252779892.0,
265,2024,Everglades,19211,,,,,,,,,,
266,2011,Gates of the Arctic,2881,11623.0,17.754520547945205,18.676,8.361559888579388,2.9315068493150687,,,,,
267,2012,Gates of the Arctic,2881,10899.0,14.718579234972678,0.068,8.221857923497268,2.860655737704918,,,,,
268,2013,Gates of the Arctic,2863,11012.0,16.852602739726027,3.616,8.104923076923077,2.9424657534246577,,,,,
269,2014,Gates of the Arctic,2863,12669.0,20.197534246575344,5.316,8.439828080229226,2.8164383561643835,,,,,
270,2015,Gates of the Arctic,3012,10745.0,19.853972602739727,2.467,8.047262247838617,2.863013698630137,,,,928026.61,
271,2016,Gates of the Arctic,3025,10047.0,20.526775956284155,5.284,8.373926380368099,3.0163934426229506,,,,832622.57,
272,2017,Gates of the Arctic,3172,11177.0,20.42821917808219,7.169,8.206629834254144,2.868493150684932,,,,944371.77,
273,2018,Gates of the Arctic,3166,9591.0,20.403013698630136,10.792,8.338781163434904,3.0657534246575344,,,,922236.1,
274,2019,Gates of the Arctic,3191,10518.0,20.84054794520548,10.856,8.804153355,3.032876712328767,,,,919268.86,
275,2020,Gates of the Arctic,3209,2872.0,16.89945355191257,9.695,8.093602693602694,3.0245901639344264,,,,,
276,2021,Gates of the Arctic,3260,7362.0,15.833972602739726,8.844,8.262145110410094,2.967123287671233,,,,,
277,2022,Gates of the Arctic,3334,9457.0,17.904931506849316,5.474,8.473698630136987,3.043835616438356,10.0,,,,
278,2023,Gates of the Arctic,3334,,18.90109589041096,10.097,8.720821918,2.8109589041095893,10.054794520547944,,,1049162.0,
279,2024,Gates of the Arctic,3622,,,,,,,,,,
280,2011,Gateway Arch,26538,2259020.0,56.89013698630137,43.172,9.063013698630137,6.567123287671233,,,,,
281,2012,Gateway Arch,26089,2496726.0,59.54945355191256,33.475,9.386065573770493,6.825136612021858,,,,,
282,2013,Gateway Arch,25282,2377258.0,54.94821917808219,39.331,9.23945205479452,6.586301369863014,,,,,
283,2014,Gateway Arch,25282,1817091.0,54.53589041,39.512,9.18,6.550684931506849,,,,,
284,2015,Gateway Arch,32930,1698656.0,57.74684931506849,54.894,9.172602739726027,6.372602739726028,,,,0.0,
285,2016,Gateway Arch,24769,1271855.0,59.05819672131148,39.133,9.343169398907104,6.379781420765028,,,,25846163.66,
286,2017,Gateway Arch,25346,1398188.0,59.40821917808219,30.527,9.431780821917808,6.673972602739726,,,,24446749.24,
287,2018,Gateway Arch,25298,2016180.0,56.58684932,51.419,9.210136986,5.780821917808219,,,,24551305.93,
288,2019,Gateway Arch,25489,2055309.0,56.172876712328765,48.064,9.273972602739724,5.873972602739726,,,,31260655.9,
289,2020,Gateway Arch,10165,486021.0,56.67732240437159,47.801,9.277595628,5.882513661202186,,,,,
290,2021,Gateway Arch,10373,1145081.0,57.30575342465753,37.678,9.346575342465751,6.019178082191781,,,,,
291,2022,Gateway Arch,10736,1618774.0,56.24219178082192,48.285,9.372328767123289,6.342465753424658,25.21067415730337,,,,
292,2023,Gateway Arch,10736,,58.80465753424658,33.64,9.367397260273972,6.191780821917808,18.054794520547944,,,37775929.0,
293,2024,Gateway Arch,11374,,,,,,,,,,
294,2011,Glacier,14410,431986.0,40.403561643835616,12.468,9.239118457300275,5.608219178082192,,27.9,10.0,,
295,2012,Glacier,14410,454337.0,42.34699453551912,10.932,9.329863013698631,5.598360655737705,,160.5,4.0,,
296,2013,Glacier,13741,500590.0,42.21534246575342,11.64,9.191780821917808,5.5917808219178085,,0.4,4.0,,
297,2014,Glacier,13741,500727.0,41.14356164383562,14.308,8.976712328767123,5.5479452054794525,,1.5,6.0,,
298,2015,Glacier,13324,551353.0,44.304931506849314,8.428,8.981643835616438,5.684931506849315,,23828.0,22.0,179807896.8,
299,2016,Glacier,13481,520171.0,43.71502732240437,21.833,9.136885246,5.565573770491803,,10.6,5.0,148262903.2,
300,2017,Glacier,13823,547057.0,41.51424657534247,10.044,8.627945205479453,5.539726027,,21718.5,23.0,153838276.0,
301,2018,Glacier,13777,597915.0,41.20027397260274,8.573,8.788767123287672,4.4,,17435.2,8.0,131189893.6,
302,2019,Glacier,13862,672087.0,39.59890410958904,9.922,8.995890410958904,4.460273973,,0.5,5.0,179273366.5,
303,2020,Glacier,13959,5748.0,42.28469945355192,11.554,9.036438356164384,4.617486338797814,,0.8,8.0,,
304,2021,Glacier,14364,89768.0,42.67013698630137,22.029,9.052328767123289,4.764383561643836,,0.2,2.0,,
305,2022,Glacier,15115,545758.0,40.92821917808219,6.926,8.835342465753424,4.742465753424658,10.337078651685394,1979.81,9.0,,
306,2023,Glacier,15115,,43.71780821917808,16.54,8.817534246575343,4.887671232876713,10.32876712328767,2.25,12.0,100798673.0,
307,2024,Glacier,16226,,,,,,,,,,
308,2011,Glacier Bay,4821,1853564.0,41.91589041,4.898,9.324383561643836,3.1013698630136988,,,,,
309,2012,Glacier Bay,4821,2162035.0,41.543169398907104,12.795,9.33826815642458,2.846994535519125,,,,,
310,2013,Glacier Bay,4862,2190374.0,42.714520547945206,19.182,9.028169014084508,3.191780821917808,,,,,
311,2014,Glacier Bay,4862,2338528.0,43.54246575342466,83.464,9.111987382,3.1671232876712327,,,,,
312,2015,Glacier Bay,4813,2366056.0,44.02931506849316,40.121,9.285082872928175,3.115068493150685,,,,11310667.61,
313,2016,Glacier Bay,4837,2946681.0,44.06284153005465,49.944,9.426111111111112,3.128415300546448,,,,13716151.55,
314,2017,Glacier Bay,5073,3305512.0,41.84301369863014,48.441,9.238950276243092,3.186301369863014,,,,9442527.78,
315,2018,Glacier Bay,5063,2965309.0,43.285753424657536,39.114,9.211506849,3.0767123287671234,,,,13009732.15,
316,2019,Glacier Bay,5103,3049839.0,44.23945205479452,42.247,9.220273973,3.5506849315068494,,,,17664216.87,
317,2020,Glacier Bay,5145,1698864.0,42.60519126,51.606,9.113387978142075,3.4371584699453552,,,,,
318,2021,Glacier Bay,5237,3081656.0,41.654794520547945,42.643,9.144931506849316,3.1232876712328768,,,,,
319,2022,Glacier Bay,5406,2908458.0,43.10438356164384,46.467,8.903561643835618,3.2986301369863016,10.112359550561798,,,,
320,2023,Glacier Bay,5406,,43.96410958904109,72.972,8.701917808219177,3.112328767123288,10.10958904109589,,,27516175.0,
321,2024,Glacier Bay,5954,,,,,,,,,,
322,2011,Grand Canyon,23076,4298178.0,46.06520547945205,13.332,9.612328767123287,7.961643835616439,,4599.700000000001,23.0,,
323,2012,Grand Canyon,23076,4421352.0,47.62650273224043,7.974,9.664480874,7.860655737704918,,43.6,22.0,,
324,2013,Grand Canyon,21363,4564840.0,46.123561643835615,12.411,9.669315068493152,7.838356164383562,,252.9,27.0,,
325,2014,Grand Canyon,21363,4756771.0,48.22054794520548,7.95,9.646575342465754,7.791780821917809,,6427.4,27.0,,
326,2015,Grand Canyon,21148,5520736.0,48.201369863013696,18.331,9.599178082,7.690410959,,2.6,15.0,371589415.2,
327,2016,Grand Canyon,21486,5969811.0,49.26475409836066,15.223,9.588251366120218,7.7650273224043715,,15095.1,19.0,353354523.8,
328,2017,Grand Canyon,21733,6254238.0,49.04027397260274,11.637,9.536712328767123,7.81917808219178,,0.3,3.0,329437053.8,
329,2018,Grand Canyon,21546,6380495.0,48.72547945205479,11.531,9.529863014,7.504109589041096,,11841.7,28.0,313866912.6,
330,2019,Grand Canyon,21654,5974411.0,46.65917808219178,15.722,9.495068493150686,7.282191780821917,,16488.5,17.0,314444838.6,
331,2020,Grand Canyon,21798,2897098.0,48.35737704918033,5.914,9.743715846994537,7.7650273224043715,,8364.18,11.0,,
332,2021,Grand Canyon,22446,4532677.0,48.411232876712326,11.295,9.592602739726027,7.249315068493151,,5.02,14.0,,
333,2022,Grand Canyon,23027,4732101.0,47.50054794520548,15.933,9.629315068,6.986301369863014,12.963483146067416,1489.9499999999998,20.0,,
334,2023,Grand Canyon,23027,,47.613150684931504,13.951,9.476986301369864,6.723287671232876,10.0,121.08,17.0,829025955.0,
335,2024,Grand Canyon,24753,,,,,,,,,,
336,2011,Grand Teton,13733,2587437.0,36.74246575342466,6.541,9.105479452054794,6.693150684931507,,0.7000000000000001,7.0,,
337,2012,Grand Teton,13733,2705256.0,40.32650273224044,7.429,9.094535519125683,6.759562841530054,,2.6,11.0,,
338,2013,Grand Teton,12630,2688794.0,37.7027397260274,6.506,9.220547945,6.690410959,,243.1,8.0,,
339,2014,Grand Teton,12630,2791392.0,38.850136986301365,13.03,11.40082191780822,6.632876712328767,,0.5,3.0,,
340,2015,Grand Teton,12275,3149921.0,39.98931506849315,17.548000000000002,9.244657534246576,6.526027397260274,,7.3,4.0,207816744.3,
341,2016,Grand Teton,12369,3270076.0,39.85245901639344,16.682,9.320218579234972,6.756830601092896,,20829.5,17.0,190800484.5,
342,2017,Grand Teton,12561,3317000.0,39.45753424657534,14.123,9.293150684931506,6.542465753424658,,,,178630524.7,
343,2018,Grand Teton,12537,3491151.0,39.16027397260274,14.29,9.275342465753424,6.301369863013699,,3.8,4.0,181005620.9,
344,2019,Grand Teton,12599,3405614.0,36.93150684931507,15.055,9.191506849315068,6.2465753424657535,,0.7000000000000001,7.0,166881527.1,
345,2020,Grand Teton,12678,3289638.0,38.200819672131146,13.614,9.116393443,6.437158469945355,,0.8,8.0,,
346,2021,Grand Teton,12985,3885230.0,40.2854794520548,12.029,9.120547945,6.427397260273972,,0.7000000000000001,6.0,,
347,2022,Grand Teton,13398,2806223.0,37.07835616438357,7.405,9.181643836,6.424657534246576,12.682584269662922,0.5,5.0,,
348,2023,Grand Teton,13398,,37.61753424657534,6.072,9.233698630136988,6.235616438356164,10.438356164383562,0.2,2.0,180094978.0,
349,2024,Grand Teton,14396,,,,,,,,,,
350,2011,Great Basin,2861,91451.0,47.03397260273973,12.768,9.695616438356163,7.509589041,,,,,
351,2012,Great Basin,2861,94850.0,50.50901639344262,11.914,9.722677595628417,7.540983606557377,,0.2,2.0,,
352,2013,Great Basin,2757,92893.0,47.602739726027394,7.893,9.714520547945206,7.457534246575342,,0.5,3.0,,
353,2014,Great Basin,2757,107526.0,50.39369863013699,8.598,9.778630136986305,7.463013698630137,,0.1,1.0,,
354,2015,Great Basin,2779,116123.0,50.66712328767123,9.828,9.698626373626372,7.213698630136986,,0.2,2.0,16942598.92,
355,2016,Great Basin,2744,144846.0,50.30792349726776,10.142,9.635068493150683,7.448087431693989,,4656.0,1.0,16945076.24,
356,2017,Great Basin,2799,168028.0,50.352876712328765,10.639,9.724571428571428,7.517808219178082,,0.2,2.0,17450741.12,
357,2018,Great Basin,2794,153094.0,49.984931506849314,7.541,9.754647887323944,4.073972602739726,,0.1,1.0,14925849.45,
358,2019,Great Basin,2809,131802.0,47.28493150684932,13.829,9.656160458452725,5.383561643835616,,0.2,2.0,17867376.71,
359,2020,Great Basin,2830,120248.0,50.73278689,5.363,9.743989071038252,7.975409836065574,,0.3,2.0,,
360,2021,Great Basin,2882,144875.0,50.53643835616438,8.268,9.557938718662951,7.70958904109589,,,,,
361,2022,Great Basin,2904,142115.0,49.13123287671233,7.866,9.86164383561644,7.756164383561644,10.224719101123595,0.1,1.0,,
362,2023,Great Basin,2904,,47.56849315068493,11.496,9.600547945,7.605479452054794,10.0,,,23094383.0,
363,2024,Great Basin,3099,,,,,,,,,,
364,2011,Great Sand Dunes,2366,280058.0,42.726301369863016,4.385,9.65780821917808,7.778082191780822,,,,,
365,2012,Great Sand Dunes,2366,254674.0,43.88333333333333,5.24,9.699453551912567,7.795081967213115,,,,,0.16
366,2013,Great Sand Dunes,2286,242841.0,39.744109589041095,8.458,9.403835616438355,7.70958904109589,,,,,
367,2014,Great Sand Dunes,2286,271774.0,42.76438356164383,4.75,9.596438356164384,7.632876712328767,,,,,
368,2015,Great Sand Dunes,2263,299513.0,43.86904109589041,9.532,9.550410959,7.495890410958904,,,,8032789.254,
369,2016,Great Sand Dunes,2304,388308.0,43.168306010928966,6.892,9.578961749,7.672131147540983,,,,8868083.684,
370,2017,Great Sand Dunes,2344,486935.0,44.67972602739726,9.397,9.637808219178083,7.734246575342466,,,,10396934.13,
371,2018,Great Sand Dunes,2340,442905.0,44.68383561643836,3.98,9.704931506849316,7.673972602739726,,,,8069390.129,
372,2019,Great Sand Dunes,2352,527546.0,41.148493150684935,7.044,9.550410959,7.460273973,,,,8437838.129,
373,2020,Great Sand Dunes,2373,461532.0,44.07404372,5.197,9.643715846994535,7.710382513661202,,,,,
374,2021,Great Sand Dunes,2403,602613.0,43.60767123287671,5.993,9.540273973,7.630136986,,,,,
375,2022,Great Sand Dunes,2760,493428.0,42.08328767123288,9.314,9.484931506849316,7.608219178082192,13.497191011235955,,,,
376,2023,Great Sand Dunes,2760,,42.78054794520548,4.666,9.471232876712328,7.561643835616438,10.123287671232877,,,8930666.0,
377,2024,Great Sand Dunes,2946,,,,,,,,,,
378,2011,Great Smoky Mountains,20341,9008830.0,57.68520547945205,40.624,8.611780821917808,7.038356164383561,,77.9,3.0,,
379,2012,Great Smoky Mountains,19637,9685829.0,58.03688524590164,39.998,8.680054644808743,6.907103825136612,,100.0,3.0,,
380,2013,Great Smoky Mountains,19023,9354695.0,55.58027397260274,42.86,8.566027397260275,6.726027397260274,,10.2,3.0,,
381,2014,Great Smoky Mountains,19023,10099276.0,55.05726027397261,39.597,8.835342465753424,6.969863014,,,,,
382,2015,Great Smoky Mountains,18834,10712674.0,57.59424657534247,43.919,8.819178082191781,6.734246575342466,,,,232283727.4,
383,2016,Great Smoky Mountains,19111,11312786.0,59.50136612021858,34.574,9.065846995,7.226775956284153,,240.2,3.0,211192042.0,
384,2017,Great Smoky Mountains,19426,11338893.0,59.20767123287671,35.784,8.990136986301371,6.989041095890411,,,,215451902.1,
385,2018,Great Smoky Mountains,19377,11421200.0,58.31589041,54.415,8.92,5.747945205479452,,,,235895972.7,
386,2019,Great Smoky Mountains,19472,12547743.0,59.42465753424658,47.403,9.008219178082191,6.123287671232877,,0.1,1.0,202014159.4,
387,2020,Great Smoky Mountains,19616,12095720.0,57.90901639344263,47.514,8.845628415300547,5.931693989071039,,,,,
388,2021,Great Smoky Mountains,20228,14161548.0,57.95753424657534,41.774,8.946575342465753,6.008219178082192,,0.2,2.0,,
389,2022,Great Smoky Mountains,20664,12937633.0,57.43369863013699,40.846,9.072328767123288,6.421917808219178,19.49438202247191,0.2,2.0,,
390,2023,Great Smoky Mountains,20664,,58.474794520547945,38.603,8.939178082,6.383561643835616,13.178082191780822,6.44,4.0,301341925.0,
391,2024,Great Smoky Mountains,22124,,,,,,,,,,
392,2011,Guadalupe Mountains,3017,152546.0,62.03260273972603,4.555,8.958791208791208,8.375342465753425,,,,,
393,2012,Guadalupe Mountains,3017,159360.0,62.12459016393442,8.067,9.032513661202186,8.188524590163935,,,,,
394,2013,Guadalupe Mountains,2915,145670.0,59.67589041095891,14.985,8.440821918,8.084931506849315,,,,,
395,2014,Guadalupe Mountains,2915,166868.0,60.03890410958904,12.738,8.848333333333333,8.016438356164384,,,,,
396,2015,Guadalupe Mountains,2886,169535.0,60.00547945205479,15.436,9.082044198895028,7.956164383561644,,,,5533476.34,
397,2016,Guadalupe Mountains,2901,181839.0,61.39863387978142,13.039,9.429589041095891,8.010928961748634,,,,5503664.412,
398,2017,Guadalupe Mountains,2937,225257.0,62.377808219178085,12.62,9.347671232876712,8.04109589,,,,6411208.105,
399,2018,Guadalupe Mountains,2931,172347.0,61.80273973,6.715,9.257260273972603,7.117808219178082,,,,5865024.421,
400,2019,Guadalupe Mountains,2945,188833.0,60.66986301369863,5.5,9.294794520547946,7.964383561643835,,,,7940150.057,
401,2020,Guadalupe Mountains,2967,151256.0,61.32486338797815,5.345,8.990710382513662,8.112021857923498,,,,,
402,2021,Guadalupe Mountains,3026,243291.0,61.21589041,16.134999999999998,8.734269663,8.115068493150686,,,,,
403,2022,Guadalupe Mountains,3128,219987.0,60.90739726027397,10.884,8.659726027,8.046575342465754,14.25561797752809,,,,
404,2023,Guadalupe Mountains,3128,,63.87890410958904,7.02,8.585753424657534,8.227397260273973,11.547945205479452,,,48522419.0,
405,2024,Guadalupe Mountains,3347,,,,,,,,,,
406,2011,Haleakala,5329,956989.0,74.97616438356164,11.23,10.042191780821918,8.131506849315068,,0.1,1.0,,
407,2012,Haleakala,5436,1094668.0,74.68169398907104,5.273,10.05792349726776,8.5,,,,,0.1433333333333333
408,2013,Haleakala,5371,785300.0,75.71369863013699,15.198,10.027397260273972,8.369863014,,,,,
409,2014,Haleakala,5371,1142040.0,76.11616438356165,21.479,9.967397260273971,8.216438356164383,,,,,
410,2015,Haleakala,5317,1216772.0,76.46986301369863,31.287,9.956438356164384,8.394520547945206,,,,22331454.2,
411,2016,Haleakala,5382,1263558.0,76.36284153005464,20.737,9.893442623,8.407103825136613,,,,22384766.31,
412,2017,Haleakala,5596,1112390.0,76.18602739726028,26.194,9.956986301369865,8.520547945205479,,,,21107901.62,
413,2018,Haleakala,5585,1044084.0,76.23013698630137,23.288,9.773698630136986,7.556164383561644,,,,24382236.31,
414,2019,Haleakala,5623,994394.0,77.6090411,13.07,9.868493150684932,8.158904109589042,,,,26014699.23,
415,2020,Haleakala,5668,319147.0,77.44453551912568,11.168,9.939344262295082,7.961748633879782,,,,,
416,2021,Haleakala,5767,853181.0,75.81013698630137,24.178,9.828219178082191,7.756164383561644,,,,,
417,2022,Haleakala,5925,1087616.0,77.09945205479451,6.44,9.816712328767125,7.884931506849315,11.095505617977528,,,,
418,2023,Haleakala,5925,,76.10054794520548,10.186,9.796164383561644,7.704109589041096,10.547945205479452,,,73318870.0,
419,2024,Haleakala,6388,,,,,,,,,,
420,2011,Hawaii Volcanoes,7125,1352123.0,55.51698630136986,20.132,9.238356164383562,8.523287671232877,,,,,
421,2012,Hawaii Volcanoes,7018,1483928.0,55.81830601092896,17.67,9.289890710382512,8.950819672131148,,,,,
422,2013,Hawaii Volcanoes,7355,1583209.0,56.06027397260274,19.695,9.722739726027395,8.706849315068494,,,,,
423,2014,Hawaii Volcanoes,7355,1693005.0,56.78520547945205,23.448,9.710136986,8.509589041095891,,,,,
424,2015,Hawaii Volcanoes,7281,1832660.0,57.574520547945205,51.181,9.197534246575342,8.583561643835617,,,,78932237.43,
425,2016,Hawaii Volcanoes,7551,1887580.0,57.66366120218579,45.958,9.346721311,8.718579234972678,,,,76214949.36,
426,2017,Hawaii Volcanoes,7871,2016702.0,56.91424657534247,34.084,9.494246575342466,8.769863014,,,,85545253.57,
427,2018,Hawaii Volcanoes,7856,1116891.0,56.84465753424657,62.275,9.247671232876712,7.197260273972603,,,,92735494.03,
428,2019,Hawaii Volcanoes,7910,1368376.0,57.44219178082192,20.347,9.455616438356165,7.652054794520548,,,,107336432.9,
429,2020,Hawaii Volcanoes,7974,589775.0,57.50437158469945,24.191,9.503825136612022,7.756830601092896,,,,,
430,2021,Hawaii Volcanoes,8227,1262747.0,55.59835616438357,60.457,9.209315068,7.545205479452055,,,,,
431,2022,Hawaii Volcanoes,8297,1580961.0,53.53424657534247,28.734,9.356043956043957,7.758904109589041,10.674157303370787,,,,
432,2023,Hawaii Volcanoes,8297,,55.88301369863014,43.104,9.437260273972605,7.586301369863014,10.164383561643836,,,201852756.0,
433,2024,Hawaii Volcanoes,9028,,,,,,,,,,
434,2011,Hot Springs,4751,1396354.0,63.43671232876713,52.656,9.092328767123288,7.227397260273973,,,,,
435,2012,Hot Springs,4751,1302505.0,65.17213114754098,34.886,9.396721311,7.191256830601093,,5.8,6.0,,
436,2013,Hot Springs,4599,1325719.0,61.34849315068493,43.68,9.246027397260274,7.128767123287672,,,,,
437,2014,Hot Springs,4599,1424484.0,60.48986301369863,41.174,9.068219178082192,7.005479452054795,,2.0,1.0,,
438,2015,Hot Springs,4553,1418162.0,63.32794520547945,60.376,9.285205479452054,6.8712328767123285,,0.4,2.0,19595323.08,
439,2016,Hot Springs,4577,1544300.0,64.32595628415301,47.213,9.381967213114754,6.896174863387978,,20.4,5.0,19960757.51,
440,2017,Hot Springs,4652,1561616.0,64.73315068,34.473,9.408767123287673,6.983561643835617,,0.1,1.0,12360491.16,
441,2018,Hot Springs,4639,1506887.0,63.27561643835616,59.624,9.248767123287672,5.263013698630137,,0.1,1.0,14939420.44,
442,2019,Hot Springs,4662,1467153.0,63.17452054794521,53.087,9.137808219178083,6.123287671232877,,,,14158542.95,
443,2020,Hot Springs,4683,1348215.0,62.88961748633879,62.476,9.26174863387978,5.863387978142076,,,,,
444,2021,Hot Springs,4600,2162884.0,63.42301369863014,35.656,9.097534246575345,6.065753424657534,,136.62,1.0,,
445,2022,Hot Springs,4831,2646133.0,63.08246575342466,31.351,9.252328767123288,6.457534246575342,32.73314606741573,162.63,3.0,,
446,2023,Hot Springs,4831,,64.46904109589042,42.23,9.01890410958904,6.216438356164384,26.383561643835616,17.63,3.0,30263112.0,
447,2024,Hot Springs,6001,,,,,,,1.0,1.0,,
448,2011,Indiana Dunes,9508,1840513.0,51.18630136986302,35.684,8.677808219178083,,,0.6000000000000001,6.0,,
449,2012,Indiana Dunes,9371,1889381.0,53.46174863387978,24.718,8.885792349726776,,,75.0,9.0,,
450,2013,Indiana Dunes,9086,1681695.0,48.87424657534246,32.175,8.747945205479452,,,11.4,9.0,,
451,2014,Indiana Dunes,9086,1553372.0,46.86684932,33.047,8.704657534246575,,,0.4,4.0,,
452,2015,Indiana Dunes,8996,1640195.0,50.706849315068496,30.042,8.792602739726028,,,266.1,3.0,27110696.64,
453,2016,Indiana Dunes,9046,1698223.0,52.551366120218574,29.444,9.116939890710382,,,420.0,6.0,25394949.83,
454,2017,Indiana Dunes,9447,2158471.0,52.17397260273973,31.837,8.793424657534246,,,16.4,15.0,26556235.84,
455,2018,Indiana Dunes,9366,1756079.0,50.88520547945205,29.404,8.469315068,5.2967032967032965,,0.2,2.0,27797754.55,
456,2019,Indiana Dunes,9383,2134285.0,50.08739726027397,35.697,8.966301369863015,5.139726027,,223.9,7.0,28333844.98,
457,2020,Indiana Dunes,9408,2293106.0,51.17868852459016,31.04,8.922404372,5.633879781420765,,0.03,2.0,,
458,2021,Indiana Dunes,9478,3177210.0,52.032876712328765,29.885,8.879726027,5.583561643835616,,424.58,1.0,,
459,2022,Indiana Dunes,9748,2834180.0,49.87561643835616,22.753,8.98,5.539726027,,,,,
460,2023,Indiana Dunes,9748,,51.76328767123288,30.37,8.797808219178084,5.479452055,,,,46119113.0,
461,2024,Indiana Dunes,10392,,,,,,,,,,
462,2011,Isle Royale,4593,15892.0,39.079726027397264,19.225,15.111764705882353,5.367123287671233,,0.1,1.0,,0.19
463,2012,Isle Royale,4497,16663.0,42.41120218579235,23.829,13.790548780487804,5.480874317,,5.0,1.0,,0.11
464,2013,Isle Royale,4349,16274.0,36.49863014,21.0,10.380440771349862,5.326027397260274,,0.1,1.0,,
465,2014,Isle Royale,4349,14560.0,34.827397260273976,18.91,9.034794520547946,5.205479452054795,,,,,
466,2015,Isle Royale,4306,18684.0,38.82410958904109,35.484,9.189256198347108,5.416438356164384,,,,15470123.56,
467,2016,Isle Royale,4326,24966.0,41.04562841530055,24.736,9.184426229508198,5.363387978142076,,,,14877294.24,
468,2017,Isle Royale,4661,28196.0,39.43698630136986,23.031,9.156438356164385,5.158904109589041,,,,17676294.17,
469,2018,Isle Royale,4614,25798.0,37.72438356164383,17.464,9.262637362637362,5.101369863013699,,,,17881876.68,
470,2019,Isle Royale,4503,26410.0,37.74356164383561,23.512,9.204089219330855,5.098630136986301,,,,12514386.59,
471,2020,Isle Royale,4465,6493.0,40.05546448087431,19.004,9.390756302521009,5.224043715846994,,,,,
472,2021,Isle Royale,4590,25844.0,41.82246575342466,20.71,9.179063360881544,4.920547945205479,,,,,
473,2022,Isle Royale,4678,25454.0,37.53205479452055,28.418,10.474175824175823,4.5917808219178085,10.0,6.14,1.0,,
474,2023,Isle Royale,4678,,41.30301369863014,15.72,8.80109589,4.454794520547945,10.164383561643836,,,57704535.0,
475,2024,Isle Royale,5021,,,,,,,,,,
476,2011,Joshua Tree,6381,1396237.0,70.76849315068493,1.814,9.380547945,8.167123287671233,,,,,
477,2012,Joshua Tree,6381,1396117.0,73.23333333333333,2.548,9.462568306,8.12295082,,,,,
478,2013,Joshua Tree,6145,1383340.0,72.28794520547945,2.164,9.780547945,8.120547945,,,,,
479,2014,Joshua Tree,6145,1589904.0,74.26794520547945,1.641,9.788219178082192,8.109589041,,,,,
480,2015,Joshua Tree,6084,2025756.0,73.39150684931508,4.551,9.823287671232876,8.057534246575342,,,,60715374.49,
481,2016,Joshua Tree,6159,2505286.0,73.59043715846994,4.348,9.763114754,8.166666666666666,,,,35494526.33,
482,2017,Joshua Tree,6245,2853619.0,74.55726027,3.502,9.813424657534249,8.087671232876712,,,,46796158.68,
483,2018,Joshua Tree,6233,2942382.0,75.01671232876711,3.471,9.786849315068494,8.090410959,,,,65923906.77,
484,2019,Joshua Tree,6283,2988547.0,72.61397260273972,6.629,9.615342465753423,7.967123287671233,,,,44380237.93,
485,2020,Joshua Tree,6327,2399542.0,73.94016393442622,3.035,9.721857923497268,8.027322404371585,,,,,
486,2021,Joshua Tree,6776,3064400.0,74.13643835616438,1.486,9.805479452054794,8.038356164383561,,,,,
487,2022,Joshua Tree,6827,3058294.0,73.60712328767123,1.84,9.81780821917808,8.010958904,16.30617978,,,,
488,2023,Joshua Tree,6827,,72.02082191780822,4.14,9.512054794520548,7.920547945205479,10.438356164383562,,,133581292.0,
489,2024,Joshua Tree,7161,,,,,,,,,,
490,2011,Katmai,3949,48939.0,39.33753424657535,64.981,7.954411764705882,3.4465753424657533,,,,,
491,2012,Katmai,3949,39818.0,36.57103825136612,54.378,7.996405229,3.560109289617486,,,,,
492,2013,Katmai,3967,28966.0,41.40410959,66.407,8.332710280373833,3.5616438356164384,,,,,
493,2014,Katmai,3967,30896.0,41.81506849315068,63.009,8.231564245810056,3.728767123287671,,,,,
494,2015,Katmai,3927,37818.0,41.66767123287672,67.704,8.360989011,3.3945205479452056,,,,12003876.46,
495,2016,Katmai,3981,37818.0,41.37486338797815,64.765,8.415909090909091,3.4153005464480874,,,,9292783.938,
496,2017,Katmai,4327,37818.0,40.41479452054794,54.568,8.032402234636871,3.638356164383562,,,,9138087.8,
497,2018,Katmai,4319,37818.0,40.99671232876712,70.93900000000001,7.667791411042944,3.649315068493151,,,,9910310.224,
498,2019,Katmai,4344,84167.0,41.37726027,68.346,7.576420454545455,3.758904109589041,,,,7872323.5,
499,2020,Katmai,4375,51511.0,39.88469945355191,53.496,7.784782608695652,3.8224043715847,,,,,
500,2021,Katmai,4449,24764.0,34.02191780821918,55.394,8.525,3.8,,,,,
501,2022,Katmai,4566,33908.0,37.01671232876713,68.746,8.932584269662922,3.841095890410959,10.0,,,,
502,2023,Katmai,591,,38.4745205479452,51.081,8.515890410958905,4.071232876712329,10.0,,,6979450.0,
503,2024,Katmai,5149,,,,,,,,,,
504,2011,Kenai Fjords,3807,346852.0,39.01917808219178,54.293,9.324931506849314,3.2684931506849315,,,,,
505,2012,Kenai Fjords,3807,281279.0,37.60409836065574,54.984,9.124043715846994,3.1666666666666665,,,,,
506,2013,Kenai Fjords,3809,283502.0,41.73287671232877,62.845,9.076986301369862,3.347945205479452,,,,,
507,2014,Kenai Fjords,3809,270666.0,43.99424657534247,48.565,9.226027397260276,3.4547945205479453,,,,,
508,2015,Kenai Fjords,3771,296697.0,44.01643835616439,58.131,9.367671232876711,3.2684931506849315,,,,4148151.11,
509,2016,Kenai Fjords,3855,346534.0,44.00300546448088,61.802,9.329234972677597,3.1448087431693987,,,,2445318.885,
510,2017,Kenai Fjords,4066,303598.0,40.98082191780822,51.62,9.256438356164384,3.3095890410958906,,,,1756716.512,
511,2018,Kenai Fjords,4058,321596.0,42.145753424657535,54.017,9.265205479452057,3.0712328767123287,,,,1678524.496,
512,2019,Kenai Fjords,4085,356601.0,44.13013698630137,57.119,9.080547945,3.328767123287671,,,,1742049.046,
513,2020,Kenai Fjords,4115,115882.0,41.24453551912568,44.188,9.280601092896177,3.39344262295082,,,,,
514,2021,Kenai Fjords,4195,411782.0,40.42739726027397,36.832,9.246027397260274,3.857534246575343,,,,,
515,2022,Kenai Fjords,4302,389943.0,42.4654794520548,41.576,9.075890410958904,3.852054794520548,10.0,,,,
516,2023,Kenai Fjords,4302,,40.60246575342466,45.509,9.046849315068492,3.1534246575342464,10.0,,,1920001.0,
517,2024,Kenai Fjords,4606,,,,,,,,,,
518,2011,Kings Canyon,9231,566810.0,56.02821917808219,3.136,9.856986301369863,7.876712328767123,,0.6,4.0,,
519,2012,Kings Canyon,9231,591033.0,57.87650273224043,3.02,9.866666666666667,7.885245901639344,,325.90000000000003,10.0,,
520,2013,Kings Canyon,8815,567544.0,58.47397260273973,1.374,9.847671232876712,7.969863014,,711.3000000000001,11.0,,
521,2014,Kings Canyon,8815,502268.0,60.60164383561644,2.894,9.864804469273745,7.835616438356165,,18.0,10.0,,
522,2015,Kings Canyon,8754,468106.0,59.8,3.246,9.825205479452055,7.580821917808219,,162.3,11.0,,
523,2016,Kings Canyon,8928,607479.0,59.685519125683065,3.835,9.865846995,7.7650273224043715,,77.8,10.0,,
524,2017,Kings Canyon,9126,692932.0,58.70027397260274,9.117,9.807713499,7.794520547945205,,20.4,5.0,,
525,2018,Kings Canyon,9099,699023.0,59.312876712328766,4.511,9.771780821917808,7.778082191780822,,188.8,9.0,,
526,2019,Kings Canyon,9148,632110.0,56.58410959,8.291,9.78,7.265753424657534,,1.7,6.0,,
527,2020,Kings Canyon,9202,415077.0,59.96967213114755,1.415,9.459016393442624,6.915300546448087,,1319.4399999999998,6.0,,
528,2021,Kings Canyon,9385,562918.0,59.79616438356164,5.066,9.638082191780825,6.879452054794521,,114.47,5.0,,
529,2022,Kings Canyon,9443,640986.0,58.99260273972602,5.352,9.887671232876713,7.512328767123288,10.688202247191011,29.53,7.0,,
530,2023,Kings Canyon,9443,,55.91178082191781,14.663,9.806027397260277,7.580821917808219,10.054794520547944,0.6000000000000001,6.0,,
531,2024,Kings Canyon,9958,,,,,,,,,,
532,2011,Kobuk Valley,3841,11485.0,24.772328767123287,0.206,9.047382920110191,2.9342465753424656,,,,,
533,2012,Kobuk Valley,3720,29550.0,21.52814207650273,0.208,9.232786885245902,2.775956284153005,,,,,
534,2013,Kobuk Valley,3707,16875.0,27.914520547945205,7.989,9.158839779005524,2.7753424657534245,,,,,
535,2014,Kobuk Valley,3707,0.0,32.010958904109586,10.851,9.324033149171273,2.756164383561644,,,,,
536,2015,Kobuk Valley,3670,0.0,30.04465753424657,5.468,9.04164383561644,2.8054794520547945,,,,365942.06,
537,2016,Kobuk Valley,3705,15500.0,30.18879781420765,10.748,9.390163934,2.978142076502732,,,,269034.95,
538,2017,Kobuk Valley,3868,15500.0,28.32904109589041,12.723,8.930410959,2.873972602739726,,,,401099.97,
539,2018,Kobuk Valley,3861,14937.0,29.076164383561643,10.723,9.000821917808219,3.169863014,,,,443808.68,
540,2019,Kobuk Valley,3883,15766.0,30.57178082191781,14.474,9.004383561643836,3.021917808219178,,,,915408.11,
541,2020,Kobuk Valley,3908,11185.0,25.503551912568305,10.602,8.87704918,3.054644808743169,,,,,
542,2021,Kobuk Valley,3974,11540.0,23.01972602739726,18.733,9.006027397260274,2.9835616438356163,,,,,
543,2022,Kobuk Valley,2759,16925.0,25.39945205479452,13.041,9.032876712328768,3.0794520547945203,10.0,,,,
544,2023,Kobuk Valley,2759,,25.835342465753424,20.296,8.890136986,2.884931506849315,10.10958904109589,,,1320168.0,
545,2024,Kobuk Valley,2956,,,,,,,,,,
546,2011,Lake Clark,3351,5158.0,34.22657534246576,83.087,15.940366972477063,3.364383561643836,,,,,
547,2012,Lake Clark,3351,11639.0,31.75655737704918,82.072,16.977591036414566,3.363387978142077,,,,,
548,2013,Lake Clark,3355,13000.0,37.327397260273976,85.63,17.41,3.506849315068493,,,,,0.0849999999999999
549,2014,Lake Clark,3355,16100.0,39.94904109589041,82.835,22.24030769230769,3.556164383561644,,,,,
550,2015,Lake Clark,3321,17818.0,39.43671232876712,86.385,26.43216783216783,3.287671232876712,,,,1584185.312,
551,2016,Lake Clark,3337,21102.0,40.583333333333336,88.391,27.517832167832164,3.251366120218579,,,,2100013.482,
552,2017,Lake Clark,3493,22755.0,36.07342465753425,76.782,26.62639405204461,3.290410958904109,,,,1444822.512,
553,2018,Lake Clark,3486,14479.0,38.75890410958904,89.323,26.36345381526104,4.008219178082192,,,,1882239.692,
554,2019,Lake Clark,3508,17157.0,40.70986301369863,92.95,26.8436,4.005479452054795,,,,3331116.84,
555,2020,Lake Clark,3537,4948.0,34.44289617486339,71.431,27.93082437275985,3.942622950819672,,,,,
556,2021,Lake Clark,3605,18278.0,34.102739726027394,69.449,25.976078431372542,4.027397260273973,,,,,
557,2022,Lake Clark,3715,18187.0,37.02027397260274,46.42,10.235635359116024,3.9424657534246577,10.0,,,,
558,2023,Lake Clark,3715,,35.10136986,47.38,9.296986301369865,3.898630136986301,10.0,,,4210183.0,
559,2024,Lake Clark,3959,,,,,,,,,,
560,2011,Lassen Volcanic,5500,351269.0,61.12301369863014,26.188,9.495068493150686,6.964383561643835,,,,,
561,2012,Lassen Volcanic,5500,407653.0,62.43633879781421,36.362,9.510109289617487,7.0109289617486334,,,,,
562,2013,Lassen Volcanic,5296,427409.0,63.27534246575343,12.637,9.724383561643837,7.345205479452055,,,,,
563,2014,Lassen Volcanic,5296,432977.0,65.1109589,33.577,9.433972602739724,6.8931506849315065,,,,,
564,2015,Lassen Volcanic,5243,468092.0,66.28410959,17.209,9.475616438356164,7.035616438356165,,,,23818372.55,
565,2016,Lassen Volcanic,5271,536068.0,64.4931694,49.763,9.454644809,6.879781420765028,,,,21446177.99,
566,2017,Lassen Volcanic,5385,507256.0,61.10356164383561,34.768,9.438904109589044,6.863013698630137,,,,22448749.77,
567,2018,Lassen Volcanic,5370,499435.0,60.316986301369866,25.508,9.147397260273973,6.356164383561644,,,,33426800.71,
568,2019,Lassen Volcanic,5397,517039.0,59.613150684931504,42.487,9.390136986,6.534246575342466,,,,41384974.72,
569,2020,Lassen Volcanic,5442,542274.0,61.16693989071038,17.935,9.148360655737706,6.338797814,,,,,
570,2021,Lassen Volcanic,5524,359635.0,61.67945205479453,23.74,8.939452055,6.301369863013699,,,,,
571,2022,Lassen Volcanic,5522,446291.0,60.86547945,16.294,9.665205479452055,6.6438356164383565,10.252808988764045,,,,
572,2023,Lassen Volcanic,5522,,59.15150684931507,38.536,9.460273973,6.364383561643836,10.602739726027398,,,74155972.0,
573,2024,Lassen Volcanic,5777,,,,,,,,,,
574,2011,Mammoth Cave,6819,483319.0,58.122465753424656,59.715,8.708493150684932,6.501369863013698,,0.1,1.0,,
575,2012,Mammoth Cave,6583,508054.0,60.07759563,36.548,9.159562841530056,6.754098360655738,,,,,
576,2013,Mammoth Cave,6375,494541.0,56.18219178082192,55.627,8.926575342465753,6.534246575342466,,,,,
577,2014,Mammoth Cave,6375,522628.0,55.56356164383562,43.127,9.053424657534247,6.758904109589041,,0.4,2.0,,
578,2015,Mammoth Cave,6411,566895.0,57.899726027397264,45.639,9.058630136986302,6.441095890410959,,0.3,1.0,82111316.82,
579,2016,Mammoth Cave,6431,586514.0,58.85956284153005,46.761,9.139071038251366,6.644808743169399,,,,94505148.76,
580,2017,Mammoth Cave,6588,587853.0,58.93726027,45.09,9.238630136986302,6.728767123287671,,0.3,1.0,78043316.12,
581,2018,Mammoth Cave,6587,533206.0,57.85698630136986,51.837,9.110684932,5.898630136986301,,,,92411480.74,
582,2019,Mammoth Cave,6623,551590.0,58.47561643835616,58.419,9.117808219178082,5.956164383561644,,,,118411234.8,
583,2020,Mammoth Cave,6673,290392.0,57.85573770491804,52.404,9.141256830601092,5.396174863387978,,,,,
584,2021,Mammoth Cave,6791,515774.0,58.18958904109589,49.474,9.12,5.654794520547945,,,,,
585,2022,Mammoth Cave,7010,663147.0,57.87671232876713,40.38,9.364657534246575,6.019178082191781,25.730337078651687,,,,
586,2023,Mammoth Cave,7010,,59.19616438356164,37.663,9.206849315068494,6.1506849315068495,16.84931506849315,,,93046249.0,
587,2024,Mammoth Cave,7523,,,,,,,,,,
588,2011,Mesa Verde,7001,572329.0,46.21369863013699,10.091,9.780547945,7.882191780821918,,,,,
589,2012,Mesa Verde,7001,488860.0,49.19043715846995,7.365,9.735519126,7.819672131147541,,,,,
590,2013,Mesa Verde,6474,460237.0,46.17068493150685,13.408,9.715068493150683,7.750684931506849,,,,,
591,2014,Mesa Verde,6474,501563.0,48.32986301369864,8.899000000000001,9.766027397260274,7.693150684931507,,,,,0.3
592,2015,Mesa Verde,6409,547325.0,48.01287671232877,13.89,9.576438356164385,7.528767123287671,,,,56939227.4,
593,2016,Mesa Verde,6505,583527.0,48.07322404371585,17.428,9.671857923497267,7.644808743169399,,,,65733321.27,
594,2017,Mesa Verde,6602,613788.0,49.31726027,9.731,9.69890411,7.728767123287671,,,,70749005.37,
595,2018,Mesa Verde,6507,563420.0,49.15890410958904,9.3,9.61890411,7.646575342465753,,,,76307054.68,
596,2019,Mesa Verde,6540,556203.0,46.352876712328765,12.55,9.650958904109588,7.545205479452055,,,,68345103.5,
597,2020,Mesa Verde,6592,287477.0,49.32677595628415,5.47,9.73825136612022,7.825136612021858,,,,,
598,2021,Mesa Verde,6709,548477.0,48.75397260273973,11.474,9.670958904,7.605479452054794,,,,,
599,2022,Mesa Verde,6792,499790.0,47.68219178082192,9.232,9.730958904,7.728767123287671,12.275280898876405,,,,
600,2023,Mesa Verde,6792,,47.26520547945205,10.991,9.517808219178082,7.7315068493150685,10.164383561643836,,,133924292.0,
601,2024,Mesa Verde,7308,,,,,,,,,,
602,2011,Mount Rainier,12379,1038229.0,44.78328767123288,57.221,7.812328767123287,5.221917808219178,,,,,
603,2012,Mount Rainier,12379,1049178.0,50.478142076502735,47.332,9.134699453551914,5.207650273224044,,7.5,2.0,,
604,2013,Mount Rainier,12168,1148552.0,50.05342465753424,36.003,8.613698630136986,5.479452055,,0.4,4.0,,
605,2014,Mount Rainier,12168,1264259.0,52.367123287671234,49.141,8.991506849,5.432876712328767,,2.2,3.0,,
606,2015,Mount Rainier,12246,1237231.0,53.334794520547945,47.518,8.990958904,5.646575342465753,,,,285391146.2,
607,2016,Mount Rainier,12481,1356913.0,48.72677595628415,54.826,8.499180327868851,5.442622950819672,,0.2,2.0,152128455.2,
608,2017,Mount Rainier,12735,1415867.0,46.68849315068493,59.064,7.743561643835616,5.336986301369863,,0.1,1.0,175819974.9,
609,2018,Mount Rainier,12701,1518491.0,47.82082191780822,93.115,7.879452054794521,6.882191780821918,,25.2,4.0,186278439.8,
610,2019,Mount Rainier,12788,1501621.0,46.812876712328766,58.424,7.956164383561644,6.956164383561644,,,,208753022.5,
611,2020,Mount Rainier,12880,1160754.0,47.92021857923497,60.449,7.826775956284153,6.948087431693989,,0.1,1.0,,
612,2021,Mount Rainier,13112,1670063.0,47.50136986,73.108,7.978356164383562,6.293150684931507,,,,,
613,2022,Mount Rainier,12955,1622395.0,46.695068493150686,62.949,7.660821917808219,7.008219178082192,11.25,,,,
614,2023,Mount Rainier,12955,,47.65287671232876,42.523,7.940821917808219,6.753424657534247,10.438356164383562,0.7,4.0,251516261.0,
615,2024,Mount Rainier,13624,,,,,,,,,,
616,2011,New River Gorge,7674,1071088.0,53.84849315068493,42.119,8.831780821917809,6.613698630136986,,,,,
617,2012,New River Gorge,7585,1128195.0,54.40300546448088,42.937,9.19617486338798,6.685792349726776,,,,,
618,2013,New River Gorge,7386,1071823.0,51.39671232876712,42.14,8.894246575342466,6.493150684931507,,,,,
619,2014,New River Gorge,7386,1124799.0,51.22273972602739,41.29,8.998904109589041,6.652054794520548,,,,,
620,2015,New River Gorge,7312,1178753.0,53.72547945205479,47.308,8.935616438356165,6.484931506849315,,,,17839450.59,
621,2016,New River Gorge,7441,1197931.0,53.704918032786885,47.116,9.163661202185793,6.773224043715847,,,,22295247.76,
622,2017,New River Gorge,7575,1168658.0,53.627945205479456,42.148,9.175068493150686,6.641095890410959,,,,21318668.18,
623,2018,New River Gorge,7561,1232627.0,53.04410958904109,55.561,9.003287671232876,5.093150684931507,,,,21079427.55,
624,2019,New River Gorge,7598,1195721.0,54.37342465753424,42.353,9.200821918,5.389041095890411,,,,17816393.21,
625,2020,New River Gorge,7665,1054374.0,53.68196721311475,57.658,9.050273224043716,4.989071038251367,,,,,
626,2021,New River Gorge,7806,1682720.0,53.44301369863014,41.172,9.176438356164384,5.369863014,,,,,
627,2022,New River Gorge,8026,1593523.0,52.59945205479452,45.253,9.164109589041097,5.306849315068493,21.25,,,,
628,2023,New River Gorge,8026,,53.98027397260274,36.568,9.1786301369863,5.301369863013699,12.794520547945206,,,80746829.0,
629,2024,New River Gorge,8600,,,,,,,,,,
630,2011,North Cascades,7669,19208.0,47.38438356164384,80.001,7.887603305785124,4.879452054794521,,,,,
631,2012,North Cascades,7669,26935.0,48.23469945355192,72.955,7.932513661202186,4.920765027322404,,,,,0.1933333333333333
632,2013,North Cascades,7365,21623.0,49.17808219178082,68.615,8.035068493150684,5.115068493150685,,,,,
633,2014,North Cascades,7365,23865.0,50.714246575342464,74.723,8.2,5.008219178082192,,,,,
634,2015,North Cascades,7291,20677.0,52.08082191780822,55.555,8.140883977900552,5.2465753424657535,,,,21840957.41,
635,2016,North Cascades,7388,28646.0,50.74262295081967,61.627,8.204494382022471,4.983606557377049,,,,26273465.56,
636,2017,North Cascades,7551,30326.0,49.15041095890411,62.602,7.940273972602739,5.158904109589041,,,,18826842.19,
637,2018,North Cascades,7530,30085.0,50.09205479452054,64.382,7.915342465753424,4.7315068493150685,,,,22526305.14,
638,2019,North Cascades,7581,38208.0,49.68904109589041,56.42,8.202739726027398,5.002739726027397,,,,24807949.83,
639,2020,North Cascades,7633,30885.0,49.451092896174856,72.584,7.878688524590164,4.338797814,,,,,
640,2021,North Cascades,7760,17855.0,49.85123287671233,75.523,8.073698630136986,4.583561643835616,,,,,
641,2022,North Cascades,7841,30154.0,49.01671232876712,51.398,8.238630136986302,4.515068493150685,10.280898876404494,,,,
642,2023,North Cascades,1069,,50.91287671232877,51.151,8.215068493150685,4.654794520547945,10.493150684931509,,,46330395.0,
643,2024,North Cascades,7783,,,,,,,,,,
644,2011,Olympic,13060,2966502.0,47.60794520547945,40.52,9.215068493150683,4.608219178082192,,,,,
645,2012,Olympic,13231,2824908.0,48.723770491803286,39.083,8.932786885245902,4.592896174863388,,,,,
646,2013,Olympic,12874,3085340.0,49.43068493150685,35.525,8.398630136986302,4.904109589041096,,,,,
647,2014,Olympic,12874,3243872.0,50.65068493150685,44.494,8.447123287671232,4.923287671232877,,,,,
648,2015,Olympic,12745,3263761.0,51.048219178082185,43.873,8.843835616438357,4.975342465753425,,,,139821329.5,
649,2016,Olympic,12977,3390221.0,50.67595628415301,37.225,9.234426229508196,4.756830601092896,,,,152227793.5,
650,2017,Olympic,13142,3401996.0,48.61424657534247,36.072,9.267123287671232,4.860273973,,,,120719515.4,
651,2018,Olympic,13107,3104455.0,49.580000000000005,37.607,8.953150684931508,4.117808219178082,,,,126501263.0,
652,2019,Olympic,13177,3245806.0,49.07260273972603,30.92,9.30109589,4.095890410958904,,,,122829260.0,
653,2020,Olympic,13275,2499177.0,49.46393442622951,42.903,8.934699453551913,4.467213114754099,,,,,
654,2021,Olympic,13583,2718925.0,49.04438356164384,32.523,9.238082191780824,4.813698630136987,,,,,
655,2022,Olympic,13769,2432972.0,49.24054794520548,20.805,9.370410959,4.531506849315068,11.657303370786517,,,,
656,2023,Olympic,13769,,50.36164383561644,17.059,9.465753424657532,4.956164383561644,10.643835616438356,,,195605878.0,
657,2024,Olympic,14265,,,,,,,,,,
658,2011,Petrified Forest,3701,614054.0,53.59342465753424,7.756,9.696986301369863,8.120547945,,,,,
659,2012,Petrified Forest,3701,664857.0,56.19781420765028,7.198,9.777747252747252,8.079234972677595,,,,,
660,2013,Petrified Forest,3447,644648.0,53.87835616438356,8.119,9.754395604395604,7.868493150684931,,,,,
661,2014,Petrified Forest,3447,836799.0,56.211780821917806,8.317,9.790684932,7.835616438356165,,,,,
662,2015,Petrified Forest,3413,793225.0,55.029041095890406,12.99,9.790633608815426,7.695890410958904,,,,55692239.77,
663,2016,Petrified Forest,3542,643274.0,55.505737704918026,8.533999999999999,9.8,7.923497267759563,,,,46888756.21,
664,2017,Petrified Forest,3596,627757.0,57.00246575342466,5.638,9.833516483516483,7.871232876712328,,,,43991502.19,
665,2018,Petrified Forest,3589,644922.0,56.12876712328767,10.905,9.781369863,7.473972602739726,,,,47989929.19,
666,2019,Petrified Forest,3606,643588.0,54.403561643835616,9.113,9.76,7.468493150684932,,,,68245961.48,
667,2020,Petrified Forest,3632,384483.0,56.52704918032787,5.368,9.806284153005464,7.150273224043716,,,,,
668,2021,Petrified Forest,3700,590334.0,55.59780821917808,11.359,9.793956043956044,6.717808219178083,,,,,
669,2022,Petrified Forest,3822,505209.0,54.52301369863014,7.79,18.53095890410959,7.515068493150685,14.410112359550562,,,,
670,2023,Petrified Forest,3822,,55.3882191780822,13.044,10.216438356164383,7.994520547945205,10.219178082191782,,,92530731.0,
671,2024,Petrified Forest,4267,,,,,,,,,,
672,2011,Pinnacles,3601,393219.0,55.96767123287671,10.905,8.728767123287671,7.627397260273972,,,,,
673,2012,Pinnacles,3601,224476.0,56.73306010928962,13.26,8.976775956284152,7.713114754098361,,,,,
674,2013,Pinnacles,3473,237677.0,56.62767123287671,2.624,8.972054794520549,7.879452054794521,,,,,
675,2014,Pinnacles,3473,196635.0,59.56273973,11.358,9.062465753424656,7.668493150684932,,,,,
676,2015,Pinnacles,3438,206533.0,59.06849315068493,6.453,8.949315068493151,7.679452055,,,,10172434.68,
677,2016,Pinnacles,3457,215555.0,57.723770491803286,12.874,9.037704918032787,7.5683060109289615,,,,9815737.468,
678,2017,Pinnacles,3582,233334.0,57.99123287671232,13.545,9.164931506849314,7.602739726027397,,,,9431253.076,
679,2018,Pinnacles,3575,222152.0,57.34849315068493,11.266,8.807945205479452,7.608219178082192,,,,10648600.84,
680,2019,Pinnacles,3603,177224.0,57.90931506849316,13.798,9.135068493150683,7.1068493150684935,,,,19360187.31,
681,2020,Pinnacles,3638,165740.0,58.26967213114754,6.582,8.984426229508196,7.532786885245901,,,,,
682,2021,Pinnacles,3827,348857.0,56.63205479452055,18.234,9.026575342465753,7.704109589041096,,,,,
683,2022,Pinnacles,3876,275023.0,57.08986301369863,7.804,9.133698630136989,7.676712328767123,10.26685393258427,,,,
684,2023,Pinnacles,3876,,56.73150684931507,13.545,9.132054794520547,7.295890410958904,10.0,,,34043066.0,
685,2024,Pinnacles,4079,,,,,,,,,,
686,2011,Redwood,9222,380167.0,50.33945205479453,43.813,8.229589041,6.624657534246575,,,,,0.265
687,2012,Redwood,9222,352517.0,50.54890710382514,57.729,7.9576502732240435,6.538251366120218,,,,,
688,2013,Redwood,8891,393364.0,50.13589041,20.857,7.843287671232877,7.019178082191781,,,,,
689,2014,Redwood,8891,429166.0,53.96712328767124,44.716,7.998630136986302,6.564383561643836,,,,,
690,2015,Redwood,8802,527143.0,53.204109589041096,41.291,8.221917808219178,6.728767123287671,,,,28913882.86,
691,2016,Redwood,8851,536297.0,53.41693989071038,58.377,8.101639344262294,6.543715846994536,,,,28144419.35,
692,2017,Redwood,9071,445000.0,52.17424657534246,55.353,8.190958904,6.413698630136986,,,,21965285.26,
693,2018,Redwood,9048,482536.0,52.48082191780822,38.146,8.178904109589041,6.243835616438356,,,,23635118.53,
694,2019,Redwood,9096,504722.0,52.38657534246575,51.238,8.273698630136986,6.167123287671233,,,,24748883.71,
695,2020,Redwood,9185,265177.0,52.21748633879781,31.637,7.619125683060109,6.396174863387978,,,,,
696,2021,Redwood,9355,435879.0,50.88301369863014,38.557,7.674520547945205,6.375342465753425,,,,,
697,2022,Redwood,9522,458400.0,51.24164383561644,32.258,7.607945205479452,6.312328767123288,10.30617978,,,,
698,2023,Redwood,9522,,52.00904109589041,44.648,8.172054794520548,6.126027397260274,10.013698630136986,,,220780130.0,
699,2024,Redwood,10271,,,,,,,,,,
700,2011,Rocky Mountain,13469,3176941.0,43.43917808219178,5.299,9.242424242424242,7.328767123287672,,,,,
701,2012,Rocky Mountain,13469,3229617.0,48.06584699453551,3.547,9.424043715846995,7.325136612021858,,,,,
702,2013,Rocky Mountain,12560,2991141.0,44.04986301369863,6.128,9.29835616438356,7.013698630136986,,,,,
703,2014,Rocky Mountain,12560,3434751.0,45.185753424657534,6.666,9.179452055,7.153424657534247,,,,,
704,2015,Rocky Mountain,12434,4155916.0,46.50520547945206,8.765,9.139178082191782,7.093150684931507,,,,62761290.18,
705,2016,Rocky Mountain,12546,4517585.0,46.112841530054645,3.985,9.233333333333334,7.204918032786885,,,,75073266.11,
706,2017,Rocky Mountain,12772,4437215.0,47.12054794520548,7.505999999999999,9.1,7.271232876712329,,,,84234244.62,
707,2018,Rocky Mountain,12738,4590493.0,47.08657534246575,5.308,9.356986301369863,7.983561643835617,,,,84100769.64,
708,2019,Rocky Mountain,12831,4670053.0,45.39369863013699,5.235,9.052054794520547,7.791780821917809,,,,78044936.38,
709,2020,Rocky Mountain,12916,3305199.0,47.09426229508197,3.075,9.175136612021856,7.076502732240437,,,,,
710,2021,Rocky Mountain,13363,4434848.0,46.76575342465753,19.002,8.876712328767123,6.967123287671233,,,,,
711,2022,Rocky Mountain,13807,4300424.0,46.60739726027398,14.87,9.321917808219178,6.906849315068493,15.71629213483146,,,,
712,2023,Rocky Mountain,13807,,46.19178082191781,16.372,9.349041095890412,6.810958904109589,10.10958904109589,,,99387633.0,
713,2024,Rocky Mountain,14809,,,,,,,,,,
714,2011,Saguaro,3933,610045.0,69.15835616438356,15.107,9.854520547945206,8.271232876712329,,,,,6.46
715,2012,Saguaro,3933,634286.0,70.35245901639344,8.836,9.873497267759564,8.183060109289617,,,,,
716,2013,Saguaro,3621,678261.0,69.89068493150684,11.344,9.86109589,8.213698630136987,,,,,
717,2014,Saguaro,3621,673572.0,70.95589041095892,13.299,9.848767123287672,7.964383561643835,,,,,
718,2015,Saguaro,3585,753446.0,69.97424657534246,13.295,9.800547945,7.791780821917809,,,,12869043.15,
719,2016,Saguaro,3634,820426.0,70.72868852459017,13.702,9.851639344262296,8.144808743,,,,21677274.87,
720,2017,Saguaro,3688,964760.0,72.11726027,15.095,9.872602739726029,8.030136986,,,,19971912.49,
721,2018,Saguaro,3690,957405.0,70.89205479452055,14.801,9.841643836,8.021917808219179,,,,21601752.34,
722,2019,Saguaro,3726,1020226.0,69.28,14.506,9.835342465753424,8.016438356164384,,,,23327265.64,
723,2020,Saguaro,3608,762226.0,71.87868852459016,3.83,9.872404372,8.079234972677595,,,,,
724,2021,Saguaro,3712,1079786.0,70.74383561643836,15.803,9.84219178082192,7.989041095890411,,,,,
725,2022,Saguaro,3986,908194.0,69.51232877,8.905,9.835068493150686,8.227397260273973,17.415730337078653,,,,
726,2023,Saguaro,3986,,70.69698630136986,8.115,9.815342465753425,8.271232876712329,10.849315068493151,,,61817245.0,
727,2024,Saguaro,4579,,,,,,,,,,
728,2011,Sequoia,8075,1006583.0,56.03342465753425,3.137,9.856986301369863,7.904109589041096,,,,,
729,2012,Sequoia,8075,1106584.0,57.88278689,3.023,9.866666666666667,7.887978142076503,,,,,
730,2013,Sequoia,7711,909274.0,58.47945205479452,1.374,9.847671232876712,7.978082191780822,,,,,
731,2014,Sequoia,7711,1039137.0,60.60575342465753,2.893,9.864804469273745,7.863013698630137,,,,,
732,2015,Sequoia,7657,1097464.0,59.80465753424658,3.278,9.825205479452055,7.706849315068493,,,,160357480.9,
733,2016,Sequoia,7809,1254688.0,59.7051912568306,3.835,9.865846995,7.767759563,,,,145379039.0,
734,2017,Sequoia,7983,1291256.0,58.72273972602739,9.109,9.807713499,7.780821917808219,,,,176564467.9,
735,2018,Sequoia,7960,1229594.0,59.324657534246576,4.5120000000000005,9.771780821917808,7.761643835616439,,,,169994705.1,
736,2019,Sequoia,8002,1246053.0,56.603013698630136,8.293,9.78,7.4,,,,200947529.3,
737,2020,Sequoia,8049,796086.0,59.97896174863388,1.415,9.459016393442624,7.147540983606557,,,,,
738,2021,Sequoia,8209,1059548.0,59.80931506849316,5.064,9.638082191780825,7.123287671232877,,,,,
739,2022,Sequoia,8261,1153198.0,58.99972602739727,5.352,9.890136986,7.515068493150685,10.870786516853933,,,,
740,2023,Sequoia,8261,,55.75123287671233,14.625,9.807123287671232,7.528767123287671,10.438356164383562,,,256818564.0,
741,2024,Sequoia,8711,,,,,,,,,,
742,2011,Shenandoah,13171,1209883.0,57.43205479452055,37.094,8.818630136986302,6.654794520547945,,0.2,2.0,,
743,2012,Shenandoah,13009,1210200.0,57.91803278688525,29.178,9.01857923497268,6.7103825136612025,,2142.4,4.0,,
744,2013,Shenandoah,12544,1136505.0,55.620273972602746,36.042,8.924383561643836,6.495890410958904,,0.5,3.0,,
745,2014,Shenandoah,12544,1255321.0,54.434520547945205,26.169,8.995890410958904,6.610958904109589,,468.2,3.0,,2.54
746,2015,Shenandoah,11975,1321873.0,56.22630136986301,25.62,8.877260273972604,6.6438356164383565,,1.7,3.0,90205606.62,
747,2016,Shenandoah,12040,1437341.0,56.22978142076502,27.467,9.142896174863388,6.762295081967213,,10326.3,4.0,75679764.19,
748,2017,Shenandoah,12287,1458874.0,56.75068493150685,22.829,9.314246575342466,6.772602739726027,,25.6,6.0,79208620.88,
749,2018,Shenandoah,12264,1264880.0,55.53671232876713,40.211,8.980547945,5.328767123287672,,0.6,4.0,88765194.94,
750,2019,Shenandoah,12326,1425507.0,56.30109589041096,25.939,9.117808219178082,5.671232876712328,,4.0,4.0,70945483.89,
751,2020,Shenandoah,12422,1666265.0,56.72295081967213,36.81,9.209562841530056,5.497267759562842,,,,,
752,2021,Shenandoah,12629,1592312.0,56.75232876712328,22.742,9.207123287671232,5.835616438356165,,,,,
753,2022,Shenandoah,13039,1449300.0,55.34739726027397,26.18,9.203287671232877,5.715068493150685,19.662921348314608,,,,
754,2023,Shenandoah,13039,,55.72328767123288,16.874,9.344383561643836,5.956164383561644,12.712328767123289,,,150328893.0,
755,2024,Shenandoah,13976,,,,,,,,,,
756,2011,Theodore Roosevelt,3034,563407.0,41.57260273972603,17.342,9.056164383561644,5.852054794520548,,0.1,1.0,,0.43
757,2012,Theodore Roosevelt,2975,640555.0,45.75737704918033,10.552,9.428961749,6.065573770491803,,0.5,3.0,,
758,2013,Theodore Roosevelt,2878,545090.0,41.31589041,20.911,9.211780822,5.953424657534247,,0.9,3.0,,1.6675
759,2014,Theodore Roosevelt,2878,559580.0,41.02054794520548,20.716,9.293972602739728,5.882191780821918,,7.0,8.0,,
760,2015,Theodore Roosevelt,2849,580033.0,45.06931506849315,11.247,9.252328767123288,6.060273973,,0.3,3.0,40702377.41,
761,2016,Theodore Roosevelt,2866,753880.0,45.28442622950819,16.609,9.257923497,6.049180327868853,,,,52270276.84,
762,2017,Theodore Roosevelt,2985,708003.0,43.68109589041096,10.46,9.369863014,6.073972602739726,,33.0,6.0,49334370.47,
763,2018,Theodore Roosevelt,2937,749389.0,41.70082191780822,15.529,9.130958904109589,5.901369863013699,,12.7,12.0,46798219.88,
764,2019,Theodore Roosevelt,3136,691658.0,40.07808219178082,17.423000000000002,8.905753424657535,5.701369863013698,,1.3,4.0,52234057.38,
765,2020,Theodore Roosevelt,3198,551303.0,44.30464480874317,7.875,9.271584699453552,6.087431693989071,,,,,
766,2021,Theodore Roosevelt,3178,796085.0,45.52054794520548,12.683,8.934794520547944,5.857534246575343,,54.05,3.0,,
767,2022,Theodore Roosevelt,3210,668679.0,41.77917808219178,13.484,9.066849315068492,5.682191780821918,15.561797752808989,,,,
768,2023,Theodore Roosevelt,3210,,44.12821917808219,14.901,9.018356164383562,5.712328767123288,11.424657534246576,2.09,3.0,69604978.0,
769,2024,Theodore Roosevelt,3491,,,,,,,,,,
770,2011,Virgin Islands,5153,442414.0,80.29616438356165,46.386,9.063287671232876,7.506849315068493,,,,,
771,2012,Virgin Islands,5153,483341.0,80.66693989071038,35.817,9.262841530054644,7.997267759562842,,,,,
772,2013,Virgin Islands,4959,438601.0,80.12602739726027,55.156,9.674246575342464,7.698630136986301,,,,,
773,2014,Virgin Islands,4959,426930.0,80.22739726027397,33.842,9.407671232876712,8.010958904,,,,,
774,2015,Virgin Islands,4909,438372.0,80.84794520547945,45.837,9.418082191780822,8.032876712328767,,,,14218296.41,
775,2016,Virgin Islands,5001,411343.0,81.85355191,36.81,8.692349726775957,7.617486338797814,,,,16817535.62,
776,2017,Virgin Islands,5050,304408.0,80.30657534246576,48.981,9.068156424581003,7.761643835616439,,,,26553028.72,
777,2018,Virgin Islands,5040,112287.0,80.00767123287672,33.056,9.713698630136989,8.397260273972602,,,,33299680.12,
778,2019,Virgin Islands,5081,133398.0,80.50767123287672,35.85,9.830136986301367,8.361643835616439,,,,25469463.05,
779,2020,Virgin Islands,5123,167540.0,80.66010928961748,35.314,9.764207650273224,8.431693989071038,,,,,
780,2021,Virgin Islands,5201,323999.0,81.06931506849315,25.849,9.750684932,8.515068493150684,,,,,
781,2022,Virgin Islands,5326,196752.0,80.82301369863013,38.258,9.789863014,8.550684931506849,34.41011235955056,,,,
782,2023,Virgin Islands,5326,,82.18109589041096,18.253,9.835342465753424,8.454794520547946,37.0,,,81148656.0,
783,2024,Virgin Islands,5615,,,,,,,,,,
784,2011,Voyageurs,5163,177184.0,39.36410958904109,19.998,9.186849315068494,5.427397260273972,,300.2,2.0,,
785,2012,Voyageurs,5139,214841.0,41.61010928961748,26.401,9.110109289617489,5.530054644808743,,0.8,4.0,,0.1125
786,2013,Voyageurs,4241,233390.0,36.34630136986301,33.609,8.990684931506848,5.353424657534247,,0.2,1.0,,
787,2014,Voyageurs,4241,239160.0,35.74739726027397,23.559,9.027397260273972,5.443835616438356,,0.2,2.0,,
788,2015,Voyageurs,4199,238313.0,40.2945205479452,30.006,9.094794520547945,5.515068493150685,,0.1,1.0,15965764.47,
789,2016,Voyageurs,4380,241912.0,41.05546448087431,52.0,8.909562841530056,5.456284153005464,,0.2,2.0,17341696.23,
790,2017,Voyageurs,4318,237250.0,38.71972602739727,37.879,8.890136986,5.446575342465754,,,,14875388.2,
791,2018,Voyageurs,4200,239656.0,37.91041095890411,43.116,9.093698630136988,5.586301369863014,,0.1,1.0,9843565.165,
792,2019,Voyageurs,4222,232974.0,36.99506849315069,63.906,8.874246575342465,5.158904109589041,,,,13447127.6,
793,2020,Voyageurs,4454,263091.0,39.461202185792345,13.988,9.230601092896174,5.054644808743169,,,,,
794,2021,Voyageurs,4509,243042.0,41.74246575342466,16.213,9.025753424657534,5.1068493150684935,,,,,
795,2022,Voyageurs,4425,221434.0,36.841369863013696,25.807,8.918356164,4.873972602739726,11.839887640449438,,,,
796,2023,Voyageurs,4425,,41.445205479452056,20.181,8.88109589,4.879452054794521,11.095890410958903,,,38080804.0,
797,2024,Voyageurs,4734,,,,,,,,,,
798,2011,White Sands,1646,428924.0,62.597534246575336,30.087,9.750958904,8.356164383561644,,,,,
799,2012,White Sands,1646,447385.0,63.31338797814208,23.999,9.812021857923495,8.191256830601093,,,,,
800,2013,White Sands,1589,490544.0,61.53589041,6.115,9.786849315068494,8.126027397260273,,,,,
801,2014,White Sands,1589,503660.0,62.71369863013699,6.418,9.834246575342464,7.961643835616439,,,,,
802,2015,White Sands,1573,497506.0,62.76191780821917,8.918000000000001,9.797534246575342,7.791780821917809,,,,3222333.626,
803,2016,White Sands,1612,555793.0,63.54262295081967,6.368,9.8,8.073770491803279,,,,1862954.67,
804,2017,White Sands,1635,612468.0,64.46739726027397,8.738,9.803561643835616,8.073972602739726,,,,2580077.149,
805,2018,White Sands,1632,603008.0,63.87972602739725,8.509,9.788493150684932,6.7315068493150685,,,,3114554.515,
806,2019,White Sands,1640,608785.0,62.49095890410959,6.894,9.783561643835617,7.969863014,,,,6403635.949,
807,2020,White Sands,1650,415383.0,63.887978142076506,6.258,9.824590163934428,8.275956284153006,,,,,
808,2021,White Sands,1667,782469.0,63.145753424657535,74.207,9.804931506849316,8.169863013698631,,,,,
809,2022,White Sands,1718,705127.0,61.94876712328767,9.56,9.813972602739726,8.169863013698631,18.67977528089888,,,,
810,2023,White Sands,1718,,63.97123287671233,3.221,9.806301369863014,8.232876712328768,10.47945205479452,,,9699608.0,
811,2024,White Sands,2046,,,,,,,,,,
812,2011,Wind Cave,2810,538394.0,43.02986301369863,20.603,9.20191780821918,6.663013698630137,,,,,
813,2012,Wind Cave,2707,529083.0,46.94918032786886,13.202,9.563661202185791,6.825136612021858,,,,,
814,2013,Wind Cave,2620,516142.0,42.91835616438356,26.636,9.276712328767124,6.575342465753424,,,,,
815,2014,Wind Cave,2620,547022.0,43.48931506849315,19.192,9.315068493150685,6.509589041,,,,,
816,2015,Wind Cave,2644,612198.0,46.00575342465753,23.077,9.173698630136986,6.613698630136986,,,,12846435.11,
817,2016,Wind Cave,2610,617377.0,46.71311475409836,16.281,9.44617486338798,6.732240437,,,,16385254.49,
818,2017,Wind Cave,2703,619924.0,45.16712328767123,20.02,9.289863014,6.638356164383562,,,,20428419.08,
819,2018,Wind Cave,2582,656397.0,43.36273973,28.129,9.151780821917807,6.791780821917809,,,,16485191.71,
820,2019,Wind Cave,2597,615350.0,41.44931506849315,27.567,8.909041095890412,6.172602739726028,,,,20579059.13,
821,2020,Wind Cave,2604,448405.0,45.26885246,26.889,9.32377049180328,6.491803278688525,,,,,
822,2021,Wind Cave,2680,709001.0,45.79698630136987,22.227,9.307671232876713,6.454794520547945,,,,,
823,2022,Wind Cave,2765,607418.0,44.22684931506849,14.633,9.496986301369864,6.531506849315068,15.280898876404494,,,,
824,2023,Wind Cave,2765,,44.97808219178082,23.029,9.228493150684931,6.610958904109589,13.191780821917808,,,22343482.0,
825,2024,Wind Cave,3149,,,,,,,,,,
826,2011,Wrangell St Elias,5417,65225.0,25.56410958904109,35.621,19.91404958677686,3.747945205479452,,,,,
827,2012,Wrangell St Elias,5417,87158.0,24.85546448087432,33.762,22.03049180327869,3.726775956284153,,,,,
828,2013,Wrangell St Elias,5462,69984.0,28.08219178082192,36.293,23.195871559633023,3.802739726027397,,,,,
829,2014,Wrangell St Elias,5462,74722.0,28.20520547945205,41.171,24.16350364963504,3.852054794520548,,,,,
830,2015,Wrangell St Elias,5513,80366.0,27.604657534246577,34.727,,3.821917808219178,,,,19403782.83,
831,2016,Wrangell St Elias,5775,79047.0,28.80054644808743,30.507,,3.8524590163934422,,,,19271905.74,
832,2017,Wrangell St Elias,5764,68292.0,25.444657534246574,36.845,,3.758904109589041,,,,17037882.28,
833,2018,Wrangell St Elias,5804,79450.0,26.944931506849315,34.531,,3.824657534246575,,,,16980268.95,
834,2019,Wrangell St Elias,5856,74518.0,29.67835616438356,31.671,,3.873972602739726,,,,16068557.17,
835,2020,Wrangell St Elias,5978,16655.0,24.97021857923497,33.343,,3.7131147540983607,,,,,
836,2021,Wrangell St Elias,6158,50189.0,24.56328767123288,34.204,,3.8054794520547945,,,,,
837,2022,Wrangell St Elias,6158,65236.0,26.13945205479452,42.004,10.772191011235956,3.419178082191781,10.0,,,,
838,2023,Wrangell St Elias,6779,,26.56082191780822,34.841,10.834520547945203,3.5205479452054798,10.0,,,62326706.0,
839,2024,Wrangell St Elias,5408,,,,,,,,,,
840,2011,Yellowstone,36958,3394326.0,31.34931506849315,27.657,8.624033149171272,6.6219178082191785,,,,,
841,2012,Yellowstone,36958,3447729.0,34.81338797814208,22.799,8.743773585,6.631147540983607,,,,,
842,2013,Yellowstone,35301,3188030.0,31.90027397260274,21.455,9.440109890109891,6.586301369863014,,,,,0.1333333333333333
843,2014,Yellowstone,35301,3513484.0,32.639178082191776,32.159,9.365,6.545205479452055,,,,,
844,2015,Yellowstone,34374,4097710.0,34.41205479452055,20.705,8.671296296296296,6.465753424657534,,,,631679666.2,
845,2016,Yellowstone,34712,4257177.0,34.17322404371585,25.138,8.573282442748091,6.674863387978142,,,,663268388.6,
846,2017,Yellowstone,35393,4116524.0,32.965753424657535,35.313,8.891369047619047,6.446575342465754,,,,515808707.4,
847,2018,Yellowstone,35296,4115000.0,32.74712328767124,27.347,8.971546961325968,5.331506849315068,,,,585548997.1,
848,2019,Yellowstone,35463,4020288.0,31.34986301369863,24.073,8.836164383561643,5.284931506849315,,,,740613125.6,
849,2020,Yellowstone,35727,3806306.0,32.43333333333334,24.075,8.8359375,5.827868852459017,,,,,
850,2021,Yellowstone,36531,4860242.0,33.920273972602736,24.406,9.36818181818182,5.997260273972603,,,,,
851,2022,Yellowstone,37371,3290242.0,31.563835616438357,29.632,12.37247191011236,5.964383561643835,10.758426966292134,,,,
852,2023,Yellowstone,37371,,31.92684931506849,27.66,8.912602739726028,5.682191780821918,10.054794520547944,,,1004036739.0,
853,2024,Yellowstone,39884,,,,,,,,,,
854,2011,Yosemite,29855,3951393.0,47.33671232876713,31.432,9.32,7.789041095890411,,,,,
855,2012,Yosemite,29855,3853404.0,49.62049180327868,2.124,9.587431693989071,7.767759563,,,,,
856,2013,Yosemite,29007,3691191.0,49.42164383561644,0.609,9.58082191780822,7.838356164383562,,,,,
857,2014,Yosemite,29007,3882642.0,50.67123287671233,2.893,9.681369863,7.558904109589041,,,,,
858,2015,Yosemite,28600,4150217.0,49.90328767123288,3.731,9.58082191780822,7.484931506849315,,,,555015819.4,
859,2016,Yosemite,28909,5028868.0,49.45655737704918,5.056,9.57377049180328,7.715846994535519,,,,555086179.0,
860,2017,Yosemite,30983,4336890.0,49.51643835616439,49.283,9.329863013698631,7.715068493150685,,,,582670827.4,
861,2018,Yosemite,30910,4009436.0,49.25150684931506,32.397,9.41890410958904,7.156164383561644,,,,645657600.6,
862,2019,Yosemite,31064,4422861.0,48.28109589041095,9.561,9.305753424657532,7.191780821917808,,,,643020990.4,
863,2020,Yosemite,31201,2268313.0,48.388251366120215,10.073,9.236338797814208,7.467213114754099,,,,,
864,2021,Yosemite,31699,3287595.0,50.00684931506849,30.485,9.284383561643835,7.504109589041096,,,,,
865,2022,Yosemite,31109,3667550.0,49.37863014,24.263,9.847671232876712,7.4301369863013695,10.50561797752809,,,,
866,2023,Yosemite,31109,,45.77890410958904,43.84,9.189041095890412,6.736986301369863,10.712328767123289,,,1131470352.0,
867,2024,Yosemite,32680,,,,,,,,,,
868,2011,Zion,8307,2825505.0,51.10136986,15.093,9.658904109589042,7.723287671232876,,,,,
869,2012,Zion,8307,2973607.0,55.98360655737705,9.593,9.762841530054644,7.710382513661202,,,,,
870,2013,Zion,7708,2807387.0,53.44684931506849,11.981,9.732876712328768,7.619178082191781,,,,,
871,2014,Zion,7708,3189696.0,56.63232876712328,6.942,9.809589041,7.649315068,,,,,
872,2015,Zion,7581,3648846.0,56.114794520547946,8.894,9.772602739726029,7.580821917808219,,,,69848826.76,
873,2016,Zion,7621,4295127.0,56.55163934,7.565,9.79617486338798,7.609289617486339,,,,70044814.77,
874,2017,Zion,7745,4504812.0,57.185753424657534,7.33,9.800821918,7.657534246575342,,,,65291892.99,
875,2018,Zion,7722,4320033.0,56.903561643835616,8.271,9.806027397260277,7.882191780821918,,,,67552651.35,
876,2019,Zion,7762,4488268.0,54.51479452054795,9.023,9.714246575342466,7.635616438356164,,,,68195935.3,
877,2020,Zion,7803,3591254.0,56.62841530054645,3.873,9.805191256830602,8.12295082,,,,,
878,2021,Zion,8207,5039835.0,56.76383561643836,6.44,9.776712328767124,7.893150684931506,,,,,
879,2022,Zion,8475,4692417.0,55.54493150684932,6.2860000000000005,9.792328767123289,8.049315068,12.44382022,,,,
880,2023,Zion,8475,,55.518630136986296,10.751,9.742465753424655,7.016438356164383,10.054794520547944,,,52677526.0,
881,2024,Zion,9115,,,,,,,,,,
