,X,Y,fire_id,acres,discovery_date,state,park_name,park_id
4,-122.0584139,43.08333537,3037268,0.0,2020-07-27,OR,Crater Lake,CRLA
13,-112.0353112,35.99967546,3038771,0.1,2020-09-13,AZ,Grand Canyon,GRCA
16,-112.0689112,36.03522546,3039619,0.1,2020-06-11,AZ,Grand Canyon,GRCA
22,-110.6335619,43.69523979,3040119,0.1,2020-10-03,WY,Grand Teton,GRTE
29,-148.904025,63.73210164,3041144,20.63,2021-03-31,AK,Denali,DENA
32,-148.903725,63.73203164,3041587,18.95,2020-04-20,AK,Denali,DENA
34,-110.5264786,43.81088981,3042075,0.1,2020-09-21,WY,Grand Teton,GRTE
51,-103.5523845,29.15034886,3044539,5.0,2021-03-14,TX,Big Bend,BIBE
52,-122.0216139,43.06705538,3045159,0.1,2020-07-27,OR,Crater Lake,CRLA
53,-110.6202786,43.70698979,3045189,0.1,2020-10-05,WY,Grand Teton,GRTE
57,-122.1798139,42.95034535,3045538,0.1,2020-08-16,OR,Crater Lake,CRLA
60,-80.80644316,33.83165658,3046020,318.85,2021-04-06,SC,Congaree,CONG
63,-122.1174139,42.97969536,3046469,0.1,2020-07-18,OR,Crater Lake,CRLA
69,-118.8799125,36.69283509,3047300,0.5,2020-08-04,CA,Kings Canyon,KICA
71,-118.6611125,36.85767513,3048093,2.2,2020-07-29,CA,Kings Canyon,KICA
76,-112.0851112,36.05587546,3048752,0.1,2021-04-14,AZ,Grand Canyon,GRCA
88,-112.5729114,36.33078547,3050067,8356.75,2020-07-16,AZ,Grand Canyon,GRCA
92,-121.6668146,46.98685566,3050620,0.1,2020-08-02,WA,Mount Rainier,MORA
95,-118.6808125,36.76883512,3051140,0.5,2020-08-16,CA,Kings Canyon,KICA
100,-112.4064113,36.27317547,3051550,0.5,2020-11-04,AZ,Grand Canyon,GRCA
107,-103.0369089,29.52464489,3052400,0.1,2020-05-03,TX,Big Bend,BIBE
114,-114.327512,39.03833866,3053226,0.0,2020-07-23,NV,Great Basin,GRBA
124,-114.3623137,48.87590656,3054703,0.1,2020-07-23,MT,Glacier,GLAC
135,-114.2744137,48.77182656,3055342,0.1,2020-07-23,MT,Glacier,GLAC
141,-118.9575126,36.74007509,3055604,0.1,2020-08-12,CA,Kings Canyon,KICA
142,-114.3636137,48.88194656,3055777,0.1,2020-07-23,MT,Glacier,GLAC
149,-112.1983113,36.33878549,3056684,0.8,2020-07-16,AZ,Grand Canyon,GRCA
155,-103.4723531,29.08763561,3057250,0.16,2020-10-04,TX,Big Bend,BIBE
161,-122.1441139,42.90979535,3058346,0.1,2020-08-14,OR,Crater Lake,CRLA
166,-122.1441139,43.05994536,3059001,0.25,2020-07-27,OR,Crater Lake,CRLA
169,-118.5573125,36.71784512,3059153,1316.04,2020-08-21,CA,Kings Canyon,KICA
170,-103.2395089,29.36171485,3059281,6.87,2020-06-17,TX,Big Bend,BIBE
171,-102.9849088,29.42517487,3059313,272.47,2020-07-18,TX,Big Bend,BIBE
174,-80.81932316,33.83088658,3059639,17.12,2020-06-03,SC,Congaree,CONG
178,-110.6097599,43.83178548,3060514,0.1,2020-07-14,WY,Grand Teton,GRTE
180,-150.8725501,63.8537993,3060545,0.64,2020-06-02,AK,Denali,DENA
187,-110.6543453,43.79825647,3061172,0.1,2020-08-24,WY,Grand Teton,GRTE
190,-114.219012,39.00583867,3061343,0.3,2020-11-07,NV,Great Basin,GRBA
192,-151.0227251,63.89322127,3061440,673.48,2020-06-18,AK,Denali,DENA
197,-122.1614139,42.86546535,3061850,0.1,2020-07-27,OR,Crater Lake,CRLA
201,-114.2782137,48.78001656,3062851,0.1,2020-07-23,MT,Glacier,GLAC
204,-112.0198112,36.03329546,3063400,0.3,2020-11-24,AZ,Grand Canyon,GRCA
206,-103.0775089,29.38817486,3063643,0.1,2020-11-26,TX,Big Bend,BIBE
208,-80.82746968,33.84325066,3063680,172.22,2021-03-11,SC,Congaree,CONG
217,-112.0735112,36.03715546,3064655,0.1,2020-06-29,AZ,Grand Canyon,GRCA
219,-110.6153119,43.84150648,3065210,0.1,2020-08-08,WY,Grand Teton,GRTE
224,-87.27931162,41.60086883,3065679,424.58,2021-04-02,IN,Indiana Dunes,INDU
230,-112.0351112,35.99878546,3066429,0.1,2020-06-19,AZ,Grand Canyon,GRCA
234,-122.0452139,42.95083537,3066807,0.1,2020-08-27,OR,Crater Lake,CRLA
247,-93.10188667,34.51966623,3068289,136.62,2021-03-08,AR,Hot Springs,HOSP
250,-112.1210112,36.00898545,3069120,4.83,2020-01-07,AZ,Grand Canyon,GRCA
276,-118.5159125,36.87090514,3072701,0.1,2020-07-22,CA,Kings Canyon,KICA
279,-87.2083116,41.62556383,3073069,0.0,2020-07-29,IN,Indiana Dunes,INDU
280,-122.1417139,42.91046535,3073141,0.1,2020-08-14,OR,Crater Lake,CRLA
290,-110.7331949,43.61584744,3074471,0.1,2020-08-24,WY,Grand Teton,GRTE
292,-80.77565715,33.81627958,3074859,1.13,2021-03-12,SC,Congaree,CONG
297,-114.3612137,48.87426656,3075212,0.1,2020-07-23,MT,Glacier,GLAC
299,-113.6066115,35.88444535,3075719,0.5,2020-09-13,AZ,Grand Canyon,GRCA
302,-87.00861655,41.67806385,3076021,0.03,2020-07-07,IN,Indiana Dunes,INDU
304,-80.82881317,33.84094658,3076218,27.9,2020-11-03,SC,Congaree,CONG
315,-103.2306089,29.35714485,3077989,0.48,2020-06-21,TX,Big Bend,BIBE
322,-122.1640053,42.86685751,3078432,0.05,2020-07-10,OR,Crater Lake,CRLA
323,-80.33118271,25.51944462,3078656,1.07,2020-06-11,FL,Biscayne,BISC
335,-103.0487089,29.51397488,3080985,2.0,2020-05-05,TX,Big Bend,BIBE
340,-114.2356137,48.73140656,3081315,0.1,2020-07-23,MT,Glacier,GLAC
349,-103.3169089,29.27042483,3082921,17.03,2020-06-18,TX,Big Bend,BIBE
351,-122.1665457,43.03418354,3083250,0.25,2020-07-27,OR,Crater Lake,CRLA
374,-112.1151112,36.06378546,3086326,0.1,2020-04-01,AZ,Grand Canyon,GRCA
376,-103.0526089,29.50022488,3086429,0.1,2020-06-18,TX,Big Bend,BIBE
379,-109.867111,38.3677959,3087212,0.1,2020-06-06,UT,Canyonlands,CANY
384,-114.3459137,48.85576656,3088038,0.1,2020-07-23,MT,Glacier,GLAC
385,-122.1481139,43.05960536,3088085,0.25,2020-07-27,OR,Crater Lake,CRLA
386,-110.640712,43.91250648,3088122,0.1,2020-07-04,WY,Grand Teton,GRTE
399,-122.0393139,42.87959536,3090312,0.1,2020-07-24,OR,Crater Lake,CRLA
402,-114.2062137,48.70925657,3090610,0.1,2020-07-23,MT,Glacier,GLAC
403,-122.1433364,42.90971018,3090683,0.1,2020-07-28,OR,Crater Lake,CRLA
407,-103.4092108,46.96415745,3091464,4.6,2021-05-01,ND,Theodore Roosevelt,THRO
408,-103.4496108,46.95927745,3092172,48.64,2021-05-05,ND,Theodore Roosevelt,THRO
415,-81.54025386,41.25406405,3093063,13.93,2021-05-11,OH,Cuyahoga Valley,CUVA
422,-103.2328089,29.32819484,3095284,0.0,2021-05-26,TX,Big Bend,BIBE
429,-112.0298782,36.04545546,3095966,0.3,2021-05-31,AZ,Grand Canyon,GRCA
430,-118.6712125,36.79340512,3095976,0.1,2021-05-31,CA,Kings Canyon,KICA
431,-110.7195453,43.68522312,3096075,0.1,2021-06-01,WY,Grand Teton,GRTE
444,-110.6791079,43.60957445,3098376,0.1,2021-06-14,WY,Grand Teton,GRTE
450,-83.31257399,35.56098686,3098978,0.1,2021-06-08,NC,Great Smoky Mountains,GRSM
461,-103.3026089,29.27719483,3100328,0.1,2021-06-22,TX,Big Bend,BIBE
462,-103.3003089,29.27036483,3100332,0.1,2021-06-22,TX,Big Bend,BIBE
464,-102.35091,43.91352717,3100456,692.8,2021-06-24,SD,Badlands,BADL
466,-122.2811139,42.97747535,3100645,18.49,2021-06-24,OR,Crater Lake,CRLA
483,-110.73094,43.83010346,3102264,0.1,2021-06-24,WY,Grand Teton,GRTE
488,-122.0607139,42.90196536,3102904,0.1,2021-07-03,OR,Crater Lake,CRLA
491,-122.1649139,42.92845535,3103435,0.1,2021-07-05,OR,Crater Lake,CRLA
510,-83.54469405,35.46106683,3104185,0.1,2021-06-27,NC,Great Smoky Mountains,GRSM
511,-102.53091,43.72858713,3104235,0.1,2021-07-05,SD,Badlands,BADL
516,-118.7071125,36.92052513,3105394,100.78,2021-07-10,CA,Kings Canyon,KICA
517,-114.3235137,48.80760656,3105466,0.1,2021-07-10,MT,Glacier,GLAC
519,-118.6184125,36.74112512,3105697,1.0,2021-07-11,CA,Kings Canyon,KICA
520,-113.5862134,48.3050566,3105800,0.1,2021-07-11,MT,Glacier,GLAC
525,-112.2702113,36.32674548,3106812,0.1,2021-07-15,AZ,Grand Canyon,GRCA
526,-112.1517113,36.16910547,3106844,0.1,2021-07-15,AZ,Grand Canyon,GRCA
547,-122.1605139,43.06788536,3109518,0.1,2021-07-26,OR,Crater Lake,CRLA
548,-122.1701139,42.83487535,3109519,0.3,2021-07-26,OR,Crater Lake,CRLA
549,-122.1109139,42.88891536,3109525,0.1,2021-07-26,OR,Crater Lake,CRLA
551,-122.1480139,43.05923536,3109552,0.2,2021-07-26,OR,Crater Lake,CRLA
552,-122.1690139,43.07299536,3109679,1.9,2021-07-27,OR,Crater Lake,CRLA
555,-112.1490113,36.19545547,3110008,0.1,2021-07-28,AZ,Grand Canyon,GRCA
557,-112.1896113,36.33004549,3110082,0.1,2021-07-28,AZ,Grand Canyon,GRCA
558,-112.0636113,36.28090549,3110109,0.1,2021-07-28,AZ,Grand Canyon,GRCA
559,-122.0874139,42.89238536,3110113,0.1,2021-07-28,OR,Crater Lake,CRLA
562,-118.6722125,36.75309511,3110241,12.49,2021-07-29,CA,Kings Canyon,KICA
566,-112.2480113,36.34091549,3110349,0.1,2021-07-29,AZ,Grand Canyon,GRCA
570,-122.0277139,42.95865537,3110530,0.1,2021-07-30,OR,Crater Lake,CRLA
573,-107.8234106,38.58533607,3110537,0.1,2021-07-30,CO,Black Canyon of the Gunnison,BLCA
589,-112.1578113,36.30111549,3110982,0.1,2021-07-31,AZ,Grand Canyon,GRCA
597,-118.4267125,36.81416514,3111640,0.1,2021-08-02,CA,Kings Canyon,KICA
606,-110.5113399,43.84335149,3112779,0.1,2021-08-06,WY,Grand Teton,GRTE
608,-110.7332119,43.72311645,3112884,0.1,2021-08-06,WY,Grand Teton,GRTE
611,-112.1762113,36.31557549,3113310,0.1,2021-08-07,AZ,Grand Canyon,GRCA
613,-112.5519114,36.26961546,3113973,0.3,2021-08-11,AZ,Grand Canyon,GRCA
619,-110.6127205,43.80968362,3114359,0.2,2021-08-13,WY,Grand Teton,GRTE
620,-112.2149113,36.30594548,3114702,3.17,2021-08-14,AZ,Grand Canyon,GRCA
628,-112.1957113,36.31438849,3116057,0.1,2021-08-22,AZ,Grand Canyon,GRCA
629,-102.40461,43.90010717,3116405,2.1,2021-08-25,SD,Badlands,BADL
634,-107.7721106,38.56157607,3116679,0.1,2021-08-27,CO,Black Canyon of the Gunnison,BLCA
652,-112.2913113,36.22667547,3119188,0.25,2021-09-11,AZ,Grand Canyon,GRCA
653,-122.1149139,42.81633535,3119290,0.1,2021-09-12,OR,Crater Lake,CRLA
656,-103.4081108,46.95924745,3120209,0.81,2021-09-19,ND,Theodore Roosevelt,THRO
671,-103.2094089,29.30622484,3124342,0.01,2021-10-22,TX,Big Bend,BIBE
674,-101.9233099,43.78274719,3125462,1680.43,2021-11-07,SD,Badlands,BADL
682,-103.489723,29.10215124,3128507,1.0,2021-12-05,TX,Big Bend,BIBE
700,-93.10729667,34.49971623,3134840,61.97,2022-02-14,AR,Hot Springs,HOSP
709,-93.08231667,34.51009623,3135744,0.25,2022-02-21,AR,Hot Springs,HOSP
717,-93.06362666,34.52885624,3136913,100.41,2022-03-04,AR,Hot Springs,HOSP
723,-80.73862387,33.81354104,3138102,455.44,2022-03-02,SC,Congaree,CONG
730,-102.9954088,29.35066486,3139196,1.0,2022-03-22,TX,Big Bend,BIBE
734,-102.36811,43.90648717,3140159,0.1,2022-03-28,SD,Badlands,BADL
738,-83.45277403,35.56957685,3140483,0.1,2022-03-29,NC,Great Smoky Mountains,GRSM
745,-122.1501139,42.87388535,3141775,1.0,2022-03-23,OR,Crater Lake,CRLA
755,-103.3035089,29.22661482,3143748,31.9,2022-04-20,TX,Big Bend,BIBE
756,-103.2189083,29.29947917,3143926,1.0,2022-04-21,TX,Big Bend,BIBE
758,-80.82194316,33.83240658,3144025,172.22,2022-04-22,SC,Congaree,CONG
788,-149.2062249,63.6388916,3151238,0.25,2022-06-06,AK,Denali,DENA
796,-103.2924002,29.28697965,3153293,0.83,2022-06-18,TX,Big Bend,BIBE
801,-112.1346112,36.04702546,3153558,0.1,2022-06-20,AZ,Grand Canyon,GRCA
808,-112.1140113,36.19909548,3154692,0.98,2022-06-24,AZ,Grand Canyon,GRCA
811,-118.4468125,36.87150514,3155111,0.1,2022-06-25,CA,Kings Canyon,KICA
812,-112.1548113,36.26296548,3155121,0.25,2022-06-26,AZ,Grand Canyon,GRCA
815,-110.6846119,43.68550645,3155671,0.1,2022-06-29,WY,Grand Teton,GRTE
817,-111.9639112,36.20977549,3155901,0.25,2022-06-29,AZ,Grand Canyon,GRCA
827,-118.9623126,36.74393509,3157062,0.1,2022-07-04,CA,Kings Canyon,KICA
835,-112.1251112,36.04948546,3158059,0.1,2022-07-06,AZ,Grand Canyon,GRCA
847,-103.4472328,46.96389645,3159489,0.1,2019-10-22,ND,Theodore Roosevelt,THRO
853,-112.0701113,36.30477549,3161020,0.1,2022-07-17,AZ,Grand Canyon,GRCA
854,-112.1362113,36.21544548,3161028,1378.84,2022-07-17,AZ,Grand Canyon,GRCA
855,-112.2163113,36.31544549,3161031,0.5,2022-07-17,AZ,Grand Canyon,GRCA
856,-112.0944113,36.28045549,3161044,1.0,2022-07-17,AZ,Grand Canyon,GRCA
857,-112.1288113,36.30644549,3161050,0.1,2022-07-17,AZ,Grand Canyon,GRCA
859,-112.4149113,36.26718547,3161209,0.1,2022-07-17,AZ,Grand Canyon,GRCA
860,-111.9796442,36.2781385,3161217,0.1,2022-07-17,AZ,Grand Canyon,GRCA
861,-112.1071112,35.99861545,3161225,0.1,2022-07-18,AZ,Grand Canyon,GRCA
862,-118.5862125,36.77752512,3161314,28.93,2022-07-18,CA,Kings Canyon,KICA
867,-112.1874113,36.26348548,3161776,0.1,2022-07-19,AZ,Grand Canyon,GRCA
873,-112.4817113,36.17289545,3162174,105.8,2022-07-21,AZ,Grand Canyon,GRCA
874,-114.1363535,38.9275095,3162179,0.1,2022-07-21,NV,Great Basin,GRBA
884,-122.2443139,42.95422535,3163723,1.0,2022-07-28,OR,Crater Lake,CRLA
885,-109.752211,38.16561588,3163789,0.1,2022-07-28,UT,Canyonlands,CANY
887,-113.8679136,48.81079661,3164184,0.1,2022-07-30,MT,Glacier,GLAC
888,-110.5737119,43.90625649,3164223,0.1,2022-07-30,WY,Grand Teton,GRTE
889,-122.1771139,42.82896534,3164522,0.1,2022-07-31,OR,Crater Lake,CRLA
891,-122.1441139,42.97853536,3164611,0.1,2022-07-31,OR,Crater Lake,CRLA
892,-122.0462139,42.84932536,3164784,0.75,2022-08-01,OR,Crater Lake,CRLA
893,-122.1623139,42.96163536,3164798,0.1,2022-08-01,OR,Crater Lake,CRLA
894,-118.6947125,36.91753513,3164845,0.1,2022-08-01,CA,Kings Canyon,KICA
895,-118.7230125,36.90973513,3164868,0.1,2022-08-01,CA,Kings Canyon,KICA
899,-122.1343139,42.80908535,3165347,0.1,2022-08-03,OR,Crater Lake,CRLA
903,-110.6796119,43.71678946,3165773,0.1,2022-08-04,WY,Grand Teton,GRTE
907,-118.5716125,36.70033512,3167094,0.1,2022-08-07,CA,Kings Canyon,KICA
926,-88.5394168,48.12647877,3171612,6.14,2022-08-13,MI,Isle Royale,ISRO
928,-114.0349656,48.85399106,3171725,1882.31,2022-08-14,MT,Glacier,GLAC
929,-112.0699113,36.22136548,3171881,0.1,2022-08-14,AZ,Grand Canyon,GRCA
930,-112.2675113,36.33733849,3171959,0.1,2022-08-15,AZ,Grand Canyon,GRCA
931,-122.0087139,42.93998537,3172044,0.1,2022-08-16,OR,Crater Lake,CRLA
932,-122.1275139,42.99224536,3172130,0.2,2022-08-16,OR,Crater Lake,CRLA
940,-122.0989139,42.82350535,3239692,0.1,2022-08-18,OR,Crater Lake,CRLA
944,-112.0256112,36.27952549,3240114,1.0,2022-08-20,AZ,Grand Canyon,GRCA
947,-113.9232136,48.8188366,3240396,0.1,2022-08-21,MT,Glacier,GLAC
950,-122.0938139,43.08500537,3242493,0.1,2022-08-24,OR,Crater Lake,CRLA
963,-114.1900105,48.86757326,3242889,0.1,2022-08-25,MT,Glacier,GLAC
964,-114.4119138,48.95700656,3242997,0.1,2022-08-26,MT,Glacier,GLAC
966,-122.1614139,42.86606535,3243617,0.1,2022-08-29,OR,Crater Lake,CRLA
967,-113.8282136,48.79967661,3243728,0.1,2022-08-27,MT,Glacier,GLAC
970,-110.7532899,43.70206245,3244275,0.1,2022-09-01,WY,Grand Teton,GRTE
976,-113.8599179,48.72313577,3245052,67.42,2022-09-05,MT,Glacier,GLAC
979,-122.0360139,42.93266537,3245441,0.1,2022-09-07,OR,Crater Lake,CRLA
981,-113.645504,48.41596479,3245562,1.1,2022-09-07,MT,Glacier,GLAC
982,-122.0021139,42.91879537,3245566,0.1,2022-09-07,OR,Crater Lake,CRLA
983,-110.8095819,43.64847644,3245723,0.1,2022-08-05,WY,Grand Teton,GRTE
988,-122.0021139,42.91851537,3246119,0.1,2022-09-10,OR,Crater Lake,CRLA
1005,-102.31441,43.51065712,3250066,120.88,2022-09-24,SD,Badlands,BADL
1006,-122.0895139,42.97597536,3250190,0.1,2022-09-25,OR,Crater Lake,CRLA
1010,-112.0411112,35.99525546,3251534,0.1,2022-10-03,AZ,Grand Canyon,GRCA
1013,-113.5170134,48.35659661,3252517,28.48,2022-10-06,MT,Glacier,GLAC
1014,-83.44418403,35.60953686,3252526,0.1,2022-10-06,NC,Great Smoky Mountains,GRSM
1021,-112.1364113,36.25772548,3259483,0.23,2022-10-14,AZ,Grand Canyon,GRCA
1023,-148.904025,63.73210164,3259838,15.01,2022-10-13,AK,Denali,DENA
1025,-118.9708126,36.72038509,3261136,0.1,2022-10-30,CA,Kings Canyon,KICA
1026,-148.904025,63.73210164,3261709,0.1,2021-10-27,AK,Denali,DENA
1036,-80.17288267,25.52328462,3267538,0.5,2022-12-15,FL,Biscayne,BISC
1038,-93.06452666,34.50633623,3282654,0.21,2023-01-10,AR,Hot Springs,HOSP
1039,-93.06647666,34.51133623,3282656,0.1,2023-01-10,AR,Hot Springs,HOSP
1061,-113.5618135,48.68200663,3384295,20.0,2011-07-29,MT,Glacier,GLAC
1062,-113.4587035,48.67259664,3384307,0.3,2011-08-06,MT,Glacier,GLAC
1063,-113.4297535,48.56247664,3384316,0.5,2011-08-09,MT,Glacier,GLAC
1064,-113.3135234,48.46044664,3384329,0.1,2011-08-20,MT,Glacier,GLAC
1065,-113.3604334,48.44386663,3384430,0.1,2012-07-06,MT,Glacier,GLAC
1066,-113.4408135,48.75250665,3384693,0.1,2015-07-23,MT,Glacier,GLAC
1067,-113.3786135,48.56220664,3384861,10.2,2016-07-16,MT,Glacier,GLAC
1069,-113.9942136,48.56080658,3384970,0.1,2017-08-06,MT,Glacier,GLAC
1070,-113.4447135,48.74610665,3385100,0.1,2018-08-11,MT,Glacier,GLAC
1072,-113.3767135,48.55920664,3385199,0.1,2019-08-28,MT,Glacier,GLAC
1078,-113.5514115,35.82940534,3433386,3.0,2011-07-20,AZ,Grand Canyon,GRCA
1080,-113.5839115,35.89420535,3433452,5.0,2013-07-01,AZ,Grand Canyon,GRCA
1081,-113.7000115,35.90920534,3433460,0.1,2013-07-30,AZ,Grand Canyon,GRCA
1082,-113.6997115,35.90970534,3433519,0.1,2018-07-05,AZ,Grand Canyon,GRCA
1093,-151.7494248,63.50000118,3439809,49527.8,2019-06-27,AK,Denali,DENA
1137,-107.7949206,38.57649607,3480108,0.1,2013-07-09,CO,Black Canyon of the Gunnison,BLCA
1138,-107.7768996,38.58092207,3480309,0.1,2018-07-03,CO,Black Canyon of the Gunnison,BLCA
1152,-114.240012,38.98610566,3509701,0.1,2010-07-05,NV,Great Basin,GRBA
1153,-114.219212,39.00890567,3509983,0.1,2012-07-18,NV,Great Basin,GRBA
1154,-114.196112,38.96610566,3510106,0.1,2012-09-01,NV,Great Basin,GRBA
1155,-114.208112,39.00610567,3510191,0.1,2013-07-08,NV,Great Basin,GRBA
1156,-114.260812,38.85890565,3510198,0.1,2013-07-13,NV,Great Basin,GRBA
1157,-114.255812,39.03940567,3510325,0.3,2013-08-21,NV,Great Basin,GRBA
1158,-114.316112,39.01220566,3510467,0.1,2014-09-28,NV,Great Basin,GRBA
1159,-114.291712,39.02170566,3510514,0.1,2015-10-02,NV,Great Basin,GRBA
1160,-114.250312,39.00780566,3510758,0.1,2017-08-05,NV,Great Basin,GRBA
1161,-114.308912,38.95780565,3510768,0.1,2017-08-14,NV,Great Basin,GRBA
1162,-114.279412,39.02970566,3510802,0.1,2018-05-28,NV,Great Basin,GRBA
1163,-114.277212,38.93360565,3510965,0.1,2019-09-04,NV,Great Basin,GRBA
1184,-109.751711,38.18330588,3533153,0.1,2011-08-31,UT,Canyonlands,CANY
1185,-109.874931,38.47580591,3533581,0.1,2014-07-30,UT,Canyonlands,CANY
1188,-109.919711,38.4247059,3534117,0.1,2019-06-17,UT,Canyonlands,CANY
1189,-109.866911,38.30360589,3534119,0.1,2019-06-22,UT,Canyonlands,CANY
1197,-151.7292245,63.1558012,3545637,0.1,2010-06-26,AK,Denali,DENA
1198,-148.943625,63.72530164,3545638,1.5,2010-08-01,AK,Denali,DENA
1199,-150.1728251,63.88530142,3545639,2534.9,2011-07-10,AK,Denali,DENA
1200,-150.0369251,63.83080144,3545640,4.1,2012-06-07,AK,Denali,DENA
1201,-150.914525,63.6978913,3545641,212.7,2012-06-24,AK,Denali,DENA
1202,-152.1590243,63.00400114,3545642,794.4,2013-06-01,AK,Denali,DENA
1203,-151.151125,63.74250126,3545643,3530.2,2013-06-22,AK,Denali,DENA
1205,-150.6322252,63.98890133,3545645,55302.5,2013-06-26,AK,Denali,DENA
1206,-150.9890548,63.5225813,3545646,0.5,2013-06-26,AK,Denali,DENA
1207,-150.8094648,63.46833134,3545647,2.8,2013-06-26,AK,Denali,DENA
1208,-150.143325,63.69280143,3545648,33413.1,2013-06-27,AK,Denali,DENA
1209,-150.1750251,63.83117142,3545649,704.2,2013-06-27,AK,Denali,DENA
1210,-150.0785249,63.66517145,3545650,0.1,2013-06-27,AK,Denali,DENA
1211,-151.3525248,63.57560124,3545651,4368.5,2013-06-29,AK,Denali,DENA
1214,-151.2550247,63.34920127,3545654,4029.4,2015-06-22,AK,Denali,DENA
1215,-151.1989247,63.37080128,3545655,452.1,2015-06-22,AK,Denali,DENA
1216,-151.7658246,63.34080118,3545656,836.5,2015-06-22,AK,Denali,DENA
1217,-150.9789249,63.6261013,3545657,5646.9,2015-06-23,AK,Denali,DENA
1218,-152.1128845,63.16483114,3545658,754.2,2015-06-22,AK,Denali,DENA
1220,-150.698055,63.72219134,3545660,39.8,2015-06-25,AK,Denali,DENA
1222,-151.435325,63.76303121,3545662,361.3,2015-06-26,AK,Denali,DENA
1223,-150.9697251,63.86750128,3545663,2424.9,2015-06-25,AK,Denali,DENA
1224,-151.0163549,63.64000129,3545664,127.8,2015-06-24,AK,Denali,DENA
1226,-150.8025252,63.92572131,3545666,20.9,2015-07-24,AK,Denali,DENA
1228,-150.6999948,63.52881135,3545668,3.0,2016-05-15,AK,Denali,DENA
1230,-150.8143052,63.9702213,3545670,409.7,2018-06-06,AK,Denali,DENA
1231,-149.9386252,63.98110145,3545671,60.5,2018-06-06,AK,Denali,DENA
1232,-150.8639151,63.8336713,3545672,4.5,2018-06-06,AK,Denali,DENA
1386,-112.0511032,36.15959948,3546992,2.0,2010-05-31,AZ,Grand Canyon,GRCA
1387,-112.1970973,36.26940248,3546993,0.1,2010-06-12,AZ,Grand Canyon,GRCA
1388,-111.9283812,36.18338549,3546994,2.5,2010-06-13,AZ,Grand Canyon,GRCA
1389,-112.0337112,36.26150549,3546995,0.1,2010-06-13,AZ,Grand Canyon,GRCA
1390,-112.3173003,36.32459948,3546996,3433.0,2010-06-26,AZ,Grand Canyon,GRCA
1391,-112.2133033,36.20489947,3546997,0.1,2010-07-19,AZ,Grand Canyon,GRCA
1392,-112.9941024,36.37880044,3546998,0.1,2010-07-19,AZ,Grand Canyon,GRCA
1393,-111.9901972,36.25000549,3546999,0.1,2010-07-23,AZ,Grand Canyon,GRCA
1394,-112.1475973,36.27619949,3547000,0.3,2010-07-24,AZ,Grand Canyon,GRCA
1395,-113.0470974,36.23030042,3547001,0.1,2010-08-05,AZ,Grand Canyon,GRCA
1396,-112.0735033,36.21819948,3547002,0.1,2010-08-16,AZ,Grand Canyon,GRCA
1397,-111.8292112,36.04170548,3547003,0.1,2010-10-01,AZ,Grand Canyon,GRCA
1398,-112.1322113,36.08690546,3547004,0.1,2010-11-24,AZ,Grand Canyon,GRCA
1399,-112.1367112,36.04720546,3547006,0.1,2011-06-08,AZ,Grand Canyon,GRCA
1400,-112.3392713,36.25096547,3547007,0.3,2011-05-23,AZ,Grand Canyon,GRCA
1401,-112.1764313,36.03494545,3547008,0.1,2011-07-03,AZ,Grand Canyon,GRCA
1402,-112.8484514,36.37400545,3547009,0.1,2011-07-03,AZ,Grand Canyon,GRCA
1403,-112.2350113,36.21719947,3547010,4144.0,2011-07-05,AZ,Grand Canyon,GRCA
1404,-112.1149973,36.29629949,3547011,0.1,2011-07-14,AZ,Grand Canyon,GRCA
1405,-113.7610996,36.13660037,3547012,0.1,2011-07-31,AZ,Grand Canyon,GRCA
1406,-111.8635032,36.2221975,3547013,0.2,2011-08-01,AZ,Grand Canyon,GRCA
1407,-112.2012033,36.34769749,3547014,15.0,2011-08-03,AZ,Grand Canyon,GRCA
1408,-113.1580975,36.28340242,3547015,0.1,2011-08-03,AZ,Grand Canyon,GRCA
1409,-111.9365012,36.2627975,3547017,0.1,2011-08-05,AZ,Grand Canyon,GRCA
1410,-112.2062003,36.33859949,3547018,1.5,2011-08-09,AZ,Grand Canyon,GRCA
1411,-111.8300912,36.04094548,3547019,0.1,2011-08-21,AZ,Grand Canyon,GRCA
1412,-112.2225033,36.34039949,3547020,0.3,2011-08-25,AZ,Grand Canyon,GRCA
1413,-112.0419003,36.3150055,3547021,424.0,2011-08-27,AZ,Grand Canyon,GRCA
1414,-112.2050113,36.04940545,3547022,0.1,2011-08-27,AZ,Grand Canyon,GRCA
1415,-112.4157033,36.42839749,3547024,0.1,2011-08-28,AZ,Grand Canyon,GRCA
1416,-112.0253003,36.3012995,3547025,10.0,2011-09-01,AZ,Grand Canyon,GRCA
1417,-112.0960013,36.25389749,3547026,0.1,2011-09-09,AZ,Grand Canyon,GRCA
1418,-112.0014212,36.25397549,3547027,0.1,2011-09-12,AZ,Grand Canyon,GRCA
1419,-112.2647033,36.33409949,3547028,0.1,2011-09-17,AZ,Grand Canyon,GRCA
1420,-111.9739782,36.02037746,3547029,0.1,2012-04-20,AZ,Grand Canyon,GRCA
1421,-111.8953032,36.18829949,3547030,0.1,2012-05-08,AZ,Grand Canyon,GRCA
1422,-112.0537312,36.19961548,3547031,0.1,2012-06-21,AZ,Grand Canyon,GRCA
1423,-111.9328002,36.18509949,3547032,0.1,2012-07-12,AZ,Grand Canyon,GRCA
1424,-112.2192003,36.24579948,3547033,0.1,2012-07-14,AZ,Grand Canyon,GRCA
1425,-112.2333003,36.27629748,3547034,0.1,2012-07-14,AZ,Grand Canyon,GRCA
1426,-112.1129003,36.22969748,3547035,0.3,2012-07-16,AZ,Grand Canyon,GRCA
1427,-112.2155013,36.02311545,3547036,0.1,2012-07-18,AZ,Grand Canyon,GRCA
1428,-113.7033116,36.11580537,3547037,41.0,2012-07-12,AZ,Grand Canyon,GRCA
1429,-111.9888012,35.97788546,3547038,0.1,2012-07-22,AZ,Grand Canyon,GRCA
1430,-111.8100012,36.05399548,3547039,0.1,2012-07-23,AZ,Grand Canyon,GRCA
1431,-112.1173012,36.05588546,3547040,0.1,2012-07-28,AZ,Grand Canyon,GRCA
1432,-111.9924002,36.23279949,3547041,0.2,2012-08-04,AZ,Grand Canyon,GRCA
1433,-111.8303302,36.03008547,3547042,0.1,2012-08-07,AZ,Grand Canyon,GRCA
1434,-111.9984972,36.27489749,3547043,0.3,2012-08-09,AZ,Grand Canyon,GRCA
1435,-112.0764112,36.01110546,3547044,0.1,2012-08-09,AZ,Grand Canyon,GRCA
1436,-112.0028002,36.21079949,3547045,0.1,2012-08-10,AZ,Grand Canyon,GRCA
1437,-111.9141412,36.14580548,3547046,0.1,2012-08-18,AZ,Grand Canyon,GRCA
1438,-112.0852912,35.99361545,3547047,0.1,2012-08-20,AZ,Grand Canyon,GRCA
1439,-111.9786112,35.96810546,3547048,0.1,2012-08-21,AZ,Grand Canyon,GRCA
1440,-112.0614003,36.21369948,3547049,0.1,2012-11-27,AZ,Grand Canyon,GRCA
1441,-112.1256512,36.04947546,3547050,0.1,2012-11-28,AZ,Grand Canyon,GRCA
1442,-112.1764113,36.03530545,3547051,0.1,2013-04-30,AZ,Grand Canyon,GRCA
1443,-112.1175112,36.04830546,3547052,0.1,2013-05-01,AZ,Grand Canyon,GRCA
1444,-112.0592112,36.04470546,3547053,0.1,2013-05-08,AZ,Grand Canyon,GRCA
1445,-112.1942113,36.06733546,3547054,0.1,2013-05-07,AZ,Grand Canyon,GRCA
1446,-112.1285813,36.32023549,3547055,0.1,2013-05-12,AZ,Grand Canyon,GRCA
1447,-112.0559002,36.21069948,3547056,0.1,2013-06-14,AZ,Grand Canyon,GRCA
1448,-112.0770033,36.24029949,3547057,0.1,2013-06-26,AZ,Grand Canyon,GRCA
1449,-112.9485024,36.31610044,3547058,223.0,2013-06-30,AZ,Grand Canyon,GRCA
1450,-111.9523002,36.17709948,3547059,0.1,2013-07-07,AZ,Grand Canyon,GRCA
1451,-113.0215014,36.28939743,3547060,0.1,2013-07-11,AZ,Grand Canyon,GRCA
1452,-111.9602012,35.97581546,3547061,0.1,2013-07-14,AZ,Grand Canyon,GRCA
1453,-112.1069033,36.31439949,3547062,0.5,2013-07-14,AZ,Grand Canyon,GRCA
1454,-112.0401002,36.25449549,3547063,0.1,2013-07-15,AZ,Grand Canyon,GRCA
1455,-112.0908973,36.26339949,3547064,0.2,2013-07-15,AZ,Grand Canyon,GRCA
1456,-111.9569312,36.15703548,3547065,0.1,2013-07-18,AZ,Grand Canyon,GRCA
1457,-112.3457033,36.25269947,3547066,22.0,2013-07-20,AZ,Grand Canyon,GRCA
1458,-112.2386113,36.04420545,3547067,0.1,2013-07-23,AZ,Grand Canyon,GRCA
1459,-112.0867813,36.26130549,3547068,0.1,2013-07-29,AZ,Grand Canyon,GRCA
1460,-112.1654013,36.07110546,3547069,0.1,2013-08-17,AZ,Grand Canyon,GRCA
1461,-112.0906003,36.27769749,3547070,0.1,2013-08-21,AZ,Grand Canyon,GRCA
1462,-112.0486003,36.30369949,3547071,0.1,2013-08-21,AZ,Grand Canyon,GRCA
1463,-112.0591973,36.30039949,3547072,0.1,2013-08-21,AZ,Grand Canyon,GRCA
1464,-112.0533973,36.29679949,3547073,0.1,2013-08-21,AZ,Grand Canyon,GRCA
1465,-112.1092213,36.23474548,3547074,0.1,2013-08-22,AZ,Grand Canyon,GRCA
1466,-112.0449013,36.25054549,3547075,0.1,2013-08-22,AZ,Grand Canyon,GRCA
1467,-112.1842113,36.05860546,3547076,0.1,2014-01-21,AZ,Grand Canyon,GRCA
1468,-112.0382002,36.22000548,3547077,0.3,2014-05-23,AZ,Grand Canyon,GRCA
1469,-112.1732033,36.23529748,3547078,0.5,2014-05-23,AZ,Grand Canyon,GRCA
1470,-112.2358113,36.28420548,3547079,6137.0,2014-05-23,AZ,Grand Canyon,GRCA
1471,-112.1623003,36.30329949,3547080,0.1,2014-05-23,AZ,Grand Canyon,GRCA
1472,-112.1447973,36.20830248,3547081,0.1,2014-05-24,AZ,Grand Canyon,GRCA
1473,-112.9492024,36.25940043,3547082,0.1,2014-05-24,AZ,Grand Canyon,GRCA
1474,-112.1547003,36.26179948,3547083,0.2,2014-05-28,AZ,Grand Canyon,GRCA
1475,-111.9973972,36.2932025,3547084,0.3,2014-07-01,AZ,Grand Canyon,GRCA
1476,-112.3973003,36.38859948,3547085,0.1,2014-07-04,AZ,Grand Canyon,GRCA
1477,-111.9945012,36.25179949,3547086,0.1,2014-07-05,AZ,Grand Canyon,GRCA
1478,-112.2451033,36.33169949,3547087,0.1,2014-07-05,AZ,Grand Canyon,GRCA
1479,-112.2218033,36.32000549,3547088,0.1,2014-07-09,AZ,Grand Canyon,GRCA
1480,-112.2039033,36.29909948,3547089,287.0,2014-07-09,AZ,Grand Canyon,GRCA
1481,-112.2185973,36.03130045,3547090,0.1,2014-07-09,AZ,Grand Canyon,GRCA
1482,-111.9032972,36.00940047,3547091,0.1,2014-07-14,AZ,Grand Canyon,GRCA
1483,-112.0642003,36.26699749,3547092,0.1,2014-07-15,AZ,Grand Canyon,GRCA
1484,-112.1663973,36.25929948,3547093,0.1,2014-07-29,AZ,Grand Canyon,GRCA
1485,-112.0784003,36.22339948,3547094,0.1,2014-08-04,AZ,Grand Canyon,GRCA
1486,-112.0414112,36.00220546,3547095,0.1,2014-08-11,AZ,Grand Canyon,GRCA
1487,-112.2906113,36.07890545,3547096,0.1,2014-08-11,AZ,Grand Canyon,GRCA
1488,-112.0903112,35.99670545,3547097,0.1,2014-08-19,AZ,Grand Canyon,GRCA
1489,-112.7546004,36.30759745,3547098,0.1,2014-08-23,AZ,Grand Canyon,GRCA
1490,-112.1641003,36.29059949,3547099,0.1,2014-08-27,AZ,Grand Canyon,GRCA
1491,-112.0802003,36.29059949,3547100,0.1,2014-10-12,AZ,Grand Canyon,GRCA
1492,-112.1636813,36.04478545,3547101,0.1,2014-11-17,AZ,Grand Canyon,GRCA
1493,-112.1378002,36.04590046,3547102,0.1,2014-11-23,AZ,Grand Canyon,GRCA
1494,-112.2124713,36.06091545,3547103,0.1,2015-02-03,AZ,Grand Canyon,GRCA
1495,-112.1451713,36.04466546,3547104,1.0,2015-06-03,AZ,Grand Canyon,GRCA
1496,-112.0598212,36.04431546,3547105,0.1,2015-06-22,AZ,Grand Canyon,GRCA
1497,-111.8843212,36.01050547,3547106,0.1,2015-06-23,AZ,Grand Canyon,GRCA
1498,-113.4404975,35.94110036,3547107,0.3,2015-06-30,AZ,Grand Canyon,GRCA
1499,-112.2170033,36.32589949,3547108,0.1,2015-07-03,AZ,Grand Canyon,GRCA
1500,-111.9425112,36.01431546,3547109,0.1,2015-07-07,AZ,Grand Canyon,GRCA
1501,-112.1832973,36.24989948,3547110,0.1,2015-07-09,AZ,Grand Canyon,GRCA
1502,-112.1147012,36.04850546,3547111,0.1,2015-07-09,AZ,Grand Canyon,GRCA
1503,-112.7078024,36.43229947,3547112,0.1,2015-07-09,AZ,Grand Canyon,GRCA
1504,-111.8073082,36.01747447,3547113,0.1,2015-07-14,AZ,Grand Canyon,GRCA
1505,-111.9504002,36.17229748,3547114,0.1,2015-08-31,AZ,Grand Canyon,GRCA
1506,-111.9712012,35.97131546,3547115,0.1,2015-08-30,AZ,Grand Canyon,GRCA
1507,-111.9890972,36.19969949,3547116,0.1,2015-09-01,AZ,Grand Canyon,GRCA
1508,-112.1923973,36.25250548,3547117,0.1,2015-09-21,AZ,Grand Canyon,GRCA
1509,-112.0794973,36.28057749,3547118,0.1,2016-05-26,AZ,Grand Canyon,GRCA
1510,-112.1483313,36.07065046,3547119,0.1,2016-05-29,AZ,Grand Canyon,GRCA
1511,-112.2335973,36.32871949,3547121,1.8,2016-06-12,AZ,Grand Canyon,GRCA
1512,-112.1439113,36.05524546,3547122,0.1,2016-06-21,AZ,Grand Canyon,GRCA
1513,-112.1302512,36.05077546,3547123,0.1,2016-06-28,AZ,Grand Canyon,GRCA
1514,-112.0250032,36.26562749,3547124,15090.0,2016-06-29,AZ,Grand Canyon,GRCA
1515,-112.1385503,36.22936648,3547125,0.1,2016-06-30,AZ,Grand Canyon,GRCA
1516,-112.0119212,35.99080546,3547126,0.1,2016-07-04,AZ,Grand Canyon,GRCA
1517,-112.1313033,36.32490849,3547127,0.1,2016-07-20,AZ,Grand Canyon,GRCA
1518,-112.1834033,36.34498849,3547128,1.5,2016-07-23,AZ,Grand Canyon,GRCA
1519,-112.2715013,36.06949545,3547129,0.3,2016-07-24,AZ,Grand Canyon,GRCA
1520,-112.1861113,36.06461546,3547130,0.1,2016-07-24,AZ,Grand Canyon,GRCA
1521,-112.0143972,36.20555848,3547131,0.1,2016-07-25,AZ,Grand Canyon,GRCA
1522,-111.9942032,36.23374549,3547132,0.1,2016-07-29,AZ,Grand Canyon,GRCA
1523,-112.1064332,36.05573346,3547133,0.1,2016-08-02,AZ,Grand Canyon,GRCA
1524,-112.1052033,36.19434948,3547134,0.1,2016-08-04,AZ,Grand Canyon,GRCA
1525,-112.0865032,36.11743047,3547135,0.1,2016-08-07,AZ,Grand Canyon,GRCA
1526,-112.1208212,36.07758546,3547136,0.1,2016-10-08,AZ,Grand Canyon,GRCA
1527,-111.9481502,35.98070046,3547137,0.1,2016-08-03,AZ,Grand Canyon,GRCA
1528,-112.1289712,36.04072546,3547138,0.1,2017-05-29,AZ,Grand Canyon,GRCA
1529,-112.1055112,36.05047546,3547139,0.1,2017-06-18,AZ,Grand Canyon,GRCA
1530,-112.1211712,36.04958546,3547141,0.1,2017-11-11,AZ,Grand Canyon,GRCA
1531,-113.3645145,36.15220539,3547142,0.1,2018-08-15,AZ,Grand Canyon,GRCA
1532,-112.1361112,36.04810546,3547143,0.1,2018-04-29,AZ,Grand Canyon,GRCA
1533,-111.9566912,35.97947546,3547144,0.1,2018-05-29,AZ,Grand Canyon,GRCA
1534,-112.1098912,36.05080546,3547145,0.1,2018-06-04,AZ,Grand Canyon,GRCA
1535,-113.9003116,36.09507435,3547146,165.0,2018-06-18,AZ,Grand Canyon,GRCA
1536,-112.3354143,36.33202448,3547147,0.1,2018-07-06,AZ,Grand Canyon,GRCA
1537,-112.0822113,36.27205549,3547148,0.1,2018-07-07,AZ,Grand Canyon,GRCA
1538,-112.9966084,36.37104744,3547149,0.3,2018-07-07,AZ,Grand Canyon,GRCA
1539,-112.1229143,36.19270548,3547150,0.1,2018-07-07,AZ,Grand Canyon,GRCA
1540,-112.2036083,36.27663648,3547151,0.3,2018-07-11,AZ,Grand Canyon,GRCA
1541,-112.1362113,36.26156348,3547152,0.1,2018-07-16,AZ,Grand Canyon,GRCA
1542,-112.0465802,36.21888848,3547153,0.1,2018-07-16,AZ,Grand Canyon,GRCA
1543,-112.1456113,36.27676649,3547154,0.1,2018-07-19,AZ,Grand Canyon,GRCA
1544,-111.9520012,36.02844547,3547155,0.1,2018-07-18,AZ,Grand Canyon,GRCA
1545,-111.9907112,36.2776665,3547156,0.5,2018-07-18,AZ,Grand Canyon,GRCA
1546,-111.7951112,36.07830548,3547157,0.3,2018-07-20,AZ,Grand Canyon,GRCA
1547,-112.0431112,35.99149546,3547158,0.2,2018-07-21,AZ,Grand Canyon,GRCA
1548,-112.0099462,36.16564548,3547159,11656.0,2018-07-21,AZ,Grand Canyon,GRCA
1549,-111.9338112,36.20675549,3547160,17.0,2018-07-22,AZ,Grand Canyon,GRCA
1550,-112.1129113,36.23320548,3547161,0.1,2018-07-26,AZ,Grand Canyon,GRCA
1551,-112.1755113,36.26560248,3547162,0.2,2018-07-31,AZ,Grand Canyon,GRCA
1552,-113.0604144,36.20832442,3547163,0.1,2018-08-15,AZ,Grand Canyon,GRCA
1553,-112.2485083,36.33164549,3547164,0.1,2018-08-18,AZ,Grand Canyon,GRCA
1554,-111.7953012,36.05360548,3547165,0.1,2018-08-21,AZ,Grand Canyon,GRCA
1555,-112.1006912,36.00161545,3547166,0.1,2018-08-21,AZ,Grand Canyon,GRCA
1556,-111.8083012,36.03727548,3547167,0.1,2018-08-22,AZ,Grand Canyon,GRCA
1557,-112.0140112,36.25089549,3547168,0.1,2018-10-21,AZ,Grand Canyon,GRCA
1558,-112.0623143,36.22283648,3547169,6.5,2019-08-28,AZ,Grand Canyon,GRCA
1559,-112.2856113,36.34810549,3547170,16416.0,2019-07-25,AZ,Grand Canyon,GRCA
1560,-112.0717113,36.20584948,3547171,0.5,2019-10-02,AZ,Grand Canyon,GRCA
1561,-112.0407642,36.17039948,3547172,0.1,2019-05-27,AZ,Grand Canyon,GRCA
1562,-112.1128012,36.05641546,3547173,0.3,2019-06-14,AZ,Grand Canyon,GRCA
1563,-112.2798013,36.32499548,3547174,0.3,2019-07-26,AZ,Grand Canyon,GRCA
1564,-112.0415312,36.21453548,3547175,0.5,2019-09-10,AZ,Grand Canyon,GRCA
1565,-112.2668313,36.32838548,3547176,0.3,2019-07-26,AZ,Grand Canyon,GRCA
1566,-112.0682973,36.29426949,3547177,1.0,2019-07-26,AZ,Grand Canyon,GRCA
1567,-112.1143912,36.05441546,3547178,0.1,2019-07-30,AZ,Grand Canyon,GRCA
1568,-112.3493313,36.36433548,3547179,0.3,2019-08-03,AZ,Grand Canyon,GRCA
1569,-112.0254512,36.23778549,3547180,0.2,2019-08-05,AZ,Grand Canyon,GRCA
1570,-112.0183012,36.24413549,3547181,0.1,2019-08-09,AZ,Grand Canyon,GRCA
1571,-112.1662003,36.33002549,3547182,0.1,2019-08-09,AZ,Grand Canyon,GRCA
1572,-112.0867513,36.20858548,3547183,0.1,2019-08-10,AZ,Grand Canyon,GRCA
1573,-112.0586142,36.21023648,3547184,0.1,2019-08-31,AZ,Grand Canyon,GRCA
1574,-111.9870012,36.02463546,3547185,62.0,2019-10-27,AZ,Grand Canyon,GRCA
1678,-107.7833206,38.56486607,3547509,0.1,2011-07-13,CO,Black Canyon of the Gunnison,BLCA
1679,-107.7744006,38.55969607,3547510,0.1,2011-07-18,CO,Black Canyon of the Gunnison,BLCA
1680,-107.7970106,38.57819607,3547511,0.1,2011-06-29,CO,Black Canyon of the Gunnison,BLCA
1681,-107.7086106,38.57190607,3547512,8.6,2011-09-05,CO,Black Canyon of the Gunnison,BLCA
1682,-107.8178106,38.58750607,3547513,0.1,2013-07-08,CO,Black Canyon of the Gunnison,BLCA
1683,-107.7508696,38.56476707,3547514,0.1,2016-09-12,CO,Black Canyon of the Gunnison,BLCA
1937,-114.2082307,48.72842357,3549241,0.1,2010-07-29,MT,Glacier,GLAC
1938,-114.1454357,48.76939958,3549242,0.1,2010-07-29,MT,Glacier,GLAC
1939,-113.9883077,48.8728226,3549243,0.1,2010-08-06,MT,Glacier,GLAC
1940,-113.7057805,48.5059736,3549244,0.1,2010-08-06,MT,Glacier,GLAC
1941,-113.9050246,48.7653436,3549245,0.1,2010-08-27,MT,Glacier,GLAC
1942,-114.3430727,48.84896056,3549246,6.5,2011-05-22,MT,Glacier,GLAC
1943,-113.6097135,48.3291066,3549247,0.1,2011-07-26,MT,Glacier,GLAC
1944,-113.6650135,48.66652362,3549248,0.1,2011-08-26,MT,Glacier,GLAC
1945,-113.5751155,48.3342706,3549249,0.1,2011-09-01,MT,Glacier,GLAC
1946,-113.6181235,48.3378396,3549250,0.1,2011-09-13,MT,Glacier,GLAC
1947,-114.2120307,48.71930657,3549251,0.1,2011-10-02,MT,Glacier,GLAC
1948,-113.8464836,48.6142766,3549252,0.1,2012-07-28,MT,Glacier,GLAC
1949,-113.8386966,48.5961896,3549253,0.3,2012-07-31,MT,Glacier,GLAC
1950,-113.7975846,48.6536466,3549254,160.0,2012-09-01,MT,Glacier,GLAC
1951,-113.6165435,48.67333663,3549255,0.1,2013-07-13,MT,Glacier,GLAC
1952,-114.2611137,48.80052657,3549256,0.1,2013-08-14,MT,Glacier,GLAC
1953,-113.9565937,48.92742661,3549257,0.1,2013-08-14,MT,Glacier,GLAC
1954,-114.2558837,48.80060657,3549258,0.1,2013-08-15,MT,Glacier,GLAC
1955,-113.8351376,48.5969556,3549260,0.1,2014-07-23,MT,Glacier,GLAC
1956,-114.2355437,48.80298657,3549261,0.1,2014-07-31,MT,Glacier,GLAC
1957,-114.2457437,48.79972657,3549262,0.5,2014-07-31,MT,Glacier,GLAC
1958,-113.7240435,48.4939866,3549263,0.1,2014-08-06,MT,Glacier,GLAC
1959,-114.1022336,48.60167657,3549265,0.1,2014-08-20,MT,Glacier,GLAC
1960,-113.8927336,48.56342659,3549266,0.6,2014-09-06,MT,Glacier,GLAC
1961,-114.1384336,48.50832656,3549267,101.0,2015-06-27,MT,Glacier,GLAC
1962,-114.3383137,48.85000656,3549268,1.0,2015-07-10,MT,Glacier,GLAC
1963,-113.9913636,48.59380658,3549269,2.3,2015-07-10,MT,Glacier,GLAC
1964,-114.0933837,48.77190658,3549270,0.2,2015-07-20,MT,Glacier,GLAC
1965,-113.6342135,48.66690662,3549271,4850.0,2015-07-21,MT,Glacier,GLAC
1966,-114.2222137,48.89585658,3549272,0.1,2015-07-25,MT,Glacier,GLAC
1967,-113.5793834,48.3077566,3549273,0.1,2015-08-04,MT,Glacier,GLAC
1968,-113.9098836,48.85298661,3549274,0.1,2015-08-06,MT,Glacier,GLAC
1969,-114.1066837,48.76828658,3549275,0.1,2015-08-06,MT,Glacier,GLAC
1970,-113.3620134,48.49777664,3549276,0.1,2015-08-08,MT,Glacier,GLAC
1971,-113.6161135,48.54400662,3549277,18847.0,2015-08-09,MT,Glacier,GLAC
1972,-114.1250136,48.50270656,3549278,0.1,2015-08-10,MT,Glacier,GLAC
1973,-114.2147437,48.84842658,3549279,0.1,2015-08-14,MT,Glacier,GLAC
1974,-114.2056637,48.85649658,3549280,0.1,2015-08-15,MT,Glacier,GLAC
1975,-113.9017136,48.8031066,3549281,0.1,2015-08-17,MT,Glacier,GLAC
1976,-114.1963437,48.86577658,3549282,0.1,2015-08-15,MT,Glacier,GLAC
1977,-113.9358836,48.54267658,3549283,0.1,2015-08-31,MT,Glacier,GLAC
1978,-113.5971334,48.2717066,3549284,0.1,2015-08-30,MT,Glacier,GLAC
1979,-113.5619136,48.80250664,3549285,0.1,2015-08-31,MT,Glacier,GLAC
1980,-113.9033237,48.96581662,3549286,25.0,2015-08-14,MT,Glacier,GLAC
1981,-113.4279635,48.73720665,3549287,0.1,2015-10-12,MT,Glacier,GLAC
1982,-114.0010836,48.63230658,3549288,0.1,2016-07-26,MT,Glacier,GLAC
1983,-114.2146937,48.71480657,3549289,0.1,2016-08-06,MT,Glacier,GLAC
1984,-113.7788035,48.42724659,3549290,0.1,2016-08-07,MT,Glacier,GLAC
1985,-114.1873137,48.69552657,3549291,0.1,2016-08-30,MT,Glacier,GLAC
1986,-113.5973236,48.79625664,3549292,0.1,2017-07-11,MT,Glacier,GLAC
1987,-114.1489137,48.84190658,3549293,0.3,2017-07-15,MT,Glacier,GLAC
1988,-114.2374537,48.82158657,3549294,1.0,2017-07-29,MT,Glacier,GLAC
1989,-114.3147137,48.80390656,3549295,0.1,2017-08-08,MT,Glacier,GLAC
1990,-113.9235736,48.54072658,3549296,0.5,2017-08-08,MT,Glacier,GLAC
1991,-114.1539137,48.80670658,3549297,0.3,2017-08-08,MT,Glacier,GLAC
1992,-114.0889137,48.79420658,3549298,0.1,2017-08-08,MT,Glacier,GLAC
1993,-114.0931137,48.79610658,3549299,0.5,2017-08-08,MT,Glacier,GLAC
1994,-114.1192137,48.80470658,3549300,0.3,2017-08-08,MT,Glacier,GLAC
1995,-114.1278137,48.73110658,3549301,0.1,2017-08-08,MT,Glacier,GLAC
1996,-114.1628137,48.80030658,3549302,0.1,2017-08-08,MT,Glacier,GLAC
1997,-113.8736136,48.6697066,3549303,0.1,2017-08-09,MT,Glacier,GLAC
1998,-113.9542136,48.66860659,3549304,1.5,2017-08-09,MT,Glacier,GLAC
1999,-113.8287036,48.6071766,3549305,16982.0,2017-08-11,MT,Glacier,GLAC
2000,-113.9861136,48.61610658,3549306,0.1,2017-08-10,MT,Glacier,GLAC
2001,-113.6734036,48.69817662,3549307,0.1,2017-08-11,MT,Glacier,GLAC
2002,-113.4386134,48.29940661,3549308,0.1,2017-08-11,MT,Glacier,GLAC
2003,-114.0397036,48.75828659,3549309,4032.0,2017-08-12,MT,Glacier,GLAC
2004,-114.2406137,48.97750658,3549310,0.1,2017-08-17,MT,Glacier,GLAC
2005,-114.3639138,48.95580657,3549311,2.0,2017-08-30,MT,Glacier,GLAC
2006,-114.4147138,48.99920656,3549312,650.0,2017-09-02,MT,Glacier,GLAC
2007,-114.0422137,48.9986066,3549313,47.0,2017-09-07,MT,Glacier,GLAC
2008,-114.3242137,48.82080656,3549314,0.1,2018-06-22,MT,Glacier,GLAC
2009,-113.5728364,48.2455936,3549315,0.3,2018-07-30,MT,Glacier,GLAC
2010,-113.8224136,48.72800661,3549316,0.1,2018-08-12,MT,Glacier,GLAC
2011,-113.9164136,48.64280659,3549317,14522.0,2018-08-12,MT,Glacier,GLAC
2012,-114.2093137,48.86343658,3549318,1.5,2018-08-12,MT,Glacier,GLAC
2013,-113.8227636,48.77595661,3549319,0.1,2018-08-20,MT,Glacier,GLAC
2014,-113.9761137,48.97970661,3549320,2911.0,2018-08-24,MT,Glacier,GLAC
2015,-113.9842136,48.52860658,3549321,0.1,2019-05-11,MT,Glacier,GLAC
2016,-114.2925137,48.83170657,3549322,0.1,2019-07-03,MT,Glacier,GLAC
2017,-114.1639137,48.74500657,3549323,0.1,2019-09-05,MT,Glacier,GLAC
2018,-113.4301915,48.73726465,3549324,0.1,2019-10-25,MT,Glacier,GLAC
2034,-104.6098124,32.10320527,3549535,425.0,2010-05-16,NM,Carlsbad Caverns,CAVE
2035,-104.5539203,32.13699428,3549536,17309.0,2010-05-16,NM,Carlsbad Caverns,CAVE
2036,-104.4903093,32.17530529,3549537,30487.0,2011-06-13,NM,Carlsbad Caverns,CAVE
2037,-104.5831094,32.11470528,3549538,2.5,2011-07-24,NM,Carlsbad Caverns,CAVE
2038,-104.4428093,32.18250529,3549539,0.1,2016-06-26,NM,Carlsbad Caverns,CAVE
2039,-104.6475094,32.08970527,3549540,20.0,2016-08-02,NM,Carlsbad Caverns,CAVE
2113,-103.2994089,29.22610482,3550315,0.1,2009-12-24,TX,Big Bend,BIBE
2114,-103.3906089,29.20390481,3550316,0.1,2010-05-21,TX,Big Bend,BIBE
2115,-103.2969089,29.26970483,3550317,0.1,2010-06-13,TX,Big Bend,BIBE
2116,-103.2631089,29.30640484,3550319,0.1,2010-06-17,TX,Big Bend,BIBE
2117,-103.2997089,29.31310484,3550320,0.1,2010-08-22,TX,Big Bend,BIBE
2118,-103.550609,29.1458048,3550321,122.0,2010-05-21,TX,Big Bend,BIBE
2119,-103.2156089,29.32420484,3550322,0.1,2010-07-29,TX,Big Bend,BIBE
2120,-103.3907389,29.22053482,3550323,0.1,2011-07-21,TX,Big Bend,BIBE
2121,-103.3731089,29.26569483,3550324,1945.0,2011-08-10,TX,Big Bend,BIBE
2122,-103.2000089,29.30000484,3550325,1.0,2011-08-11,TX,Big Bend,BIBE
2123,-103.2311089,29.17389481,3550326,280.0,2011-08-11,TX,Big Bend,BIBE
2124,-103.1920789,29.28413484,3550328,0.1,2012-04-08,TX,Big Bend,BIBE
2125,-103.2926119,29.28070483,3550329,0.1,2012-04-08,TX,Big Bend,BIBE
2126,-103.515679,29.1339748,3550330,0.1,2012-06-08,TX,Big Bend,BIBE
2127,-103.2837089,29.35130485,3550331,0.1,2012-07-24,TX,Big Bend,BIBE
2128,-103.3108089,29.33800484,3550332,0.1,2012-07-24,TX,Big Bend,BIBE
2129,-103.1664089,29.23000483,3550333,0.3,2013-04-02,TX,Big Bend,BIBE
2130,-103.3472789,29.28492483,3550334,0.8,2013-05-27,TX,Big Bend,BIBE
2131,-103.3912789,29.21465482,3550335,0.9,2013-05-29,TX,Big Bend,BIBE
2132,-103.591903,29.20350481,3550336,0.1,2014-03-31,TX,Big Bend,BIBE
2133,-103.2592089,29.27440483,3550337,5.0,2014-06-13,TX,Big Bend,BIBE
2134,-103.3542389,29.29940483,3550338,0.3,2014-06-16,TX,Big Bend,BIBE
2135,-103.0500089,29.30000484,3550339,0.3,2014-07-16,TX,Big Bend,BIBE
2136,-103.2643059,29.32570484,3550340,0.2,2015-06-13,TX,Big Bend,BIBE
2137,-103.573609,29.19890481,3550341,0.1,2015-07-04,TX,Big Bend,BIBE
2138,-103.2972089,29.0978048,3550342,0.1,2015-07-19,TX,Big Bend,BIBE
2139,-103.0186088,29.12920481,3550343,62.0,2015-07-26,TX,Big Bend,BIBE
2140,-103.2061989,29.31600084,3550344,1792.0,2016-02-01,TX,Big Bend,BIBE
2141,-103.651309,29.1588048,3550345,19.0,2016-03-15,TX,Big Bend,BIBE
2142,-103.4844189,29.1415648,3550346,0.1,2016-05-27,TX,Big Bend,BIBE
2143,-102.9858088,29.40250486,3550347,0.1,2016-05-30,TX,Big Bend,BIBE
2144,-103.0849729,29.25030483,3550348,0.1,2016-06-06,TX,Big Bend,BIBE
2145,-103.3292289,29.28539483,3550349,0.1,2016-06-27,TX,Big Bend,BIBE
2146,-103.3800089,29.38000485,3550350,6.0,2016-08-01,TX,Big Bend,BIBE
2147,-103.2111689,29.31328484,3550351,0.1,2016-08-10,TX,Big Bend,BIBE
2148,-103.3138369,29.18137681,3550352,273.0,2016-06-11,TX,Big Bend,BIBE
2149,-102.9718468,29.19191483,3550353,0.1,2017-08-08,TX,Big Bend,BIBE
2150,-103.2935559,29.23192482,3550354,3.4,2017-01-21,TX,Big Bend,BIBE
2151,-103.548675,29.18881081,3550355,29.0,2017-04-26,TX,Big Bend,BIBE
2152,-103.2447919,29.23315783,3550356,1064.0,2017-05-14,TX,Big Bend,BIBE
2153,-103.2958889,29.39260485,3550357,2.5,2017-07-05,TX,Big Bend,BIBE
2154,-103.1438389,28.99717479,3550358,116.0,2017-07-06,TX,Big Bend,BIBE
2155,-103.3375089,29.02100478,3550359,37.0,2017-11-16,TX,Big Bend,BIBE
2156,-103.3628089,29.02080478,3550360,562.0,2018-03-03,TX,Big Bend,BIBE
2157,-103.3472089,29.36830485,3550361,1.9,2018-05-24,TX,Big Bend,BIBE
2158,-103.3880089,29.22190482,3550362,296.9,2018-06-25,TX,Big Bend,BIBE
2159,-103.3805089,29.22970482,3550363,0.1,2018-06-25,TX,Big Bend,BIBE
2160,-103.2964699,29.31513484,3550364,0.1,2018-07-02,TX,Big Bend,BIBE
2161,-103.3857559,29.21530482,3550365,495.0,2018-08-28,TX,Big Bend,BIBE
2162,-103.3467089,29.04440479,3550366,84.0,2019-02-01,TX,Big Bend,BIBE
2163,-103.4710389,29.07047379,3550367,88.0,2019-02-13,TX,Big Bend,BIBE
2164,-103.3052669,29.00864978,3550368,18.6,2019-03-18,TX,Big Bend,BIBE
2165,-102.9430808,29.26119684,3550369,1.0,2019-04-22,TX,Big Bend,BIBE
2167,-103.1869969,29.28114984,3550371,7.0,2019-07-20,TX,Big Bend,BIBE
2168,-103.1840789,28.98934478,3550372,0.1,2019-08-20,TX,Big Bend,BIBE
2169,-103.2086789,29.34080785,3550373,0.1,2019-08-28,TX,Big Bend,BIBE
2170,-103.2622379,29.33210484,3550374,0.1,2019-08-29,TX,Big Bend,BIBE
2171,-103.2828489,29.04810479,3550375,0.1,2019-08-30,TX,Big Bend,BIBE
2172,-103.3727989,29.21583482,3550376,0.1,2019-09-21,TX,Big Bend,BIBE
2316,-109.730311,38.10519588,3551806,0.1,2013-04-10,UT,Canyonlands,CANY
2317,-109.851411,38.3236059,3551807,0.1,2013-07-16,UT,Canyonlands,CANY
2318,-109.975011,38.37250589,3551808,3.5,2013-08-05,UT,Canyonlands,CANY
2319,-109.854711,38.31140589,3551809,0.1,2014-07-29,UT,Canyonlands,CANY
2320,-109.818311,38.15220588,3551810,0.1,2015-05-18,UT,Canyonlands,CANY
2321,-109.770011,38.07080587,3551811,23.0,2016-06-10,UT,Canyonlands,CANY
2322,-109.825811,38.45970592,3551812,0.1,2016-08-10,UT,Canyonlands,CANY
2323,-109.892211,38.23420588,3551813,0.1,2017-05-29,UT,Canyonlands,CANY
2324,-109.832811,38.47720592,3551814,0.1,2017-07-21,UT,Canyonlands,CANY
2325,-109.850011,38.3200059,3551815,0.1,2018-07-10,UT,Canyonlands,CANY
2475,-110.7427219,43.75767646,3552718,0.1,2010-06-15,WY,Grand Teton,GRTE
2476,-110.7300119,43.58580644,3552719,0.1,2010-06-29,WY,Grand Teton,GRTE
2477,-110.6634519,43.61680345,3552720,0.1,2010-07-10,WY,Grand Teton,GRTE
2478,-110.7186119,43.79250646,3552721,45.9,2010-07-13,WY,Grand Teton,GRTE
2479,-110.5925119,43.91220649,3552722,13.2,2010-08-04,WY,Grand Teton,GRTE
2481,-110.6836119,43.80170647,3552725,0.1,2010-09-19,WY,Grand Teton,GRTE
2482,-110.5731219,43.88769648,3552726,0.1,2011-06-29,WY,Grand Teton,GRTE
2483,-110.5717119,43.82553648,3552727,0.1,2011-08-07,WY,Grand Teton,GRTE
2484,-110.6365119,43.90644648,3552728,0.1,2011-08-16,WY,Grand Teton,GRTE
2485,-110.7785419,43.63144644,3552729,0.1,2011-08-26,WY,Grand Teton,GRTE
2486,-110.6485119,43.79156647,3552730,0.1,2011-08-27,WY,Grand Teton,GRTE
2487,-110.753012,43.79119646,3552731,0.1,2011-08-27,WY,Grand Teton,GRTE
2488,-110.6336119,43.81560647,3552732,0.1,2011-09-19,WY,Grand Teton,GRTE
2489,-110.6975119,43.65860645,3552733,0.1,2012-05-06,WY,Grand Teton,GRTE
2490,-110.6725919,43.65433645,3552734,0.2,2012-05-26,WY,Grand Teton,GRTE
2491,-110.5847119,43.92000649,3552735,0.1,2012-07-09,WY,Grand Teton,GRTE
2492,-110.893842,43.59600643,3552736,0.1,2012-07-12,WY,Grand Teton,GRTE
2493,-110.6208119,43.90170648,3552737,0.1,2012-07-13,WY,Grand Teton,GRTE
2494,-110.4300419,43.77914649,3552738,0.3,2012-07-28,WY,Grand Teton,GRTE
2495,-110.6817119,43.64640645,3552739,0.1,2012-07-28,WY,Grand Teton,GRTE
2496,-110.5467119,43.87470649,3552740,1.1,2012-07-30,WY,Grand Teton,GRTE
2497,-110.7697619,43.67244645,3552741,0.1,2012-07-31,WY,Grand Teton,GRTE
2498,-110.5897119,43.85860648,3552742,0.1,2012-08-01,WY,Grand Teton,GRTE
2499,-110.781842,43.72522645,3552743,0.3,2012-09-11,WY,Grand Teton,GRTE
2500,-110.7647919,43.64047644,3552744,0.1,2013-07-11,WY,Grand Teton,GRTE
2501,-110.644072,43.91133648,3552745,0.1,2013-07-24,WY,Grand Teton,GRTE
2502,-110.6594119,43.64530645,3552746,1.8,2013-07-31,WY,Grand Teton,GRTE
2503,-110.833842,43.92720647,3552747,240.0,2013-08-03,WY,Grand Teton,GRTE
2504,-110.5728219,43.92325649,3552749,0.1,2013-08-07,WY,Grand Teton,GRTE
2506,-110.4688419,43.9214765,3552751,0.4,2013-08-16,WY,Grand Teton,GRTE
2507,-110.713312,43.96190648,3552752,0.3,2013-08-25,WY,Grand Teton,GRTE
2508,-110.6281119,43.64560645,3552753,0.3,2013-09-06,WY,Grand Teton,GRTE
2509,-110.7827919,43.66650644,3552754,0.3,2014-06-22,WY,Grand Teton,GRTE
2510,-110.734302,43.89402647,3552755,0.1,2014-07-04,WY,Grand Teton,GRTE
2511,-110.5778019,43.88280648,3552756,0.1,2014-07-23,WY,Grand Teton,GRTE
2513,-110.5891119,43.76838647,3552758,0.1,2015-08-03,WY,Grand Teton,GRTE
2514,-110.8139119,43.60890643,3552759,0.1,2015-08-15,WY,Grand Teton,GRTE
2515,-110.5235119,43.78994648,3552760,7.0,2015-08-21,WY,Grand Teton,GRTE
2516,-110.6653219,43.61589645,3552761,0.1,2015-10-07,WY,Grand Teton,GRTE
2517,-110.7444319,43.72431645,3552762,0.1,2016-07-04,WY,Grand Teton,GRTE
2518,-110.6822119,43.60830645,3552763,0.1,2016-07-10,WY,Grand Teton,GRTE
2519,-110.7897119,43.63500644,3552765,0.1,2016-07-24,WY,Grand Teton,GRTE
2520,-110.785812,44.02060648,3552766,20825.0,2016-07-25,WY,Grand Teton,GRTE
2521,-110.5372119,43.79360648,3552767,0.1,2016-08-05,WY,Grand Teton,GRTE
2522,-110.7350119,43.59940644,3552768,0.7,2016-08-06,WY,Grand Teton,GRTE
2523,-110.5450119,43.78440648,3552769,0.1,2016-08-07,WY,Grand Teton,GRTE
2525,-110.4867119,43.88170649,3552772,0.1,2016-08-18,WY,Grand Teton,GRTE
2526,-110.4714119,43.87610649,3552774,0.2,2016-08-19,WY,Grand Teton,GRTE
2527,-110.5367119,43.92530649,3552775,0.5,2016-08-19,WY,Grand Teton,GRTE
2528,-110.6654819,43.65797645,3552776,0.1,2016-08-23,WY,Grand Teton,GRTE
2529,-110.4733119,43.89000649,3552777,0.1,2016-08-23,WY,Grand Teton,GRTE
2530,-110.5994119,43.90030648,3552778,0.1,2016-09-04,WY,Grand Teton,GRTE
2531,-110.6438719,43.76992647,3552779,1.5,2016-09-04,WY,Grand Teton,GRTE
2532,-110.5300919,43.88493949,3552780,0.5,2016-09-04,WY,Grand Teton,GRTE
2533,-110.6669119,43.73170646,3552781,0.1,2016-09-05,WY,Grand Teton,GRTE
2534,-110.821112,43.75670645,3552782,0.1,2016-09-12,WY,Grand Teton,GRTE
2536,-110.7646219,43.69114645,3552785,0.1,2018-07-09,WY,Grand Teton,GRTE
2537,-110.7282619,43.59025644,3552786,0.1,2018-07-24,WY,Grand Teton,GRTE
2538,-110.7489819,43.70781645,3552787,0.1,2018-08-19,WY,Grand Teton,GRTE
2539,-110.773312,43.81890646,3552788,3.5,2018-09-15,WY,Grand Teton,GRTE
2540,-110.5522019,43.85622648,3552790,0.1,2019-06-30,WY,Grand Teton,GRTE
2541,-110.629542,43.93953649,3552791,0.1,2019-07-14,WY,Grand Teton,GRTE
2542,-110.646452,43.94467648,3552792,0.1,2019-08-16,WY,Grand Teton,GRTE
2543,-110.7418419,43.73483645,3552793,0.1,2019-09-01,WY,Grand Teton,GRTE
2544,-110.6601219,43.73792646,3552794,0.1,2019-09-01,WY,Grand Teton,GRTE
2545,-110.644342,43.90950648,3552795,0.1,2019-09-02,WY,Grand Teton,GRTE
2546,-110.7323419,43.69458645,3552796,0.1,2019-11-05,WY,Grand Teton,GRTE
2767,-93.01920665,34.53250624,3553868,3.5,2010-03-23,AR,Hot Springs,HOSP
2768,-93.10190667,34.51970623,3553871,0.1,2012-02-23,AR,Hot Springs,HOSP
2769,-93.03970666,34.52780624,3553872,0.3,2012-03-01,AR,Hot Springs,HOSP
2770,-93.03360666,34.53280624,3553873,0.1,2012-03-06,AR,Hot Springs,HOSP
2771,-93.04190666,34.51610623,3553874,0.2,2012-05-22,AR,Hot Springs,HOSP
2772,-93.06364666,34.50697623,3553878,0.1,2012-07-27,AR,Hot Springs,HOSP
2773,-93.04440666,34.51610623,3553881,5.0,2012-08-02,AR,Hot Springs,HOSP
2774,-93.08560967,34.50960923,3553883,2.0,2014-02-21,AR,Hot Springs,HOSP
2776,-93.10875068,34.51766723,3553885,0.1,2015-01-14,AR,Hot Springs,HOSP
2777,-93.08160667,34.50069623,3553886,0.3,2015-12-10,AR,Hot Springs,HOSP
2778,-93.03953666,34.52670624,3553887,5.0,2016-11-10,AR,Hot Springs,HOSP
2779,-93.06661666,34.50561623,3553888,1.0,2016-03-26,AR,Hot Springs,HOSP
2780,-93.08161267,34.50040623,3553889,0.3,2016-12-10,AR,Hot Springs,HOSP
2781,-93.04927066,34.51782523,3553890,14.0,2016-11-19,AR,Hot Springs,HOSP
2782,-93.03643466,34.52571224,3553892,0.1,2016-07-18,AR,Hot Springs,HOSP
2783,-93.09280667,34.50890623,3553893,0.1,2017-11-20,AR,Hot Springs,HOSP
2784,-93.03607666,34.53850624,3553895,0.1,2018-09-24,AR,Hot Springs,HOSP
2794,-86.99286554,41.66997785,3554799,6.2,2010-04-01,IN,Indiana Dunes,INDU
2795,-87.1984726,41.61609083,3554802,0.1,2010-04-14,IN,Indiana Dunes,INDU
2796,-87.06920556,41.65970785,3554805,0.1,2010-05-25,IN,Indiana Dunes,INDU
2797,-87.2006056,41.62470783,3554806,0.3,2010-07-04,IN,Indiana Dunes,INDU
2798,-86.97872554,41.69330786,3554808,0.1,2010-08-22,IN,Indiana Dunes,INDU
2799,-87.2089866,41.62604083,3554809,0.1,2010-10-28,IN,Indiana Dunes,INDU
2800,-87.06922556,41.65690185,3554815,0.1,2011-07-03,IN,Indiana Dunes,INDU
2801,-87.2111756,41.62061783,3554817,0.1,2011-07-10,IN,Indiana Dunes,INDU
2802,-87.04810256,41.64572785,3554818,0.1,2011-07-11,IN,Indiana Dunes,INDU
2803,-86.95839553,41.69325786,3554819,0.1,2011-07-22,IN,Indiana Dunes,INDU
2804,-87.2114916,41.62130783,3554820,0.1,2011-08-07,IN,Indiana Dunes,INDU
2805,-86.94561553,41.69783786,3554821,0.1,2011-09-30,IN,Indiana Dunes,INDU
2806,-87.24009761,41.60622783,3554825,25.9,2012-03-10,IN,Indiana Dunes,INDU
2807,-87.2192026,41.61123583,3554826,13.7,2012-03-10,IN,Indiana Dunes,INDU
2808,-87.27983562,41.61825783,3554828,15.8,2012-03-22,IN,Indiana Dunes,INDU
2809,-87.24009761,41.60622783,3554829,11.6,2012-03-10,IN,Indiana Dunes,INDU
2810,-87.14797558,41.60236783,3554830,0.1,2012-04-07,IN,Indiana Dunes,INDU
2811,-87.28127262,41.61944683,3554831,0.5,2012-04-18,IN,Indiana Dunes,INDU
2812,-87.2058056,41.62610783,3554833,0.1,2012-05-28,IN,Indiana Dunes,INDU
2813,-87.26714562,41.60703783,3554834,7.1,2012-07-05,IN,Indiana Dunes,INDU
2814,-87.18170559,41.62890784,3554836,0.2,2012-07-21,IN,Indiana Dunes,INDU
2815,-87.23711561,41.60739783,3554839,3.2,2013-01-21,IN,Indiana Dunes,INDU
2816,-87.27920562,41.61780783,3554840,4.3,2013-03-28,IN,Indiana Dunes,INDU
2817,-87.07706556,41.63881784,3554842,0.1,2013-04-03,IN,Indiana Dunes,INDU
2818,-87.08720557,41.63280784,3554844,0.5,2013-06-05,IN,Indiana Dunes,INDU
2819,-87.2042056,41.62386783,3554845,0.1,2013-06-29,IN,Indiana Dunes,INDU
2820,-87.2039056,41.60750783,3554846,2.5,2013-07-23,IN,Indiana Dunes,INDU
2821,-87.2028056,41.62720783,3554847,0.1,2013-08-08,IN,Indiana Dunes,INDU
2822,-86.95986553,41.70053786,3554848,0.5,2013-09-09,IN,Indiana Dunes,INDU
2823,-87.17803559,41.63161784,3554849,0.1,2013-09-24,IN,Indiana Dunes,INDU
2824,-87.2109776,41.62109083,3554853,0.1,2014-04-12,IN,Indiana Dunes,INDU
2825,-87.2094756,41.61360783,3554854,0.1,2014-04-20,IN,Indiana Dunes,INDU
2826,-87.17728559,41.62700784,3554856,0.1,2014-05-24,IN,Indiana Dunes,INDU
2827,-87.26606562,41.60708783,3554857,0.1,2014-07-10,IN,Indiana Dunes,INDU
2828,-87.29677263,41.60653883,3554860,124.0,2015-04-01,IN,Indiana Dunes,INDU
2829,-87.23690561,41.61060783,3554864,142.0,2015-04-15,IN,Indiana Dunes,INDU
2830,-87.2074256,41.62336783,3554868,0.1,2015-06-13,IN,Indiana Dunes,INDU
2831,-87.23360561,41.60890783,3554869,182.8,2016-03-22,IN,Indiana Dunes,INDU
2832,-87.28381562,41.60181783,3554873,85.0,2016-04-25,IN,Indiana Dunes,INDU
2833,-87.31344563,41.60408782,3554874,22.0,2016-04-25,IN,Indiana Dunes,INDU
2834,-87.06928556,41.66008785,3554875,0.1,2016-07-01,IN,Indiana Dunes,INDU
2835,-86.95244553,41.62700785,3554877,0.1,2016-07-20,IN,Indiana Dunes,INDU
2836,-87.27360562,41.60920783,3554881,130.0,2016-03-22,IN,Indiana Dunes,INDU
2837,-87.23470561,41.59860783,3554884,0.3,2017-04-10,IN,Indiana Dunes,INDU
2838,-87.23390561,41.59822783,3554885,0.1,2017-04-10,IN,Indiana Dunes,INDU
2839,-87.1964456,41.61636783,3554892,3.0,2017-04-10,IN,Indiana Dunes,INDU
2840,-87.2000056,41.61578783,3554893,0.1,2017-04-10,IN,Indiana Dunes,INDU
2841,-87.2122056,41.61294783,3554894,8.0,2017-04-10,IN,Indiana Dunes,INDU
2842,-87.1972446,41.61628583,3554896,0.1,2017-04-15,IN,Indiana Dunes,INDU
2843,-87.23894161,41.60483783,3554897,0.9,2017-05-07,IN,Indiana Dunes,INDU
2844,-87.06810556,41.66080785,3554899,0.1,2017-05-30,IN,Indiana Dunes,INDU
2845,-87.31580563,41.60500782,3554900,0.3,2017-06-03,IN,Indiana Dunes,INDU
2846,-87.33000564,41.60530782,3554901,0.2,2017-06-03,IN,Indiana Dunes,INDU
2847,-87.23980261,41.60636383,3554905,0.3,2017-06-10,IN,Indiana Dunes,INDU
2848,-87.00703855,41.68236585,3554906,0.8,2017-06-25,IN,Indiana Dunes,INDU
2849,-87.22856561,41.60839783,3554907,0.1,2017-11-16,IN,Indiana Dunes,INDU
2850,-87.07897556,41.62706784,3554909,0.1,2017-12-02,IN,Indiana Dunes,INDU
2851,-87.24572561,41.60097783,3554911,2.0,2017-12-05,IN,Indiana Dunes,INDU
2852,-87.2114056,41.62110783,3554919,0.1,2018-05-29,IN,Indiana Dunes,INDU
2853,-87.17800559,41.63117784,3554920,0.1,2018-06-26,IN,Indiana Dunes,INDU
2854,-87.04560556,41.64690785,3554926,0.1,2019-02-28,IN,Indiana Dunes,INDU
2855,-87.04530556,41.64670785,3554927,0.1,2019-02-28,IN,Indiana Dunes,INDU
2856,-87.1989056,41.61640783,3554930,2.6,2019-03-27,IN,Indiana Dunes,INDU
2857,-87.28110562,41.60530783,3554931,216.0,2019-03-27,IN,Indiana Dunes,INDU
2858,-87.30837463,41.60498582,3554941,4.9,2019-06-11,IN,Indiana Dunes,INDU
2859,-87.04533556,41.64689785,3554953,0.1,2019-06-26,IN,Indiana Dunes,INDU
2860,-87.05140556,41.63530784,3554955,0.1,2019-09-06,IN,Indiana Dunes,INDU
2862,-88.58580682,48.14720877,3554998,0.1,2011-06-15,MI,Isle Royale,ISRO
2863,-88.94340691,48.00880873,3554999,5.0,2012-05-22,MI,Isle Royale,ISRO
2864,-88.64562383,48.09987576,3555001,0.1,2013-08-06,MI,Isle Royale,ISRO
2881,-92.62780809,48.40140851,3555168,300.0,2011-08-28,MN,Voyageurs,VOYA
2882,-92.99810822,48.4939085,3555171,0.2,2011-10-08,MN,Voyageurs,VOYA
2883,-92.50000805,48.37000852,3555172,0.1,2012-07-03,MN,Voyageurs,VOYA
2884,-92.94030821,48.54810851,3555174,0.5,2012-07-11,MN,Voyageurs,VOYA
2885,-93.06530824,48.5261085,3555175,0.1,2012-07-12,MN,Voyageurs,VOYA
2886,-92.51440806,48.43720853,3555176,0.1,2012-09-16,MN,Voyageurs,VOYA
2887,-92.76000814,48.43060851,3555177,0.2,2013-08-18,MN,Voyageurs,VOYA
2888,-92.49830806,48.43280853,3555178,0.1,2014-05-28,MN,Voyageurs,VOYA
2889,-92.52250806,48.42190852,3555179,0.1,2014-07-31,MN,Voyageurs,VOYA
2890,-93.10060827,48.5972085,3555180,0.1,2015-08-02,MN,Voyageurs,VOYA
2891,-92.92970821,48.56640851,3555181,0.1,2016-05-23,MN,Voyageurs,VOYA
2892,-92.89280818,48.4361085,3555182,0.1,2016-05-23,MN,Voyageurs,VOYA
2893,-92.88560818,48.4611085,3555185,0.1,2018-06-07,MN,Voyageurs,VOYA
2923,-103.5114798,46.92499944,3555489,0.1,2010-04-08,ND,Theodore Roosevelt,THRO
2924,-103.5227778,46.94899944,3555491,0.1,2010-08-09,ND,Theodore Roosevelt,THRO
2925,-103.5068108,46.95314344,3555494,0.1,2011-08-09,ND,Theodore Roosevelt,THRO
2926,-103.3392109,47.59470753,3555495,0.3,2012-01-03,ND,Theodore Roosevelt,THRO
2927,-103.4792108,46.99080745,3555496,0.1,2012-08-02,ND,Theodore Roosevelt,THRO
2928,-103.4180709,47.60228752,3555498,0.1,2012-10-25,ND,Theodore Roosevelt,THRO
2929,-103.3909009,47.61311752,3555499,0.3,2013-03-22,ND,Theodore Roosevelt,THRO
2930,-103.4152249,47.62494652,3555500,0.5,2013-01-01,ND,Theodore Roosevelt,THRO
2931,-103.4347309,47.60228752,3555502,0.1,2013-01-01,ND,Theodore Roosevelt,THRO
2932,-103.4152249,47.62494652,3555504,0.2,2014-01-21,ND,Theodore Roosevelt,THRO
2933,-103.3909009,47.61311752,3555505,0.2,2014-01-21,ND,Theodore Roosevelt,THRO
2934,-103.4347309,47.60228752,3555506,0.2,2014-01-21,ND,Theodore Roosevelt,THRO
2935,-103.3928108,46.89420744,3555507,0.1,2014-06-25,ND,Theodore Roosevelt,THRO
2936,-103.2644139,47.61311654,3555508,5.6,2014-09-17,ND,Theodore Roosevelt,THRO
2937,-103.4292109,47.60720752,3555509,0.1,2014-10-01,ND,Theodore Roosevelt,THRO
2938,-103.4306109,47.61390752,3555510,0.1,2014-10-01,ND,Theodore Roosevelt,THRO
2939,-103.3903109,47.61280752,3555511,0.5,2014-10-01,ND,Theodore Roosevelt,THRO
2940,-103.3894108,46.89190744,3555512,0.1,2015-08-11,ND,Theodore Roosevelt,THRO
2941,-103.3803108,46.89310745,3555513,0.1,2015-07-12,ND,Theodore Roosevelt,THRO
2942,-103.3808108,46.89530745,3555514,0.1,2015-07-19,ND,Theodore Roosevelt,THRO
2943,-103.4203108,46.97690745,3555515,5.0,2017-07-18,ND,Theodore Roosevelt,THRO
2944,-103.4517108,46.95670745,3555516,10.0,2017-07-18,ND,Theodore Roosevelt,THRO
2945,-103.3906109,47.61310752,3555517,15.0,2017-08-30,ND,Theodore Roosevelt,THRO
2946,-103.3903109,47.61280752,3555519,1.0,2017-01-01,ND,Theodore Roosevelt,THRO
2947,-103.4292109,47.60720752,3555520,1.0,2017-01-01,ND,Theodore Roosevelt,THRO
2948,-103.4306109,47.61390752,3555521,1.0,2017-01-01,ND,Theodore Roosevelt,THRO
2949,-103.3903109,47.61280752,3555522,2.0,2018-01-01,ND,Theodore Roosevelt,THRO
2950,-103.4317109,47.61720752,3555523,2.0,2018-01-01,ND,Theodore Roosevelt,THRO
2951,-103.4292109,47.60720752,3555524,2.0,2018-01-01,ND,Theodore Roosevelt,THRO
2952,-103.4023408,46.95442745,3555525,0.2,2018-05-04,ND,Theodore Roosevelt,THRO
2953,-103.4019108,46.95440745,3555526,0.1,2018-05-04,ND,Theodore Roosevelt,THRO
2954,-103.5098708,46.92747744,3555527,0.1,2018-08-15,ND,Theodore Roosevelt,THRO
2955,-103.4024808,46.95483745,3555528,0.1,2018-05-04,ND,Theodore Roosevelt,THRO
2956,-103.4595908,46.98619745,3555529,0.1,2018-05-04,ND,Theodore Roosevelt,THRO
2957,-103.4039008,46.95083745,3555530,0.1,2018-05-04,ND,Theodore Roosevelt,THRO
2958,-103.4292109,47.60720752,3555531,2.0,2018-11-01,ND,Theodore Roosevelt,THRO
2959,-103.3903109,47.61280752,3555532,2.0,2018-11-01,ND,Theodore Roosevelt,THRO
2960,-103.4317109,47.61720752,3555533,2.0,2018-11-01,ND,Theodore Roosevelt,THRO
2961,-103.4142108,46.96750745,3555534,0.1,2019-06-26,ND,Theodore Roosevelt,THRO
2962,-103.4019109,47.61780752,3555535,0.1,2019-08-20,ND,Theodore Roosevelt,THRO
2963,-103.4019108,46.95420745,3555536,1.0,2019-08-06,ND,Theodore Roosevelt,THRO
2964,-81.59030387,41.17470804,3555591,0.5,2012-07-13,OH,Cuyahoga Valley,CUVA
2965,-81.56060386,41.21940805,3555592,0.3,2012-08-08,OH,Cuyahoga Valley,CUVA
2966,-102.4250101,43.91580717,3555652,0.6,2012-07-18,SD,Badlands,BADL
2967,-102.20921,43.86500718,3555653,1.5,2012-07-21,SD,Badlands,BADL
2968,-102.40061,43.89360716,3555654,0.6,2012-07-21,SD,Badlands,BADL
2969,-102.42191,43.91580717,3555655,0.3,2012-08-24,SD,Badlands,BADL
2970,-102.19531,43.84580717,3555656,0.1,2012-09-24,SD,Badlands,BADL
2971,-102.355807,43.92180717,3555657,0.2,2013-05-08,SD,Badlands,BADL
2972,-102.30651,43.90497717,3555658,0.1,2017-07-25,SD,Badlands,BADL
2973,-102.278713,43.87841817,3555659,1.5,2017-12-10,SD,Badlands,BADL
2974,-102.186827,43.80664017,3555660,1.0,2018-08-19,SD,Badlands,BADL
2975,-102.418613,43.88168216,3555661,2.2,2018-08-19,SD,Badlands,BADL
3048,-68.20669975,44.31220912,3556277,0.1,2010-09-01,ME,Acadia,ACAD
3049,-68.24109977,44.36440913,3556279,0.1,2011-10-11,ME,Acadia,ACAD
3050,-68.3431748,44.29955912,3556281,0.1,2013-07-21,ME,Acadia,ACAD
3051,-68.3368998,44.31550912,3556282,0.1,2014-02-22,ME,Acadia,ACAD
3052,-68.25919977,44.37720913,3556283,0.1,2014-07-15,ME,Acadia,ACAD
3053,-68.20329975,44.24140911,3556284,0.1,2014-08-13,ME,Acadia,ACAD
3054,-68.33169979,44.30860912,3556294,0.1,2016-07-08,ME,Acadia,ACAD
3055,-68.29169978,44.37580913,3556295,0.1,2016-07-09,ME,Acadia,ACAD
3056,-68.31579979,44.29940912,3556296,0.1,2016-07-21,ME,Acadia,ACAD
3057,-68.28999978,44.30110912,3556297,0.1,2016-07-25,ME,Acadia,ACAD
3058,-68.28939978,44.30060912,3556298,0.1,2016-08-03,ME,Acadia,ACAD
3059,-68.28779978,44.30310912,3556301,0.1,2016-08-11,ME,Acadia,ACAD
3060,-68.22169976,44.31060912,3556302,0.1,2016-08-31,ME,Acadia,ACAD
3061,-68.23139976,44.35890913,3556304,0.1,2016-08-16,ME,Acadia,ACAD
3062,-68.21249975,44.31170912,3556305,0.1,2016-09-07,ME,Acadia,ACAD
3063,-68.23252976,44.35992913,3556307,0.1,2016-09-27,ME,Acadia,ACAD
3064,-68.37419981,44.34140912,3556309,0.1,2017-05-28,ME,Acadia,ACAD
3065,-68.23124976,44.32395912,3556312,0.1,2017-11-14,ME,Acadia,ACAD
3066,-68.28639978,44.30500912,3556313,0.1,2018-06-02,ME,Acadia,ACAD
3067,-68.24059977,44.40750914,3556315,0.1,2018-07-20,ME,Acadia,ACAD
3068,-68.23059976,44.37030913,3556316,0.2,2019-06-07,ME,Acadia,ACAD
3069,-68.18499975,44.32780913,3556318,0.1,2019-09-22,ME,Acadia,ACAD
3100,-78.3961027,38.61250768,3557604,0.5,2010-04-19,VA,Shenandoah,SHEN
3101,-78.44250271,38.51500766,3557605,0.1,2010-05-02,VA,Shenandoah,SHEN
3102,-78.26220266,38.72720771,3557606,0.1,2010-05-31,VA,Shenandoah,SHEN
3103,-78.76940279,38.17640757,3557607,0.1,2010-07-04,VA,Shenandoah,SHEN
3104,-78.66560276,38.3000076,3557608,0.1,2010-10-10,VA,Shenandoah,SHEN
3105,-78.55250273,38.36110762,3557611,0.1,2011-04-15,VA,Shenandoah,SHEN
3106,-78.47810271,38.43500764,3557612,0.1,2011-06-03,VA,Shenandoah,SHEN
3107,-78.46420271,38.44670764,3557613,4.0,2012-04-07,VA,Shenandoah,SHEN
3108,-78.36530269,38.7006077,3557614,2138.0,2012-06-26,VA,Shenandoah,SHEN
3109,-78.29280267,38.65810769,3557615,0.3,2012-06-28,VA,Shenandoah,SHEN
3110,-78.73030278,38.2958076,3557617,0.1,2012-07-04,VA,Shenandoah,SHEN
3111,-78.35220268,38.55560767,3557619,0.3,2013-04-26,VA,Shenandoah,SHEN
3112,-78.27360266,38.63690769,3557620,0.1,2013-05-25,VA,Shenandoah,SHEN
3113,-78.76214278,38.18205758,3557621,0.1,2013-06-05,VA,Shenandoah,SHEN
3114,-78.79360279,38.16780757,3557622,468.0,2014-02-28,VA,Shenandoah,SHEN
3115,-78.66128876,38.2594686,3557623,0.1,2014-04-08,VA,Shenandoah,SHEN
3116,-78.43606271,38.53114766,3557625,0.1,2014-11-04,VA,Shenandoah,SHEN
3117,-78.33690268,38.65690769,3557626,0.1,2015-01-20,VA,Shenandoah,SHEN
3118,-78.35585269,38.65576569,3557630,0.1,2015-11-14,VA,Shenandoah,SHEN
3119,-78.29018067,38.66229969,3557631,1.5,2015-12-12,VA,Shenandoah,SHEN
3120,-78.64610276,38.31440761,3557632,10326.0,2016-04-16,VA,Shenandoah,SHEN
3121,-78.16140264,38.84030773,3557633,0.1,2016-05-03,VA,Shenandoah,SHEN
3122,-78.30390267,38.55360767,3557634,0.1,2016-11-20,VA,Shenandoah,SHEN
3123,-78.32153568,38.65987669,3557635,0.1,2016-12-28,VA,Shenandoah,SHEN
3124,-78.77060279,38.25720759,3557636,0.2,2017-02-27,VA,Shenandoah,SHEN
3125,-78.79060279,38.20000758,3557637,0.1,2017-08-28,VA,Shenandoah,SHEN
3126,-78.32640268,38.66140769,3557638,0.1,2017-10-06,VA,Shenandoah,SHEN
3127,-78.37322269,38.59814767,3557639,0.1,2017-10-22,VA,Shenandoah,SHEN
3128,-78.31720268,38.66140769,3557640,0.1,2017-11-02,VA,Shenandoah,SHEN
3129,-78.37890269,38.59170767,3557641,25.0,2017-11-18,VA,Shenandoah,SHEN
3130,-78.52110272,38.41890763,3557643,0.3,2018-03-02,VA,Shenandoah,SHEN
3131,-78.29500268,38.76560771,3557645,0.1,2018-08-19,VA,Shenandoah,SHEN
3132,-78.43640271,38.53000766,3557646,0.1,2018-08-26,VA,Shenandoah,SHEN
3133,-78.37920269,38.59390767,3557647,0.1,2018-11-16,VA,Shenandoah,SHEN
3134,-78.68970276,38.23280759,3557648,3.7,2019-02-05,VA,Shenandoah,SHEN
3135,-78.4086027,38.53110766,3557650,0.1,2019-07-01,VA,Shenandoah,SHEN
3136,-78.28280267,38.65220769,3557651,0.1,2019-07-02,VA,Shenandoah,SHEN
3137,-78.28280267,38.65420769,3557652,0.1,2019-07-02,VA,Shenandoah,SHEN
3321,-118.6914125,36.76670511,3559165,9020.0,2010-07-16,CA,Kings Canyon,KICA
3322,-118.6794025,36.73150511,3559166,1.0,2010-07-18,CA,Kings Canyon,KICA
3324,-118.5283095,36.81330513,3559168,0.3,2010-07-26,CA,Kings Canyon,KICA
3325,-118.9731126,36.73960509,3559169,0.2,2010-09-05,CA,Kings Canyon,KICA
3327,-118.9171725,36.65516509,3559171,6.0,2010-09-30,CA,Kings Canyon,KICA
3335,-118.7071125,36.75690511,3559179,0.3,2011-08-03,CA,Kings Canyon,KICA
3336,-118.5476125,36.89045514,3559180,0.1,2011-08-04,CA,Kings Canyon,KICA
3341,-118.9249095,36.70730209,3559185,0.1,2011-09-14,CA,Kings Canyon,KICA
3343,-118.6164025,36.68833511,3559187,0.1,2011-09-22,CA,Kings Canyon,KICA
3345,-118.9724126,36.74730509,3559190,0.1,2012-03-07,CA,Kings Canyon,KICA
3346,-118.9695096,36.73940509,3559191,0.1,2012-05-27,CA,Kings Canyon,KICA
3347,-118.9470096,36.7556051,3559192,0.1,2012-06-07,CA,Kings Canyon,KICA
3350,-118.4733125,36.87530514,3559195,325.0,2012-07-15,CA,Kings Canyon,KICA
3353,-118.7107125,36.92747513,3559199,0.1,2012-08-15,CA,Kings Canyon,KICA
3354,-118.6981325,36.91700513,3559200,0.1,2012-08-16,CA,Kings Canyon,KICA
3361,-118.6354125,36.93780514,3559207,0.1,2012-08-24,CA,Kings Canyon,KICA
3364,-118.7800726,37.19519515,3559210,0.1,2012-09-13,CA,Kings Canyon,KICA
3365,-118.3880125,36.76600514,3559211,0.1,2012-10-06,CA,Kings Canyon,KICA
3366,-118.8840125,36.66200509,3559212,0.1,2012-10-06,CA,Kings Canyon,KICA
3367,-118.9706326,36.72155509,3559213,0.1,2013-05-24,CA,Kings Canyon,KICA
3368,-118.9703526,36.74808509,3559214,0.1,2013-06-15,CA,Kings Canyon,KICA
3370,-118.6063425,36.67733511,3559216,0.1,2013-07-04,CA,Kings Canyon,KICA
3372,-118.5560125,36.82600513,3559218,0.3,2013-07-22,CA,Kings Canyon,KICA
3378,-118.9712126,36.74400509,3559224,0.1,2013-07-28,CA,Kings Canyon,KICA
3379,-118.6650225,36.78800512,3559225,0.1,2013-08-03,CA,Kings Canyon,KICA
3380,-118.6560025,36.79000512,3559226,0.1,2013-08-18,CA,Kings Canyon,KICA
3382,-118.6710125,36.80400512,3559228,29.0,2013-08-19,CA,Kings Canyon,KICA
3383,-118.7547225,36.96283513,3559229,0.3,2013-08-20,CA,Kings Canyon,KICA
3385,-118.6100125,36.99200514,3559231,681.0,2013-08-23,CA,Kings Canyon,KICA
3387,-118.4800125,36.78300513,3559233,0.1,2013-09-11,CA,Kings Canyon,KICA
3392,-118.9050125,36.68780509,3559238,0.3,2014-04-23,CA,Kings Canyon,KICA
3394,-118.6860425,36.79555512,3559240,1.0,2014-06-10,CA,Kings Canyon,KICA
3395,-118.3699625,36.71858513,3559241,0.1,2014-07-24,CA,Kings Canyon,KICA
3396,-118.5664125,36.98470515,3559242,3.0,2014-07-25,CA,Kings Canyon,KICA
3400,-118.5792225,36.82420513,3559246,8.0,2014-08-02,CA,Kings Canyon,KICA
3403,-118.5547125,36.78890513,3559249,0.1,2014-09-15,CA,Kings Canyon,KICA
3404,-118.9014125,36.66580509,3559250,5.0,2014-09-21,CA,Kings Canyon,KICA
3405,-118.4792125,36.77640513,3559251,0.1,2014-10-01,CA,Kings Canyon,KICA
3406,-118.5664125,36.78830513,3559252,0.1,2014-10-19,CA,Kings Canyon,KICA
3407,-118.4192325,36.75840513,3559253,0.3,2014-10-22,CA,Kings Canyon,KICA
3410,-118.9678126,36.74000509,3559256,0.1,2015-05-06,CA,Kings Canyon,KICA
3415,-118.9654826,36.73821509,3559261,0.1,2015-06-11,CA,Kings Canyon,KICA
3417,-118.6588095,36.96600514,3559263,0.1,2015-06-14,CA,Kings Canyon,KICA
3420,-118.8863125,36.68690509,3559266,0.1,2015-07-02,CA,Kings Canyon,KICA
3421,-118.6618095,36.68600511,3559267,0.3,2015-07-02,CA,Kings Canyon,KICA
3423,-118.7097155,36.72220211,3559269,0.1,2015-07-04,CA,Kings Canyon,KICA
3424,-118.7015125,36.75670211,3559270,0.2,2015-07-04,CA,Kings Canyon,KICA
3432,-118.7088125,36.73430511,3559278,0.1,2015-08-01,CA,Kings Canyon,KICA
3433,-118.7074095,36.73270511,3559279,0.1,2015-08-02,CA,Kings Canyon,KICA
3434,-118.7173125,36.72170511,3559280,0.1,2015-08-04,CA,Kings Canyon,KICA
3440,-118.7333125,36.93350213,3559286,161.0,2015-10-20,CA,Kings Canyon,KICA
3450,-118.6157955,36.94533614,3559296,2.3,2016-07-29,CA,Kings Canyon,KICA
3452,-118.7237155,36.88932412,3559298,0.8,2016-08-11,CA,Kings Canyon,KICA
3453,-118.9582096,36.73869409,3559299,0.1,2016-08-12,CA,Kings Canyon,KICA
3454,-118.9560126,36.73984709,3559300,0.1,2016-08-12,CA,Kings Canyon,KICA
3455,-118.6989225,36.74507511,3559301,74.0,2016-08-19,CA,Kings Canyon,KICA
3456,-118.9588986,36.73586909,3559302,0.1,2016-08-20,CA,Kings Canyon,KICA
3457,-118.4286095,36.81460814,3559303,0.1,2016-08-28,CA,Kings Canyon,KICA
3458,-118.9605156,36.73063309,3559304,0.1,2016-09-03,CA,Kings Canyon,KICA
3459,-118.4134125,36.70478613,3559305,0.1,2016-09-16,CA,Kings Canyon,KICA
3462,-118.6743125,36.79321312,3559308,0.1,2016-10-01,CA,Kings Canyon,KICA
3465,-118.9717156,36.74611309,3559311,0.1,2017-05-27,CA,Kings Canyon,KICA
3469,-118.4717125,36.75744513,3559317,20.0,2017-07-18,CA,Kings Canyon,KICA
3473,-118.8177155,36.89691612,3559321,0.1,2017-08-04,CA,Kings Canyon,KICA
3476,-118.7311225,36.6850151,3559324,0.1,2017-08-20,CA,Kings Canyon,KICA
3477,-118.7014125,36.70834411,3559325,0.1,2017-08-21,CA,Kings Canyon,KICA
3483,-118.4431125,36.74484413,3559334,6.5,2018-07-07,CA,Kings Canyon,KICA
3489,-118.5349095,36.78651613,3559341,173.0,2018-08-01,CA,Kings Canyon,KICA
3490,-118.5493125,36.75817712,3559342,0.1,2018-08-01,CA,Kings Canyon,KICA
3492,-118.5248155,37.05109415,3559346,0.1,2018-08-03,CA,Kings Canyon,KICA
3494,-118.5389765,36.67599712,3559348,0.2,2018-08-07,CA,Kings Canyon,KICA
3495,-118.6412095,36.65350511,3559349,0.1,2018-08-12,CA,Kings Canyon,KICA
3497,-118.6468095,36.72900511,3559351,8.6,2018-08-22,CA,Kings Canyon,KICA
3499,-118.9466156,36.7538651,3559353,0.1,2018-09-02,CA,Kings Canyon,KICA
3500,-118.6272095,36.77134412,3559354,0.1,2018-09-02,CA,Kings Canyon,KICA
3514,-118.7008095,36.68710511,3559368,0.1,2019-07-26,CA,Kings Canyon,KICA
3517,-118.5311095,36.75530512,3559371,0.1,2019-08-03,CA,Kings Canyon,KICA
3522,-118.6841825,36.6453251,3559376,0.1,2019-09-24,CA,Kings Canyon,KICA
3523,-118.6729095,36.78997412,3559377,0.1,2019-10-04,CA,Kings Canyon,KICA
3524,-118.9690156,36.74201309,3559378,0.3,2019-11-05,CA,Kings Canyon,KICA
3525,-118.5046125,36.77620513,3559379,1.0,2019-11-16,CA,Kings Canyon,KICA
4151,-156.2358145,20.74890343,3562203,0.1,2011-07-05,HI,Haleakala,HALE
4155,-114.254212,38.95920566,3562440,0.1,2010-07-04,NV,Great Basin,GRBA
4156,-114.249712,38.88140565,3562441,5.0,2010-09-12,NV,Great Basin,GRBA
4157,-114.274712,39.02030566,3562442,0.1,2015-07-20,NV,Great Basin,GRBA
4158,-114.306112,39.04777566,3562443,4656.0,2016-08-08,NV,Great Basin,GRBA
4159,-114.244412,38.92080566,3562444,0.1,2019-09-03,NV,Great Basin,GRBA
4191,-113.8258116,36.14420536,3562881,0.1,2011-07-31,AZ,Grand Canyon,GRCA
4290,-122.2097139,42.92000535,3563321,0.1,2010-07-08,OR,Crater Lake,CRLA
4291,-122.2112939,43.03261536,3563322,0.2,2010-07-14,OR,Crater Lake,CRLA
4292,-122.0525139,43.04220537,3563323,0.1,2010-07-26,OR,Crater Lake,CRLA
4293,-122.1848849,42.87884835,3563324,0.1,2010-07-27,OR,Crater Lake,CRLA
4294,-122.0236839,42.96061537,3563325,0.1,2010-07-27,OR,Crater Lake,CRLA
4295,-122.2559139,42.90630534,3563326,0.1,2010-07-28,OR,Crater Lake,CRLA
4296,-122.2536139,42.88608534,3563327,0.1,2010-08-02,OR,Crater Lake,CRLA
4297,-122.1746139,42.86410535,3563328,0.3,2010-08-04,OR,Crater Lake,CRLA
4298,-122.1342139,42.90930535,3563329,0.1,2010-08-14,OR,Crater Lake,CRLA
4299,-122.2661139,42.86920534,3563330,0.5,2010-08-17,OR,Crater Lake,CRLA
4300,-122.2047139,42.95750535,3563332,0.6,2010-08-18,OR,Crater Lake,CRLA
4301,-122.1785439,42.93542535,3563333,0.1,2010-08-23,OR,Crater Lake,CRLA
4302,-122.1734039,42.85657535,3563334,0.1,2011-07-12,OR,Crater Lake,CRLA
4303,-122.2589139,42.92290534,3563335,0.1,2011-08-09,OR,Crater Lake,CRLA
4304,-122.1975139,43.00330535,3563336,322.4,2011-08-21,OR,Crater Lake,CRLA
4305,-122.2043239,43.01597536,3563337,0.2,2011-08-21,OR,Crater Lake,CRLA
4306,-122.2694139,42.97000535,3563338,0.1,2011-08-21,OR,Crater Lake,CRLA
4307,-122.2122139,43.07236536,3563339,0.1,2011-08-21,OR,Crater Lake,CRLA
4308,-122.2373439,42.97190535,3563340,4.2,2011-08-21,OR,Crater Lake,CRLA
4310,-122.2833739,42.98030535,3563342,0.1,2011-08-21,OR,Crater Lake,CRLA
4311,-122.2809839,42.97670535,3563343,0.1,2011-08-21,OR,Crater Lake,CRLA
4312,-122.1522139,43.07170536,3563344,0.1,2011-08-21,OR,Crater Lake,CRLA
4313,-122.1209839,43.06690537,3563345,0.1,2011-08-22,OR,Crater Lake,CRLA
4314,-122.1404339,43.06440536,3563346,0.3,2011-08-22,OR,Crater Lake,CRLA
4315,-122.3006839,42.97656534,3563347,0.1,2011-08-22,OR,Crater Lake,CRLA
4316,-122.0999439,43.06390537,3563348,0.1,2011-08-25,OR,Crater Lake,CRLA
4317,-122.0876539,43.07000537,3563349,0.1,2011-08-25,OR,Crater Lake,CRLA
4318,-122.2165439,42.90514535,3563350,0.1,2011-08-25,OR,Crater Lake,CRLA
4319,-122.2084839,42.95014535,3563351,0.1,2011-08-28,OR,Crater Lake,CRLA
4320,-122.2184839,42.98014535,3563352,645.0,2011-08-29,OR,Crater Lake,CRLA
4321,-122.1712039,43.04850536,3563353,0.3,2011-09-08,OR,Crater Lake,CRLA
4322,-122.2233139,43.06920536,3563354,0.3,2011-09-08,OR,Crater Lake,CRLA
4323,-122.2314139,43.02300535,3563355,254.0,2011-09-08,OR,Crater Lake,CRLA
4324,-122.2248639,43.06810536,3563356,1.6,2011-09-08,OR,Crater Lake,CRLA
4325,-122.0783139,43.03690537,3563357,0.3,2011-09-08,OR,Crater Lake,CRLA
4326,-122.0786139,43.03690537,3563358,0.1,2011-09-08,OR,Crater Lake,CRLA
4327,-122.1617139,43.03580536,3563359,0.1,2011-09-09,OR,Crater Lake,CRLA
4328,-122.2198439,43.06990536,3563360,0.1,2011-09-09,OR,Crater Lake,CRLA
4329,-122.0647439,43.00013537,3563361,0.2,2011-09-14,OR,Crater Lake,CRLA
4330,-122.1639139,42.92149535,3563362,0.1,2012-09-03,OR,Crater Lake,CRLA
4331,-122.1541539,42.91536535,3563363,0.1,2012-09-04,OR,Crater Lake,CRLA
4332,-122.1653539,42.90421535,3563364,0.1,2012-09-13,OR,Crater Lake,CRLA
4333,-122.1769139,42.93810535,3563365,0.1,2013-05-12,OR,Crater Lake,CRLA
4334,-122.0431139,43.03811537,3563366,0.6,2013-08-02,OR,Crater Lake,CRLA
4335,-122.0359839,43.07403537,3563367,0.3,2013-08-02,OR,Crater Lake,CRLA
4336,-122.2361139,42.99931535,3563368,0.1,2013-08-09,OR,Crater Lake,CRLA
4337,-122.1501539,42.93470535,3563369,0.1,2013-08-15,OR,Crater Lake,CRLA
4338,-122.1528139,42.87014535,3563370,0.1,2013-08-15,OR,Crater Lake,CRLA
4339,-122.1683039,42.99110536,3563371,0.1,2013-08-22,OR,Crater Lake,CRLA
4340,-122.1905039,42.96719535,3563372,0.1,2013-08-22,OR,Crater Lake,CRLA
4341,-122.1886139,42.96640535,3563373,0.1,2013-08-22,OR,Crater Lake,CRLA
4342,-122.1900139,42.96640535,3563374,0.1,2013-08-22,OR,Crater Lake,CRLA
4343,-122.1920039,42.95480535,3563375,0.1,2013-08-22,OR,Crater Lake,CRLA
4344,-122.1481939,42.80750535,3563376,0.1,2013-08-23,OR,Crater Lake,CRLA
4345,-122.1026939,42.84288535,3563377,0.1,2013-08-23,OR,Crater Lake,CRLA
4346,-122.1285139,42.89800535,3563378,0.1,2013-08-25,OR,Crater Lake,CRLA
4347,-121.9906139,42.87180537,3563379,0.1,2013-08-26,OR,Crater Lake,CRLA
4348,-122.2528939,42.84549534,3563380,0.1,2013-08-26,OR,Crater Lake,CRLA
4349,-122.0856939,42.82110535,3563381,0.1,2013-08-28,OR,Crater Lake,CRLA
4350,-122.2148639,42.83440534,3563382,0.1,2013-09-05,OR,Crater Lake,CRLA
4351,-122.1316139,42.99119536,3563383,0.1,2013-09-11,OR,Crater Lake,CRLA
4352,-122.0050139,42.95986537,3563384,2.1,2013-09-13,OR,Crater Lake,CRLA
4353,-122.0392139,42.97640537,3563385,0.1,2013-09-13,OR,Crater Lake,CRLA
4354,-122.1438539,42.83918535,3563386,0.1,2014-07-13,OR,Crater Lake,CRLA
4355,-122.1408639,42.90573535,3563387,0.1,2014-07-21,OR,Crater Lake,CRLA
4356,-122.2513539,42.90606534,3563388,0.5,2014-07-22,OR,Crater Lake,CRLA
4357,-122.1500139,42.82440535,3563389,22.0,2014-07-24,OR,Crater Lake,CRLA
4358,-122.0164139,42.83310536,3563390,3.0,2014-07-30,OR,Crater Lake,CRLA
4359,-122.0965639,42.82256535,3563391,0.2,2014-07-30,OR,Crater Lake,CRLA
4360,-122.1000639,42.83530535,3563392,0.1,2014-07-30,OR,Crater Lake,CRLA
4361,-122.1331139,42.81640535,3563393,0.5,2014-07-30,OR,Crater Lake,CRLA
4362,-122.1922139,42.95750535,3563394,0.8,2014-07-31,OR,Crater Lake,CRLA
4363,-122.2580139,42.96700535,3563395,4.0,2014-07-31,OR,Crater Lake,CRLA
4364,-122.2331139,43.03360535,3563396,0.3,2014-07-31,OR,Crater Lake,CRLA
4365,-122.2019139,42.88310535,3563398,2.0,2014-07-31,OR,Crater Lake,CRLA
4366,-122.0997139,42.84830535,3563399,0.1,2014-07-31,OR,Crater Lake,CRLA
4367,-122.0842139,42.87530536,3563400,0.1,2014-07-31,OR,Crater Lake,CRLA
4368,-122.1951639,42.97009535,3563401,0.1,2014-07-31,OR,Crater Lake,CRLA
4369,-122.2083139,42.85270534,3563402,0.3,2014-07-31,OR,Crater Lake,CRLA
4370,-122.1553139,42.80530535,3563403,15.0,2014-08-01,OR,Crater Lake,CRLA
4371,-122.1318139,42.80420535,3563404,0.1,2014-08-02,OR,Crater Lake,CRLA
4372,-122.2373139,42.82970534,3563405,0.1,2014-08-03,OR,Crater Lake,CRLA
4373,-122.2483639,42.90408534,3563406,3.5,2014-08-03,OR,Crater Lake,CRLA
4374,-122.2455139,42.90400534,3563407,0.2,2014-08-04,OR,Crater Lake,CRLA
4375,-122.2878839,42.98178534,3563408,0.1,2014-08-05,OR,Crater Lake,CRLA
4376,-122.0645139,43.06420537,3563409,0.1,2014-08-05,OR,Crater Lake,CRLA
4377,-122.0645839,43.05097537,3563410,0.1,2014-08-08,OR,Crater Lake,CRLA
4378,-122.0597139,43.05569537,3563411,0.1,2014-08-09,OR,Crater Lake,CRLA
4379,-122.0651439,43.06360537,3563412,0.1,2014-08-09,OR,Crater Lake,CRLA
4380,-122.2775139,42.95360534,3563413,0.1,2014-08-11,OR,Crater Lake,CRLA
4381,-122.2493339,42.87443534,3563414,0.6,2014-08-12,OR,Crater Lake,CRLA
4382,-122.2189139,42.84530534,3563415,0.1,2014-08-11,OR,Crater Lake,CRLA
4383,-122.1892139,42.82750534,3563416,0.1,2014-08-12,OR,Crater Lake,CRLA
4384,-122.2489139,42.87580534,3563417,0.6,2014-08-12,OR,Crater Lake,CRLA
4385,-122.2172139,42.86970534,3563418,0.1,2014-08-12,OR,Crater Lake,CRLA
4386,-122.1533139,42.91640535,3563419,0.5,2014-08-13,OR,Crater Lake,CRLA
4387,-122.0497139,42.93720536,3563420,0.1,2014-08-12,OR,Crater Lake,CRLA
4388,-122.1078139,42.84847535,3563421,0.1,2014-08-14,OR,Crater Lake,CRLA
4389,-122.1231139,42.86580535,3563422,0.1,2014-08-14,OR,Crater Lake,CRLA
4390,-122.1048639,42.87263535,3563423,0.1,2014-08-14,OR,Crater Lake,CRLA
4391,-122.0455139,43.07140537,3563424,0.1,2014-08-14,OR,Crater Lake,CRLA
4392,-122.0856939,42.82140535,3563425,0.3,2014-08-15,OR,Crater Lake,CRLA
4393,-122.2347139,42.82330534,3563426,0.1,2014-08-21,OR,Crater Lake,CRLA
4394,-122.0411139,43.05390537,3563427,266.0,2014-08-14,OR,Crater Lake,CRLA
4395,-122.1330139,42.99310536,3563428,0.1,2014-10-09,OR,Crater Lake,CRLA
4396,-122.2473939,42.89219534,3563429,0.1,2015-06-09,OR,Crater Lake,CRLA
4397,-122.2128039,42.94860535,3563430,1.3,2015-06-27,OR,Crater Lake,CRLA
4398,-122.1866139,42.93049535,3563431,1.1,2015-06-27,OR,Crater Lake,CRLA
4399,-122.1811139,42.89990535,3563432,0.1,2015-06-27,OR,Crater Lake,CRLA
4400,-122.1824139,42.93011535,3563433,0.1,2015-06-27,OR,Crater Lake,CRLA
4401,-122.2067339,42.93544535,3563434,0.1,2015-06-27,OR,Crater Lake,CRLA
4402,-122.2106639,42.89293535,3563435,0.3,2015-07-02,OR,Crater Lake,CRLA
4403,-122.0226639,43.05994537,3563436,0.9,2015-07-07,OR,Crater Lake,CRLA
4404,-122.0248139,42.96344537,3563437,0.2,2015-07-07,OR,Crater Lake,CRLA
4405,-122.2058139,43.02550536,3563438,0.3,2015-08-01,OR,Crater Lake,CRLA
4406,-122.2356039,42.98351535,3563439,0.5,2015-08-01,OR,Crater Lake,CRLA
4407,-122.2511939,43.04880535,3563440,20840.0,2015-08-01,OR,Crater Lake,CRLA
4408,-122.2231539,43.04501536,3563441,0.3,2015-08-01,OR,Crater Lake,CRLA
4409,-122.2308139,42.98064535,3563442,0.1,2015-08-02,OR,Crater Lake,CRLA
4410,-122.2479639,43.05135535,3563443,5.0,2015-08-02,OR,Crater Lake,CRLA
4411,-122.2506839,42.98238535,3563444,2.6,2015-08-03,OR,Crater Lake,CRLA
4412,-122.2527139,43.00013535,3563445,0.1,2015-08-05,OR,Crater Lake,CRLA
4413,-122.2542039,42.85236534,3563446,0.3,2015-08-05,OR,Crater Lake,CRLA
4414,-122.2549539,42.84391534,3563447,0.1,2015-08-06,OR,Crater Lake,CRLA
4415,-122.1791139,42.93669535,3563448,0.1,2015-08-07,OR,Crater Lake,CRLA
4416,-122.1691939,42.93680535,3563449,0.1,2015-08-09,OR,Crater Lake,CRLA
4417,-122.1985039,43.04283536,3563451,0.1,2016-06-11,OR,Crater Lake,CRLA
4418,-122.1796499,42.87088335,3563452,0.1,2016-07-13,OR,Crater Lake,CRLA
4419,-122.2121999,42.92380035,3563453,1072.0,2016-07-28,OR,Crater Lake,CRLA
4420,-122.2614999,43.03435035,3563454,0.6,2016-07-29,OR,Crater Lake,CRLA
4421,-122.2006999,42.88817735,3563455,0.3,2016-07-30,OR,Crater Lake,CRLA
4422,-122.1604329,42.85933335,3563456,0.1,2016-08-17,OR,Crater Lake,CRLA
4423,-122.1803499,42.94050035,3563457,0.1,2016-08-28,OR,Crater Lake,CRLA
4424,-122.0543829,42.89696636,3563458,0.1,2016-09-06,OR,Crater Lake,CRLA
4425,-122.1613469,42.99665536,3563459,0.1,2017-07-21,OR,Crater Lake,CRLA
4426,-122.2115829,42.89668335,3563460,0.1,2017-07-25,OR,Crater Lake,CRLA
4427,-122.2376139,42.84358534,3563461,0.1,2017-07-25,OR,Crater Lake,CRLA
4428,-122.2720039,42.97663535,3563462,0.1,2017-07-25,OR,Crater Lake,CRLA
4429,-122.2818039,42.98027535,3563463,15825.0,2017-07-29,OR,Crater Lake,CRLA
4430,-122.2175139,43.04170536,3563464,0.5,2017-08-10,OR,Crater Lake,CRLA
4431,-122.1963039,42.86719535,3563465,0.5,2017-08-10,OR,Crater Lake,CRLA
4432,-122.0045139,42.97446537,3563466,0.2,2017-08-10,OR,Crater Lake,CRLA
4433,-122.1474639,42.88276535,3563467,0.1,2017-08-11,OR,Crater Lake,CRLA
4434,-122.2188829,42.88213334,3563468,0.1,2018-06-07,OR,Crater Lake,CRLA
4435,-122.1672139,42.86250535,3563469,0.1,2018-07-15,OR,Crater Lake,CRLA
4436,-122.0411139,43.01580537,3563470,0.1,2018-07-15,OR,Crater Lake,CRLA
4437,-122.0450139,43.02736537,3563471,0.5,2018-07-15,OR,Crater Lake,CRLA
4438,-122.0501139,43.05291537,3563472,0.1,2018-07-15,OR,Crater Lake,CRLA
4439,-122.0218339,43.04191537,3563473,0.2,2018-07-15,OR,Crater Lake,CRLA
4440,-122.0114139,43.04060537,3563474,0.1,2018-07-15,OR,Crater Lake,CRLA
4441,-122.0394139,43.07280537,3563475,3126.0,2018-07-15,OR,Crater Lake,CRLA
4442,-122.0128669,43.02721637,3563476,0.1,2018-07-16,OR,Crater Lake,CRLA
4443,-122.2373999,42.92616635,3563477,0.8,2018-07-17,OR,Crater Lake,CRLA
4444,-122.0035039,43.02640037,3563478,2.6,2018-07-15,OR,Crater Lake,CRLA
4445,-122.0623999,43.04320037,3563479,0.8,2018-07-18,OR,Crater Lake,CRLA
4446,-122.2862999,42.89055034,3563480,0.1,2018-07-20,OR,Crater Lake,CRLA
4447,-122.2522999,42.98600035,3563481,0.5,2018-07-21,OR,Crater Lake,CRLA
4448,-122.0583999,43.05424537,3563482,1.0,2018-07-18,OR,Crater Lake,CRLA
4449,-122.0490039,43.01299537,3563483,193.0,2018-07-28,OR,Crater Lake,CRLA
4450,-122.0638839,42.77553535,3563484,0.1,2018-09-16,OR,Crater Lake,CRLA
4451,-122.1011139,43.07144537,3563485,0.1,2019-07-11,OR,Crater Lake,CRLA
4452,-122.1642139,42.85819535,3563486,0.1,2019-07-23,OR,Crater Lake,CRLA
4453,-122.1698169,42.93588335,3563487,0.1,2019-08-29,OR,Crater Lake,CRLA
4454,-122.1649469,42.85896635,3563488,0.1,2019-09-01,OR,Crater Lake,CRLA
4455,-122.0180829,42.86313336,3563489,0.1,2019-09-02,OR,Crater Lake,CRLA
4456,-122.0051669,42.99033337,3563490,0.1,2019-09-05,OR,Crater Lake,CRLA
4457,-122.2594999,42.91291634,3563491,0.1,2019-09-05,OR,Crater Lake,CRLA
4458,-122.2556999,42.91761634,3563492,0.2,2019-09-05,OR,Crater Lake,CRLA
4459,-122.1713499,42.94969135,3563493,0.1,2019-09-06,OR,Crater Lake,CRLA
4460,-122.2491999,42.93520035,3563494,0.3,2019-09-06,OR,Crater Lake,CRLA
4464,-121.4892646,46.76448566,3563805,7.0,2012-09-14,WA,Mount Rainier,MORA
4465,-121.7704146,46.77680563,3563806,0.5,2012-09-23,WA,Mount Rainier,MORA
4466,-121.6658146,46.94482565,3563807,0.1,2013-07-31,WA,Mount Rainier,MORA
4467,-121.5828146,46.74800565,3563808,0.1,2013-08-10,WA,Mount Rainier,MORA
4468,-121.6851046,46.91879565,3563809,0.1,2013-07-31,WA,Mount Rainier,MORA
4469,-121.5342146,46.79300566,3563810,0.1,2013-08-10,WA,Mount Rainier,MORA
4470,-121.6540146,46.90620565,3563811,2.0,2014-08-12,WA,Mount Rainier,MORA
4471,-121.6851146,46.98230565,3563812,0.1,2014-08-12,WA,Mount Rainier,MORA
4472,-121.6088446,46.78303565,3563813,0.1,2014-09-15,WA,Mount Rainier,MORA
4473,-121.6415146,46.90146565,3563814,0.1,2016-06-19,WA,Mount Rainier,MORA
4474,-121.6004046,46.92498566,3563815,0.1,2016-07-22,WA,Mount Rainier,MORA
4475,-121.5261496,46.95732467,3563816,0.1,2017-07-09,WA,Mount Rainier,MORA
4476,-121.6412996,46.90117765,3563817,0.1,2018-07-06,WA,Mount Rainier,MORA
4477,-121.6079996,46.77759965,3563818,0.1,2018-07-29,WA,Mount Rainier,MORA
4478,-121.6633846,46.78644564,3563819,20.0,2018-07-29,WA,Mount Rainier,MORA
4479,-121.5838046,46.80440565,3563820,5.0,2018-08-09,WA,Mount Rainier,MORA
4849,-80.17580267,25.52500462,3565910,0.1,2017-02-01,FL,Biscayne,BISC
4850,-80.17297267,25.51744462,3565911,0.2,2017-03-02,FL,Biscayne,BISC
5076,-86.07830491,37.23330708,3567319,0.1,2010-10-06,KY,Mammoth Cave,MACA
5077,-86.09860491,37.18030707,3567320,0.1,2011-11-13,KY,Mammoth Cave,MACA
5078,-86.09170491,37.16355707,3567321,0.1,2014-07-25,KY,Mammoth Cave,MACA
5079,-86.0864049,37.17170707,3567322,0.3,2014-10-04,KY,Mammoth Cave,MACA
5080,-86.0889049,37.16580707,3567323,0.3,2015-09-26,KY,Mammoth Cave,MACA
5081,-86.10356491,37.18628707,3567324,0.3,2017-07-15,KY,Mammoth Cave,MACA
5204,-80.81833316,33.82611658,3568377,0.1,2016-07-16,SC,Congaree,CONG
5205,-80.78140315,33.81640658,3568379,1.0,2018-03-22,SC,Congaree,CONG
5225,-83.30059798,35.50056585,3568657,0.4,2011-03-19,NC,Great Smoky Mountains,GRSM
5226,-83.87830415,35.46470682,3568658,69.8,2011-04-04,NC,Great Smoky Mountains,GRSM
5227,-83.64940408,35.43640682,3568659,7.7,2011-06-14,NC,Great Smoky Mountains,GRSM
5236,-83.79610413,35.45640682,3568671,2.9,2012-04-28,NC,Great Smoky Mountains,GRSM
5239,-83.40360402,35.59140686,3568675,0.1,2012-07-01,NC,Great Smoky Mountains,GRSM
5242,-83.29360398,35.52220685,3568679,97.0,2012-11-18,NC,Great Smoky Mountains,GRSM
5243,-83.41330402,35.59110686,3568681,0.1,2013-03-19,NC,Great Smoky Mountains,GRSM
5244,-83.54750406,35.52830684,3568682,10.0,2013-03-20,NC,Great Smoky Mountains,GRSM
5245,-83.36750401,35.54330685,3568684,0.1,2013-05-13,NC,Great Smoky Mountains,GRSM
5256,-83.57829606,35.45627583,3568702,240.0,2016-04-19,NC,Great Smoky Mountains,GRSM
5260,-83.40772402,35.59500686,3568707,0.1,2016-08-15,NC,Great Smoky Mountains,GRSM
5262,-83.12250394,35.7022069,3568710,0.1,2016-10-19,NC,Great Smoky Mountains,GRSM
5280,-83.12558394,35.60927688,3568733,0.1,2019-06-22,NC,Great Smoky Mountains,GRSM
5316,-103.524209,29.1376648,3586599,0.1,2023-03-02,TX,Big Bend,BIBE
5332,-93.04550666,34.51933624,3589910,17.32,2023-03-15,AR,Hot Springs,HOSP
5356,-102.9165088,29.20020483,3593407,0.1,2023-04-07,TX,Big Bend,BIBE
5397,-103.4297109,47.62118752,3597057,1.89,2023-04-28,ND,Theodore Roosevelt,THRO
5403,-122.1572139,42.86940535,3598964,1.0,2023-05-02,OR,Crater Lake,CRLA
5411,-112.1208442,36.04237246,3599724,0.1,2023-05-05,AZ,Grand Canyon,GRCA
5416,-112.1555443,36.04627246,3600396,0.1,2023-05-11,AZ,Grand Canyon,GRCA
5417,-102.9321088,29.19605483,3600456,1.0,2023-05-10,TX,Big Bend,BIBE
5426,-113.9843136,48.57020658,3603231,0.25,2023-05-19,MT,Glacier,GLAC
5434,-113.8426136,48.6010166,3604034,0.1,2023-05-24,MT,Glacier,GLAC
5475,-122.2518139,42.85840534,3619653,0.1,2023-06-25,OR,Crater Lake,CRLA
5476,-122.1344139,42.88400535,3620166,0.1,2023-06-28,OR,Crater Lake,CRLA
5478,-118.9701796,36.74000509,3620544,0.1,2023-06-30,CA,Kings Canyon,KICA
5485,-118.6416795,36.70967211,3621060,0.1,2023-07-02,CA,Kings Canyon,KICA
5488,-112.0560752,36.20394848,3621470,0.4,2023-07-03,AZ,Grand Canyon,GRCA
5490,-113.8342306,48.75845661,3621664,0.1,2023-07-04,MT,Glacier,GLAC
5491,-113.8348636,48.75852361,3621673,0.1,2023-07-04,MT,Glacier,GLAC
5499,-114.2453467,48.75487356,3623676,0.1,2023-07-10,MT,Glacier,GLAC
5505,-122.0972139,42.88182536,3625699,0.1,2023-07-17,OR,Crater Lake,CRLA
5507,-112.5260614,36.34463847,3626010,0.1,2023-07-18,AZ,Grand Canyon,GRCA
5521,-112.2333943,36.34908849,3627562,0.1,2023-07-24,AZ,Grand Canyon,GRCA
5522,-113.6227135,48.67667362,3627573,0.1,2023-07-25,MT,Glacier,GLAC
5525,-112.2663443,36.06667245,3627724,0.1,2023-07-25,AZ,Grand Canyon,GRCA
5526,-112.3198443,36.31403848,3627727,113.51,2023-07-24,AZ,Grand Canyon,GRCA
5528,-113.7443965,48.5215396,3627862,1.0,2023-07-25,MT,Glacier,GLAC
5531,-112.0766782,36.03978846,3627886,0.1,2023-07-25,AZ,Grand Canyon,GRCA
5535,-112.2498443,36.08383845,3628255,0.1,2023-07-26,AZ,Grand Canyon,GRCA
5536,-110.6843119,43.68687745,3628306,0.1,2023-07-27,WY,Grand Teton,GRTE
5543,-113.8233466,48.73000661,3628743,0.1,2023-07-11,MT,Glacier,GLAC
5552,-112.5758444,36.44750548,3629044,0.5,2023-07-29,AZ,Grand Canyon,GRCA
5560,-114.3874638,48.98278957,3629386,0.1,2023-07-30,MT,Glacier,GLAC
5561,-113.8218466,48.75107361,3629502,0.1,2023-07-31,MT,Glacier,GLAC
5562,-83.56558806,35.44347682,3629525,0.1,2023-07-29,NC,Great Smoky Mountains,GRSM
5563,-114.1725467,48.87838958,3629530,0.1,2023-07-31,MT,Glacier,GLAC
5564,-110.6393119,43.75264246,3629679,0.1,2023-08-01,WY,Grand Teton,GRTE
5565,-109.769228,38.16280588,3629812,0.1,2023-08-01,UT,Canyonlands,CANY
5567,-103.0307779,29.50953288,3629874,0.25,2023-08-01,TX,Big Bend,BIBE
5577,-111.9735612,35.98003846,3630334,0.1,2023-08-02,AZ,Grand Canyon,GRCA
5581,-104.4163416,32.19341423,3630573,0.1,2023-08-03,NM,Carlsbad Caverns,CAVE
5582,-122.2349139,42.93054535,3630751,0.1,2023-08-04,OR,Crater Lake,CRLA
5583,-122.1593139,42.81116535,3630844,0.5,2023-08-05,OR,Crater Lake,CRLA
5584,-122.1750139,42.94284535,3630889,0.1,2023-08-05,OR,Crater Lake,CRLA
5585,-122.1390139,43.05261536,3630902,0.1,2023-08-05,OR,Crater Lake,CRLA
5589,-122.1089139,43.01028536,3632233,0.1,2023-08-10,OR,Crater Lake,CRLA
5590,-122.1044139,43.00838536,3632259,0.1,2023-08-10,OR,Crater Lake,CRLA
5593,-112.2103443,36.28600548,3633770,0.1,2023-08-12,AZ,Grand Canyon,GRCA
5594,-111.9726782,36.19600549,3633786,0.1,2023-08-12,AZ,Grand Canyon,GRCA
5603,-113.8232966,48.73005661,3634129,0.1,2023-08-02,MT,Glacier,GLAC
5609,-112.1363782,36.02850545,3634494,0.1,2023-08-15,AZ,Grand Canyon,GRCA
5616,-122.1400139,43.02442536,3634819,0.1,2023-08-16,OR,Crater Lake,CRLA
5617,-122.2611139,43.00136535,3634998,0.42,2023-08-17,OR,Crater Lake,CRLA
5618,-122.2616139,42.84338534,3635006,1.0,2023-08-17,OR,Crater Lake,CRLA
5623,-118.5937625,36.69967211,3635046,0.1,2023-08-17,CA,Kings Canyon,KICA
5627,-103.1563249,29.2133496,3635305,0.91,2023-08-18,TX,Big Bend,BIBE
5630,-122.1176139,42.99821536,3635640,0.1,2023-08-19,OR,Crater Lake,CRLA
5636,-122.1609139,43.03201536,3636081,0.25,2023-08-21,OR,Crater Lake,CRLA
5637,-122.2492139,42.83696534,3636082,0.1,2023-08-21,OR,Crater Lake,CRLA
5638,-122.0581139,42.89163536,3636092,0.5,2023-08-21,OR,Crater Lake,CRLA
5639,-122.0782139,43.05674537,3636125,1.0,2023-08-21,OR,Crater Lake,CRLA
5648,-121.9102976,46.78917262,3637085,0.25,2023-08-25,WA,Mount Rainier,MORA
5649,-121.8421346,46.73691562,3637227,0.25,2023-08-26,WA,Mount Rainier,MORA
5650,-122.0304139,42.93667537,3637350,0.1,2023-08-27,OR,Crater Lake,CRLA
5652,-121.9105146,46.79017262,3637614,0.1,2023-08-28,WA,Mount Rainier,MORA
5653,-121.9112636,46.78817662,3637615,0.1,2023-08-28,WA,Mount Rainier,MORA
5670,-118.7380295,36.96767213,3639700,0.1,2023-09-09,CA,Kings Canyon,KICA
5688,-112.2083613,36.25860548,3649003,5.27,2023-09-15,AZ,Grand Canyon,GRCA
5695,-112.1386283,36.05578846,3649664,0.1,2023-09-20,AZ,Grand Canyon,GRCA
5697,-122.1044829,42.81347735,3657527,1.0,2023-09-26,OR,Crater Lake,CRLA
5698,-83.78453212,35.45591782,3657643,6.14,2023-09-26,NC,Great Smoky Mountains,GRSM
5702,-103.1895036,28.98430385,3658276,14.08,2023-09-29,TX,Big Bend,BIBE
5709,-112.0456783,36.27795549,3660079,0.2,2023-10-17,AZ,Grand Canyon,GRCA
5713,-103.3330839,29.02825678,3660669,2.99,2023-10-19,TX,Big Bend,BIBE
5714,-118.9468876,36.7539731,3661085,0.1,2023-10-22,CA,Kings Canyon,KICA
5724,-103.1660369,29.23012183,3663094,0.1,2023-11-06,TX,Big Bend,BIBE
5733,-83.49617204,35.45949283,3665523,0.1,2023-11-20,NC,Great Smoky Mountains,GRSM
5734,-83.49336104,35.45596583,3665526,0.1,2023-11-20,NC,Great Smoky Mountains,GRSM
5735,-103.2813109,47.60315753,3665615,0.1,2023-11-24,ND,Theodore Roosevelt,THRO
5736,-103.2822109,47.60371753,3665730,0.1,2023-10-24,ND,Theodore Roosevelt,THRO
5746,-103.2378419,28.98450478,3668033,4.98,2023-12-15,TX,Big Bend,BIBE
5757,-103.3351759,29.01817178,3867047,6.0,2024-02-02,TX,Big Bend,BIBE
5761,-103.2995089,29.22566482,3874117,1341.45,2021-04-08,TX,Big Bend,BIBE
5774,-118.7357795,36.95690513,3970521,0.1,2023-08-14,CA,Kings Canyon,KICA
5777,-93.08173667,34.51025623,3995960,1.0,2024-02-15,AR,Hot Springs,HOSP
